case_id,query,draft_relevance,lexical_top_5,dense_top_5,hybrid_top_5,hybrid-rerank_top_5,mrr_delta,ndcg_at_10_delta,reviewed_labels,reviewer,notes,draft_positive_titles,lexical_top_5_titles,dense_top_5_titles,hybrid_top_5_titles,hybrid-rerank_top_5_titles
official-13-3,"Bachelor's or Master's degree in Computer Science, Computer/Electrical Engineering, or a related field","{""66a4c6d7e0904dd601e4054abef7eee96e6301da500323e2300ed9648b004074"": 3}","[""66a4c6d7e0904dd601e4054abef7eee96e6301da500323e2300ed9648b004074"", ""0a59a8a5defd9d4d8667a85f36f511c6a9d787070af1f561d8de7060399ebb0c"", ""186cda7db8c456bcf680e72f263bd4f0e8cda1ceb47984f0502a119b6cf30d67"", ""a348c6f5c005df2d721f2c06b4c51aa3c9caafade8e604315110fc5b4ed822b5"", ""2f0e3d2ed63dc83a4e3a6796d1e94a52d14431be5936849666e4872e9a0e5a73""]","[""a348c6f5c005df2d721f2c06b4c51aa3c9caafade8e604315110fc5b4ed822b5"", ""186cda7db8c456bcf680e72f263bd4f0e8cda1ceb47984f0502a119b6cf30d67"", ""819b7ab25d3641d3878a4f6e2dea005077f29528535c8a8aec9f727d904ed3c6"", ""b703c687faa83dff0253c44ec411d68cccda459db840e29fef3ad4f403e84f08"", ""3bf666c253c19894dbe27deb07d68ce3bd68efbe46903f1292a3806c56be640b""]","[""186cda7db8c456bcf680e72f263bd4f0e8cda1ceb47984f0502a119b6cf30d67"", ""a348c6f5c005df2d721f2c06b4c51aa3c9caafade8e604315110fc5b4ed822b5"", ""b703c687faa83dff0253c44ec411d68cccda459db840e29fef3ad4f403e84f08"", ""3bf666c253c19894dbe27deb07d68ce3bd68efbe46903f1292a3806c56be640b"", ""66a4c6d7e0904dd601e4054abef7eee96e6301da500323e2300ed9648b004074""]","[""0a59a8a5defd9d4d8667a85f36f511c6a9d787070af1f561d8de7060399ebb0c"", ""a348c6f5c005df2d721f2c06b4c51aa3c9caafade8e604315110fc5b4ed822b5"", ""3bf666c253c19894dbe27deb07d68ce3bd68efbe46903f1292a3806c56be640b"", ""186cda7db8c456bcf680e72f263bd4f0e8cda1ceb47984f0502a119b6cf30d67"", ""b703c687faa83dff0253c44ec411d68cccda459db840e29fef3ad4f403e84f08""]",-0.8571428571428572,-0.6666666666666666,,,,"Helix AI Engineer, Training Performance","Helix AI Engineer, Training Performance | Helix AI Engineer, Data Infrastructure | Connector & Interconnect Design Engineer | Software Engineer, Manufacturing Systems | Demand Planner","Software Engineer, Manufacturing Systems | Connector & Interconnect Design Engineer | State Estimation Engineer - Data Collection Systems | Manufacturing Software Test Engineer | Software Engineer, Privacy & Data Governance","Connector & Interconnect Design Engineer | Software Engineer, Manufacturing Systems | Manufacturing Software Test Engineer | Software Engineer, Privacy & Data Governance | Helix AI Engineer, Training Performance","Helix AI Engineer, Data Infrastructure | Software Engineer, Manufacturing Systems | Software Engineer, Privacy & Data Governance | Connector & Interconnect Design Engineer | Manufacturing Software Test Engineer"
official-18-3,5-10 years in Operations roles at startups and/or global corporations,"{""c157b426dd7167bc1359eecf26ec5fbc98b35e4202a41de9d6650964f9df3c17"": 3}","[""c157b426dd7167bc1359eecf26ec5fbc98b35e4202a41de9d6650964f9df3c17"", ""9658a47149b0ab24fc3f77d0f9fdaafaff266b273215443058230f74271f9549"", ""b73b922f4af1b2a2e4a3167943581b60aef9cf2340f022877c17699262b879eb"", ""75607eba04e4875b1dd4b218186a8a81de822a26baa6964e95582795cf4f282e"", ""5947300e1b20bb57f96311cc34e326bcc1ede855e9541ec6a204856612468417""]","[""c157b426dd7167bc1359eecf26ec5fbc98b35e4202a41de9d6650964f9df3c17"", ""9658a47149b0ab24fc3f77d0f9fdaafaff266b273215443058230f74271f9549"", ""a39440f627d72dfbfc52ba5e4663f2857cfc04e4e8a0f1497e74d63990542df0"", ""b73b922f4af1b2a2e4a3167943581b60aef9cf2340f022877c17699262b879eb"", ""75607eba04e4875b1dd4b218186a8a81de822a26baa6964e95582795cf4f282e""]","[""c157b426dd7167bc1359eecf26ec5fbc98b35e4202a41de9d6650964f9df3c17"", ""9658a47149b0ab24fc3f77d0f9fdaafaff266b273215443058230f74271f9549"", ""b73b922f4af1b2a2e4a3167943581b60aef9cf2340f022877c17699262b879eb"", ""75607eba04e4875b1dd4b218186a8a81de822a26baa6964e95582795cf4f282e"", ""5947300e1b20bb57f96311cc34e326bcc1ede855e9541ec6a204856612468417""]","[""b73b922f4af1b2a2e4a3167943581b60aef9cf2340f022877c17699262b879eb"", ""9658a47149b0ab24fc3f77d0f9fdaafaff266b273215443058230f74271f9549"", ""c157b426dd7167bc1359eecf26ec5fbc98b35e4202a41de9d6650964f9df3c17"", ""75607eba04e4875b1dd4b218186a8a81de822a26baa6964e95582795cf4f282e"", ""a39440f627d72dfbfc52ba5e4663f2857cfc04e4e8a0f1497e74d63990542df0""]",-0.6666666666666667,-0.5,,,,"Lead, Data Operations Global Expansion","Lead, Data Operations Global Expansion | AI Data Operations Manager | Data Strategy Associate | Associate General Counsel, Commercial | Project Coordinator, Data Quality","Lead, Data Operations Global Expansion | AI Data Operations Manager | Deployment Logistics Lead | Data Strategy Associate | Associate General Counsel, Commercial","Lead, Data Operations Global Expansion | AI Data Operations Manager | Data Strategy Associate | Associate General Counsel, Commercial | Project Coordinator, Data Quality","Data Strategy Associate | AI Data Operations Manager | Lead, Data Operations Global Expansion | Associate General Counsel, Commercial | Deployment Logistics Lead"
official-09-1,"Helix AI Engineer, Perception","{""3cff0238e9827ea8937e6bcbb0a6cc3e2cc5e5ea7ba7597bacb353d3de745bbe"": 3}","[""3cff0238e9827ea8937e6bcbb0a6cc3e2cc5e5ea7ba7597bacb353d3de745bbe"", ""0a0fc1829659ebd979c603141aaea41d021b93f09dc893d3d9bbd68efaeefbdc"", ""79f5841c81f7ac714712f4d3ef1979d7e41748673024dfc15606019cd63d3958"", ""02f16aa9d32c2123cc848e69fa4f5a6acc5eaa789f5291dd40f0f63379c39974"", ""ea07724278be54b49fb0ffb4f22d5faf0b148d07979bb36082323bafa66fc448""]","[""3cff0238e9827ea8937e6bcbb0a6cc3e2cc5e5ea7ba7597bacb353d3de745bbe"", ""0a0fc1829659ebd979c603141aaea41d021b93f09dc893d3d9bbd68efaeefbdc"", ""ea07724278be54b49fb0ffb4f22d5faf0b148d07979bb36082323bafa66fc448"", ""79f5841c81f7ac714712f4d3ef1979d7e41748673024dfc15606019cd63d3958"", ""02f16aa9d32c2123cc848e69fa4f5a6acc5eaa789f5291dd40f0f63379c39974""]","[""3cff0238e9827ea8937e6bcbb0a6cc3e2cc5e5ea7ba7597bacb353d3de745bbe"", ""0a0fc1829659ebd979c603141aaea41d021b93f09dc893d3d9bbd68efaeefbdc"", ""79f5841c81f7ac714712f4d3ef1979d7e41748673024dfc15606019cd63d3958"", ""02f16aa9d32c2123cc848e69fa4f5a6acc5eaa789f5291dd40f0f63379c39974"", ""ea07724278be54b49fb0ffb4f22d5faf0b148d07979bb36082323bafa66fc448""]","[""0a0fc1829659ebd979c603141aaea41d021b93f09dc893d3d9bbd68efaeefbdc"", ""3cff0238e9827ea8937e6bcbb0a6cc3e2cc5e5ea7ba7597bacb353d3de745bbe"", ""79f5841c81f7ac714712f4d3ef1979d7e41748673024dfc15606019cd63d3958"", ""02f16aa9d32c2123cc848e69fa4f5a6acc5eaa789f5291dd40f0f63379c39974"", ""0a8ae0080aed861331479e76665c99325ed73c480103a34202fab31735988354""]",-0.5,-0.36907024642854247,,,,"Helix AI Engineer, Perception","Helix AI Engineer, Perception | Helix AI Engineer, Modeling | Helix AI Engineer, Generative AI | Helix AI Engineer, Video Pretraining | Helix AI Engineer, Pretraining","Helix AI Engineer, Perception | Helix AI Engineer, Modeling | Helix AI Engineer, Pretraining | Helix AI Engineer, Generative AI | Helix AI Engineer, Video Pretraining","Helix AI Engineer, Perception | Helix AI Engineer, Modeling | Helix AI Engineer, Generative AI | Helix AI Engineer, Video Pretraining | Helix AI Engineer, Pretraining","Helix AI Engineer, Modeling | Helix AI Engineer, Perception | Helix AI Engineer, Generative AI | Helix AI Engineer, Video Pretraining | Helix AI Engineer, Robot Learning"
official-12-1,"Helix AI Engineer, Robot Learning","{""0a8ae0080aed861331479e76665c99325ed73c480103a34202fab31735988354"": 3}","[""0a8ae0080aed861331479e76665c99325ed73c480103a34202fab31735988354"", ""c1c05a8ba13a2926c42f725703c98fe23d061fca1b941341c82c68fd09fc1527"", ""0a0fc1829659ebd979c603141aaea41d021b93f09dc893d3d9bbd68efaeefbdc"", ""ea07724278be54b49fb0ffb4f22d5faf0b148d07979bb36082323bafa66fc448"", ""02f16aa9d32c2123cc848e69fa4f5a6acc5eaa789f5291dd40f0f63379c39974""]","[""0a8ae0080aed861331479e76665c99325ed73c480103a34202fab31735988354"", ""0a0fc1829659ebd979c603141aaea41d021b93f09dc893d3d9bbd68efaeefbdc"", ""c1c05a8ba13a2926c42f725703c98fe23d061fca1b941341c82c68fd09fc1527"", ""79f5841c81f7ac714712f4d3ef1979d7e41748673024dfc15606019cd63d3958"", ""ea07724278be54b49fb0ffb4f22d5faf0b148d07979bb36082323bafa66fc448""]","[""0a8ae0080aed861331479e76665c99325ed73c480103a34202fab31735988354"", ""0a0fc1829659ebd979c603141aaea41d021b93f09dc893d3d9bbd68efaeefbdc"", ""c1c05a8ba13a2926c42f725703c98fe23d061fca1b941341c82c68fd09fc1527"", ""ea07724278be54b49fb0ffb4f22d5faf0b148d07979bb36082323bafa66fc448"", ""79f5841c81f7ac714712f4d3ef1979d7e41748673024dfc15606019cd63d3958""]","[""0a0fc1829659ebd979c603141aaea41d021b93f09dc893d3d9bbd68efaeefbdc"", ""0a8ae0080aed861331479e76665c99325ed73c480103a34202fab31735988354"", ""c1c05a8ba13a2926c42f725703c98fe23d061fca1b941341c82c68fd09fc1527"", ""79f5841c81f7ac714712f4d3ef1979d7e41748673024dfc15606019cd63d3958"", ""02f16aa9d32c2123cc848e69fa4f5a6acc5eaa789f5291dd40f0f63379c39974""]",-0.5,-0.36907024642854247,,,,"Helix AI Engineer, Robot Learning","Helix AI Engineer, Robot Learning | Helix AI Engineer, Reinforcement Learning | Helix AI Engineer, Modeling | Helix AI Engineer, Pretraining | Helix AI Engineer, Video Pretraining","Helix AI Engineer, Robot Learning | Helix AI Engineer, Modeling | Helix AI Engineer, Reinforcement Learning | Helix AI Engineer, Generative AI | Helix AI Engineer, Pretraining","Helix AI Engineer, Robot Learning | Helix AI Engineer, Modeling | Helix AI Engineer, Reinforcement Learning | Helix AI Engineer, Pretraining | Helix AI Engineer, Generative AI","Helix AI Engineer, Modeling | Helix AI Engineer, Robot Learning | Helix AI Engineer, Reinforcement Learning | Helix AI Engineer, Generative AI | Helix AI Engineer, Video Pretraining"
official-15-4,Find roles focused on Helix Data Creator,"{""23731858c455419d59ce5792533ec8a179c6327cdadbcf49ea15e73c1c081bba"": 3}","[""23731858c455419d59ce5792533ec8a179c6327cdadbcf49ea15e73c1c081bba"", ""1f9f2467de3e4708c9577641bda5d53235417f44365da66ec663e0915b9106e5"", ""b77e6b3d7caede0bfbcf4d62df9841a707956651099051cf4de62dd3a2a3599e"", ""0a59a8a5defd9d4d8667a85f36f511c6a9d787070af1f561d8de7060399ebb0c"", ""66a4c6d7e0904dd601e4054abef7eee96e6301da500323e2300ed9648b004074""]","[""1f9f2467de3e4708c9577641bda5d53235417f44365da66ec663e0915b9106e5"", ""23731858c455419d59ce5792533ec8a179c6327cdadbcf49ea15e73c1c081bba"", ""79f5841c81f7ac714712f4d3ef1979d7e41748673024dfc15606019cd63d3958"", ""0a0fc1829659ebd979c603141aaea41d021b93f09dc893d3d9bbd68efaeefbdc"", ""c1c05a8ba13a2926c42f725703c98fe23d061fca1b941341c82c68fd09fc1527""]","[""23731858c455419d59ce5792533ec8a179c6327cdadbcf49ea15e73c1c081bba"", ""1f9f2467de3e4708c9577641bda5d53235417f44365da66ec663e0915b9106e5"", ""0a59a8a5defd9d4d8667a85f36f511c6a9d787070af1f561d8de7060399ebb0c"", ""b77e6b3d7caede0bfbcf4d62df9841a707956651099051cf4de62dd3a2a3599e"", ""79f5841c81f7ac714712f4d3ef1979d7e41748673024dfc15606019cd63d3958""]","[""1f9f2467de3e4708c9577641bda5d53235417f44365da66ec663e0915b9106e5"", ""23731858c455419d59ce5792533ec8a179c6327cdadbcf49ea15e73c1c081bba"", ""0a59a8a5defd9d4d8667a85f36f511c6a9d787070af1f561d8de7060399ebb0c"", ""79f5841c81f7ac714712f4d3ef1979d7e41748673024dfc15606019cd63d3958"", ""66a4c6d7e0904dd601e4054abef7eee96e6301da500323e2300ed9648b004074""]",-0.5,-0.36907024642854247,,,,Helix Data Creator,"Helix Data Creator | Helix Data Creator | Humanoid Robot Operator & Data Creator — Fontana, CA (Customer Site) | Helix AI Engineer, Data Infrastructure | Helix AI Engineer, Training Performance","Helix Data Creator | Helix Data Creator | Helix AI Engineer, Generative AI | Helix AI Engineer, Modeling | Helix AI Engineer, Reinforcement Learning","Helix Data Creator | Helix Data Creator | Helix AI Engineer, Data Infrastructure | Humanoid Robot Operator & Data Creator — Fontana, CA (Customer Site) | Helix AI Engineer, Generative AI","Helix Data Creator | Helix Data Creator | Helix AI Engineer, Data Infrastructure | Helix AI Engineer, Generative AI | Helix AI Engineer, Training Performance"
official-16-2,"Data collection: Wear sensor suits to perform repetitive, precise physical movements (walking, lifting, reaching) that guide the robot and generate training data, for up to 8 hours per shift.","{""1f9f2467de3e4708c9577641bda5d53235417f44365da66ec663e0915b9106e5"": 3}","[""1f9f2467de3e4708c9577641bda5d53235417f44365da66ec663e0915b9106e5"", ""23731858c455419d59ce5792533ec8a179c6327cdadbcf49ea15e73c1c081bba"", ""b77e6b3d7caede0bfbcf4d62df9841a707956651099051cf4de62dd3a2a3599e"", ""a39440f627d72dfbfc52ba5e4663f2857cfc04e4e8a0f1497e74d63990542df0"", ""66a4c6d7e0904dd601e4054abef7eee96e6301da500323e2300ed9648b004074""]","[""1f9f2467de3e4708c9577641bda5d53235417f44365da66ec663e0915b9106e5"", ""23731858c455419d59ce5792533ec8a179c6327cdadbcf49ea15e73c1c081bba"", ""819b7ab25d3641d3878a4f6e2dea005077f29528535c8a8aec9f727d904ed3c6"", ""e06e31c66b7ffa4e84f45cff09e46a9f58c4828c0a53239e6022a8011e6731c7"", ""b73b922f4af1b2a2e4a3167943581b60aef9cf2340f022877c17699262b879eb""]","[""1f9f2467de3e4708c9577641bda5d53235417f44365da66ec663e0915b9106e5"", ""23731858c455419d59ce5792533ec8a179c6327cdadbcf49ea15e73c1c081bba"", ""b77e6b3d7caede0bfbcf4d62df9841a707956651099051cf4de62dd3a2a3599e"", ""a39440f627d72dfbfc52ba5e4663f2857cfc04e4e8a0f1497e74d63990542df0"", ""819b7ab25d3641d3878a4f6e2dea005077f29528535c8a8aec9f727d904ed3c6""]","[""23731858c455419d59ce5792533ec8a179c6327cdadbcf49ea15e73c1c081bba"", ""1f9f2467de3e4708c9577641bda5d53235417f44365da66ec663e0915b9106e5"", ""b77e6b3d7caede0bfbcf4d62df9841a707956651099051cf4de62dd3a2a3599e"", ""b73b922f4af1b2a2e4a3167943581b60aef9cf2340f022877c17699262b879eb"", ""e06e31c66b7ffa4e84f45cff09e46a9f58c4828c0a53239e6022a8011e6731c7""]",-0.5,-0.36907024642854247,,,,Helix Data Creator,"Helix Data Creator | Helix Data Creator | Humanoid Robot Operator & Data Creator — Fontana, CA (Customer Site) | Deployment Logistics Lead | Helix AI Engineer, Training Performance",Helix Data Creator | Helix Data Creator | State Estimation Engineer - Data Collection Systems | Deployment Engineer (Data Collection) | Data Strategy Associate,"Helix Data Creator | Helix Data Creator | Humanoid Robot Operator & Data Creator — Fontana, CA (Customer Site) | Deployment Logistics Lead | State Estimation Engineer - Data Collection Systems","Helix Data Creator | Helix Data Creator | Humanoid Robot Operator & Data Creator — Fontana, CA (Customer Site) | Data Strategy Associate | Deployment Engineer (Data Collection)"
official-18-2,"Day one, you will own Figure’s data operations expansion: the strategy for where we go next and the team that gets us there. You’ll stand up new sites against volume, quality, and velocity targets, build the playbook that makes each launch faster than the last, and partner across engineering, product, and ops to make it happen. Specific responsibilities include:","{""c157b426dd7167bc1359eecf26ec5fbc98b35e4202a41de9d6650964f9df3c17"": 3}","[""c157b426dd7167bc1359eecf26ec5fbc98b35e4202a41de9d6650964f9df3c17"", ""9658a47149b0ab24fc3f77d0f9fdaafaff266b273215443058230f74271f9549"", ""a39440f627d72dfbfc52ba5e4663f2857cfc04e4e8a0f1497e74d63990542df0"", ""b77e6b3d7caede0bfbcf4d62df9841a707956651099051cf4de62dd3a2a3599e"", ""2f0e3d2ed63dc83a4e3a6796d1e94a52d14431be5936849666e4872e9a0e5a73""]","[""c157b426dd7167bc1359eecf26ec5fbc98b35e4202a41de9d6650964f9df3c17"", ""9658a47149b0ab24fc3f77d0f9fdaafaff266b273215443058230f74271f9549"", ""2f0e3d2ed63dc83a4e3a6796d1e94a52d14431be5936849666e4872e9a0e5a73"", ""a39440f627d72dfbfc52ba5e4663f2857cfc04e4e8a0f1497e74d63990542df0"", ""e06e31c66b7ffa4e84f45cff09e46a9f58c4828c0a53239e6022a8011e6731c7""]","[""c157b426dd7167bc1359eecf26ec5fbc98b35e4202a41de9d6650964f9df3c17"", ""9658a47149b0ab24fc3f77d0f9fdaafaff266b273215443058230f74271f9549"", ""a39440f627d72dfbfc52ba5e4663f2857cfc04e4e8a0f1497e74d63990542df0"", ""2f0e3d2ed63dc83a4e3a6796d1e94a52d14431be5936849666e4872e9a0e5a73"", ""b77e6b3d7caede0bfbcf4d62df9841a707956651099051cf4de62dd3a2a3599e""]","[""9658a47149b0ab24fc3f77d0f9fdaafaff266b273215443058230f74271f9549"", ""c157b426dd7167bc1359eecf26ec5fbc98b35e4202a41de9d6650964f9df3c17"", ""b73b922f4af1b2a2e4a3167943581b60aef9cf2340f022877c17699262b879eb"", ""a39440f627d72dfbfc52ba5e4663f2857cfc04e4e8a0f1497e74d63990542df0"", ""2f0e3d2ed63dc83a4e3a6796d1e94a52d14431be5936849666e4872e9a0e5a73""]",-0.5,-0.36907024642854247,,,,"Lead, Data Operations Global Expansion","Lead, Data Operations Global Expansion | AI Data Operations Manager | Deployment Logistics Lead | Humanoid Robot Operator & Data Creator — Fontana, CA (Customer Site) | Demand Planner","Lead, Data Operations Global Expansion | AI Data Operations Manager | Demand Planner | Deployment Logistics Lead | Deployment Engineer (Data Collection)","Lead, Data Operations Global Expansion | AI Data Operations Manager | Deployment Logistics Lead | Demand Planner | Humanoid Robot Operator & Data Creator — Fontana, CA (Customer Site)","AI Data Operations Manager | Lead, Data Operations Global Expansion | Data Strategy Associate | Deployment Logistics Lead | Demand Planner"
official-18-5,"岗位职责匹配：Day one, you will own Figure’s data operations expansion: the strategy for where we go next and the team that gets us there. You’ll stand up new sites against volume, quality, and velocity targets, build the playbook that makes each launch faster than the last, and partner across engineering, product, and ops to make it happen. Specific responsibilities include:","{""c157b426dd7167bc1359eecf26ec5fbc98b35e4202a41de9d6650964f9df3c17"": 3}","[""c157b426dd7167bc1359eecf26ec5fbc98b35e4202a41de9d6650964f9df3c17"", ""9658a47149b0ab24fc3f77d0f9fdaafaff266b273215443058230f74271f9549"", ""a39440f627d72dfbfc52ba5e4663f2857cfc04e4e8a0f1497e74d63990542df0"", ""b77e6b3d7caede0bfbcf4d62df9841a707956651099051cf4de62dd3a2a3599e"", ""2f0e3d2ed63dc83a4e3a6796d1e94a52d14431be5936849666e4872e9a0e5a73""]","[""c157b426dd7167bc1359eecf26ec5fbc98b35e4202a41de9d6650964f9df3c17"", ""9658a47149b0ab24fc3f77d0f9fdaafaff266b273215443058230f74271f9549"", ""2f0e3d2ed63dc83a4e3a6796d1e94a52d14431be5936849666e4872e9a0e5a73"", ""a39440f627d72dfbfc52ba5e4663f2857cfc04e4e8a0f1497e74d63990542df0"", ""e06e31c66b7ffa4e84f45cff09e46a9f58c4828c0a53239e6022a8011e6731c7""]","[""c157b426dd7167bc1359eecf26ec5fbc98b35e4202a41de9d6650964f9df3c17"", ""9658a47149b0ab24fc3f77d0f9fdaafaff266b273215443058230f74271f9549"", ""a39440f627d72dfbfc52ba5e4663f2857cfc04e4e8a0f1497e74d63990542df0"", ""2f0e3d2ed63dc83a4e3a6796d1e94a52d14431be5936849666e4872e9a0e5a73"", ""b77e6b3d7caede0bfbcf4d62df9841a707956651099051cf4de62dd3a2a3599e""]","[""9658a47149b0ab24fc3f77d0f9fdaafaff266b273215443058230f74271f9549"", ""c157b426dd7167bc1359eecf26ec5fbc98b35e4202a41de9d6650964f9df3c17"", ""b73b922f4af1b2a2e4a3167943581b60aef9cf2340f022877c17699262b879eb"", ""a39440f627d72dfbfc52ba5e4663f2857cfc04e4e8a0f1497e74d63990542df0"", ""819b7ab25d3641d3878a4f6e2dea005077f29528535c8a8aec9f727d904ed3c6""]",-0.5,-0.36907024642854247,,,,"Lead, Data Operations Global Expansion","Lead, Data Operations Global Expansion | AI Data Operations Manager | Deployment Logistics Lead | Humanoid Robot Operator & Data Creator — Fontana, CA (Customer Site) | Demand Planner","Lead, Data Operations Global Expansion | AI Data Operations Manager | Demand Planner | Deployment Logistics Lead | Deployment Engineer (Data Collection)","Lead, Data Operations Global Expansion | AI Data Operations Manager | Deployment Logistics Lead | Demand Planner | Humanoid Robot Operator & Data Creator — Fontana, CA (Customer Site)","AI Data Operations Manager | Lead, Data Operations Global Expansion | Data Strategy Associate | Deployment Logistics Lead | State Estimation Engineer - Data Collection Systems"
official-01-1,AI Data Operations Manager,"{""9658a47149b0ab24fc3f77d0f9fdaafaff266b273215443058230f74271f9549"": 3}","[""9658a47149b0ab24fc3f77d0f9fdaafaff266b273215443058230f74271f9549"", ""b73b922f4af1b2a2e4a3167943581b60aef9cf2340f022877c17699262b879eb"", ""c157b426dd7167bc1359eecf26ec5fbc98b35e4202a41de9d6650964f9df3c17"", ""a39440f627d72dfbfc52ba5e4663f2857cfc04e4e8a0f1497e74d63990542df0"", ""b77e6b3d7caede0bfbcf4d62df9841a707956651099051cf4de62dd3a2a3599e""]","[""9658a47149b0ab24fc3f77d0f9fdaafaff266b273215443058230f74271f9549"", ""b73b922f4af1b2a2e4a3167943581b60aef9cf2340f022877c17699262b879eb"", ""c157b426dd7167bc1359eecf26ec5fbc98b35e4202a41de9d6650964f9df3c17"", ""5947300e1b20bb57f96311cc34e326bcc1ede855e9541ec6a204856612468417"", ""0a59a8a5defd9d4d8667a85f36f511c6a9d787070af1f561d8de7060399ebb0c""]","[""9658a47149b0ab24fc3f77d0f9fdaafaff266b273215443058230f74271f9549"", ""b73b922f4af1b2a2e4a3167943581b60aef9cf2340f022877c17699262b879eb"", ""c157b426dd7167bc1359eecf26ec5fbc98b35e4202a41de9d6650964f9df3c17"", ""b77e6b3d7caede0bfbcf4d62df9841a707956651099051cf4de62dd3a2a3599e"", ""5947300e1b20bb57f96311cc34e326bcc1ede855e9541ec6a204856612468417""]","[""9658a47149b0ab24fc3f77d0f9fdaafaff266b273215443058230f74271f9549"", ""c157b426dd7167bc1359eecf26ec5fbc98b35e4202a41de9d6650964f9df3c17"", ""b73b922f4af1b2a2e4a3167943581b60aef9cf2340f022877c17699262b879eb"", ""a39440f627d72dfbfc52ba5e4663f2857cfc04e4e8a0f1497e74d63990542df0"", ""b77e6b3d7caede0bfbcf4d62df9841a707956651099051cf4de62dd3a2a3599e""]",0.0,0.0,,,,AI Data Operations Manager,"AI Data Operations Manager | Data Strategy Associate | Lead, Data Operations Global Expansion | Deployment Logistics Lead | Humanoid Robot Operator & Data Creator — Fontana, CA (Customer Site)","AI Data Operations Manager | Data Strategy Associate | Lead, Data Operations Global Expansion | Project Coordinator, Data Quality | Helix AI Engineer, Data Infrastructure","AI Data Operations Manager | Data Strategy Associate | Lead, Data Operations Global Expansion | Humanoid Robot Operator & Data Creator — Fontana, CA (Customer Site) | Project Coordinator, Data Quality","AI Data Operations Manager | Lead, Data Operations Global Expansion | Data Strategy Associate | Deployment Logistics Lead | Humanoid Robot Operator & Data Creator — Fontana, CA (Customer Site)"
official-01-2,"Day one, you will own a meaningful piece of Figure's data collection operation. You'll be hitting volume, quality, and velocity targets, building the systems that get us there, and partnering across engineering, product, and ops to make it happen. Specific responsibilities include:","{""9658a47149b0ab24fc3f77d0f9fdaafaff266b273215443058230f74271f9549"": 3}","[""9658a47149b0ab24fc3f77d0f9fdaafaff266b273215443058230f74271f9549"", ""c157b426dd7167bc1359eecf26ec5fbc98b35e4202a41de9d6650964f9df3c17"", ""a39440f627d72dfbfc52ba5e4663f2857cfc04e4e8a0f1497e74d63990542df0"", ""1f9f2467de3e4708c9577641bda5d53235417f44365da66ec663e0915b9106e5"", ""23731858c455419d59ce5792533ec8a179c6327cdadbcf49ea15e73c1c081bba""]","[""c157b426dd7167bc1359eecf26ec5fbc98b35e4202a41de9d6650964f9df3c17"", ""9658a47149b0ab24fc3f77d0f9fdaafaff266b273215443058230f74271f9549"", ""2f0e3d2ed63dc83a4e3a6796d1e94a52d14431be5936849666e4872e9a0e5a73"", ""e06e31c66b7ffa4e84f45cff09e46a9f58c4828c0a53239e6022a8011e6731c7"", ""5947300e1b20bb57f96311cc34e326bcc1ede855e9541ec6a204856612468417""]","[""9658a47149b0ab24fc3f77d0f9fdaafaff266b273215443058230f74271f9549"", ""c157b426dd7167bc1359eecf26ec5fbc98b35e4202a41de9d6650964f9df3c17"", ""2f0e3d2ed63dc83a4e3a6796d1e94a52d14431be5936849666e4872e9a0e5a73"", ""a39440f627d72dfbfc52ba5e4663f2857cfc04e4e8a0f1497e74d63990542df0"", ""1f9f2467de3e4708c9577641bda5d53235417f44365da66ec663e0915b9106e5""]","[""9658a47149b0ab24fc3f77d0f9fdaafaff266b273215443058230f74271f9549"", ""c157b426dd7167bc1359eecf26ec5fbc98b35e4202a41de9d6650964f9df3c17"", ""b73b922f4af1b2a2e4a3167943581b60aef9cf2340f022877c17699262b879eb"", ""1f9f2467de3e4708c9577641bda5d53235417f44365da66ec663e0915b9106e5"", ""819b7ab25d3641d3878a4f6e2dea005077f29528535c8a8aec9f727d904ed3c6""]",0.0,0.0,,,,AI Data Operations Manager,"AI Data Operations Manager | Lead, Data Operations Global Expansion | Deployment Logistics Lead | Helix Data Creator | Helix Data Creator","Lead, Data Operations Global Expansion | AI Data Operations Manager | Demand Planner | Deployment Engineer (Data Collection) | Project Coordinator, Data Quality","AI Data Operations Manager | Lead, Data Operations Global Expansion | Demand Planner | Deployment Logistics Lead | Helix Data Creator","AI Data Operations Manager | Lead, Data Operations Global Expansion | Data Strategy Associate | Helix Data Creator | State Estimation Engineer - Data Collection Systems"
official-01-3,"4+ years in investment banking, management consulting, corporate development, growth, or startup operations roles, ideally with exposure to a frontier technology business","{""9658a47149b0ab24fc3f77d0f9fdaafaff266b273215443058230f74271f9549"": 3}","[""9658a47149b0ab24fc3f77d0f9fdaafaff266b273215443058230f74271f9549"", ""b73b922f4af1b2a2e4a3167943581b60aef9cf2340f022877c17699262b879eb"", ""2f0e3d2ed63dc83a4e3a6796d1e94a52d14431be5936849666e4872e9a0e5a73"", ""75607eba04e4875b1dd4b218186a8a81de822a26baa6964e95582795cf4f282e"", ""c157b426dd7167bc1359eecf26ec5fbc98b35e4202a41de9d6650964f9df3c17""]","[""a348c6f5c005df2d721f2c06b4c51aa3c9caafade8e604315110fc5b4ed822b5"", ""75607eba04e4875b1dd4b218186a8a81de822a26baa6964e95582795cf4f282e"", ""c157b426dd7167bc1359eecf26ec5fbc98b35e4202a41de9d6650964f9df3c17"", ""9658a47149b0ab24fc3f77d0f9fdaafaff266b273215443058230f74271f9549"", ""a39440f627d72dfbfc52ba5e4663f2857cfc04e4e8a0f1497e74d63990542df0""]","[""9658a47149b0ab24fc3f77d0f9fdaafaff266b273215443058230f74271f9549"", ""75607eba04e4875b1dd4b218186a8a81de822a26baa6964e95582795cf4f282e"", ""c157b426dd7167bc1359eecf26ec5fbc98b35e4202a41de9d6650964f9df3c17"", ""b73b922f4af1b2a2e4a3167943581b60aef9cf2340f022877c17699262b879eb"", ""5947300e1b20bb57f96311cc34e326bcc1ede855e9541ec6a204856612468417""]","[""9658a47149b0ab24fc3f77d0f9fdaafaff266b273215443058230f74271f9549"", ""b73b922f4af1b2a2e4a3167943581b60aef9cf2340f022877c17699262b879eb"", ""75607eba04e4875b1dd4b218186a8a81de822a26baa6964e95582795cf4f282e"", ""2f0e3d2ed63dc83a4e3a6796d1e94a52d14431be5936849666e4872e9a0e5a73"", ""5947300e1b20bb57f96311cc34e326bcc1ede855e9541ec6a204856612468417""]",0.0,0.0,,,,AI Data Operations Manager,"AI Data Operations Manager | Data Strategy Associate | Demand Planner | Associate General Counsel, Commercial | Lead, Data Operations Global Expansion","Software Engineer, Manufacturing Systems | Associate General Counsel, Commercial | Lead, Data Operations Global Expansion | AI Data Operations Manager | Deployment Logistics Lead","AI Data Operations Manager | Associate General Counsel, Commercial | Lead, Data Operations Global Expansion | Data Strategy Associate | Project Coordinator, Data Quality","AI Data Operations Manager | Data Strategy Associate | Associate General Counsel, Commercial | Demand Planner | Project Coordinator, Data Quality"
official-01-4,Find roles focused on AI Data Operations Manager,"{""9658a47149b0ab24fc3f77d0f9fdaafaff266b273215443058230f74271f9549"": 3}","[""9658a47149b0ab24fc3f77d0f9fdaafaff266b273215443058230f74271f9549"", ""b73b922f4af1b2a2e4a3167943581b60aef9cf2340f022877c17699262b879eb"", ""b77e6b3d7caede0bfbcf4d62df9841a707956651099051cf4de62dd3a2a3599e"", ""23731858c455419d59ce5792533ec8a179c6327cdadbcf49ea15e73c1c081bba"", ""c157b426dd7167bc1359eecf26ec5fbc98b35e4202a41de9d6650964f9df3c17""]","[""9658a47149b0ab24fc3f77d0f9fdaafaff266b273215443058230f74271f9549"", ""c157b426dd7167bc1359eecf26ec5fbc98b35e4202a41de9d6650964f9df3c17"", ""b73b922f4af1b2a2e4a3167943581b60aef9cf2340f022877c17699262b879eb"", ""5947300e1b20bb57f96311cc34e326bcc1ede855e9541ec6a204856612468417"", ""b77e6b3d7caede0bfbcf4d62df9841a707956651099051cf4de62dd3a2a3599e""]","[""9658a47149b0ab24fc3f77d0f9fdaafaff266b273215443058230f74271f9549"", ""b73b922f4af1b2a2e4a3167943581b60aef9cf2340f022877c17699262b879eb"", ""b77e6b3d7caede0bfbcf4d62df9841a707956651099051cf4de62dd3a2a3599e"", ""c157b426dd7167bc1359eecf26ec5fbc98b35e4202a41de9d6650964f9df3c17"", ""5947300e1b20bb57f96311cc34e326bcc1ede855e9541ec6a204856612468417""]","[""9658a47149b0ab24fc3f77d0f9fdaafaff266b273215443058230f74271f9549"", ""c157b426dd7167bc1359eecf26ec5fbc98b35e4202a41de9d6650964f9df3c17"", ""b73b922f4af1b2a2e4a3167943581b60aef9cf2340f022877c17699262b879eb"", ""a39440f627d72dfbfc52ba5e4663f2857cfc04e4e8a0f1497e74d63990542df0"", ""23731858c455419d59ce5792533ec8a179c6327cdadbcf49ea15e73c1c081bba""]",0.0,0.0,,,,AI Data Operations Manager,"AI Data Operations Manager | Data Strategy Associate | Humanoid Robot Operator & Data Creator — Fontana, CA (Customer Site) | Helix Data Creator | Lead, Data Operations Global Expansion","AI Data Operations Manager | Lead, Data Operations Global Expansion | Data Strategy Associate | Project Coordinator, Data Quality | Humanoid Robot Operator & Data Creator — Fontana, CA (Customer Site)","AI Data Operations Manager | Data Strategy Associate | Humanoid Robot Operator & Data Creator — Fontana, CA (Customer Site) | Lead, Data Operations Global Expansion | Project Coordinator, Data Quality","AI Data Operations Manager | Lead, Data Operations Global Expansion | Data Strategy Associate | Deployment Logistics Lead | Helix Data Creator"
official-01-5,"岗位职责匹配：Day one, you will own a meaningful piece of Figure's data collection operation. You'll be hitting volume, quality, and velocity targets, building the systems that get us there, and partnering across engineering, product, and ops to make it happen. Specific responsibilities include:","{""9658a47149b0ab24fc3f77d0f9fdaafaff266b273215443058230f74271f9549"": 3}","[""9658a47149b0ab24fc3f77d0f9fdaafaff266b273215443058230f74271f9549"", ""c157b426dd7167bc1359eecf26ec5fbc98b35e4202a41de9d6650964f9df3c17"", ""a39440f627d72dfbfc52ba5e4663f2857cfc04e4e8a0f1497e74d63990542df0"", ""1f9f2467de3e4708c9577641bda5d53235417f44365da66ec663e0915b9106e5"", ""23731858c455419d59ce5792533ec8a179c6327cdadbcf49ea15e73c1c081bba""]","[""9658a47149b0ab24fc3f77d0f9fdaafaff266b273215443058230f74271f9549"", ""2f0e3d2ed63dc83a4e3a6796d1e94a52d14431be5936849666e4872e9a0e5a73"", ""c157b426dd7167bc1359eecf26ec5fbc98b35e4202a41de9d6650964f9df3c17"", ""e06e31c66b7ffa4e84f45cff09e46a9f58c4828c0a53239e6022a8011e6731c7"", ""5947300e1b20bb57f96311cc34e326bcc1ede855e9541ec6a204856612468417""]","[""9658a47149b0ab24fc3f77d0f9fdaafaff266b273215443058230f74271f9549"", ""c157b426dd7167bc1359eecf26ec5fbc98b35e4202a41de9d6650964f9df3c17"", ""2f0e3d2ed63dc83a4e3a6796d1e94a52d14431be5936849666e4872e9a0e5a73"", ""a39440f627d72dfbfc52ba5e4663f2857cfc04e4e8a0f1497e74d63990542df0"", ""1f9f2467de3e4708c9577641bda5d53235417f44365da66ec663e0915b9106e5""]","[""9658a47149b0ab24fc3f77d0f9fdaafaff266b273215443058230f74271f9549"", ""c157b426dd7167bc1359eecf26ec5fbc98b35e4202a41de9d6650964f9df3c17"", ""b73b922f4af1b2a2e4a3167943581b60aef9cf2340f022877c17699262b879eb"", ""e06e31c66b7ffa4e84f45cff09e46a9f58c4828c0a53239e6022a8011e6731c7"", ""1f9f2467de3e4708c9577641bda5d53235417f44365da66ec663e0915b9106e5""]",0.0,0.0,,,,AI Data Operations Manager,"AI Data Operations Manager | Lead, Data Operations Global Expansion | Deployment Logistics Lead | Helix Data Creator | Helix Data Creator","AI Data Operations Manager | Demand Planner | Lead, Data Operations Global Expansion | Deployment Engineer (Data Collection) | Project Coordinator, Data Quality","AI Data Operations Manager | Lead, Data Operations Global Expansion | Demand Planner | Deployment Logistics Lead | Helix Data Creator","AI Data Operations Manager | Lead, Data Operations Global Expansion | Data Strategy Associate | Deployment Engineer (Data Collection) | Helix Data Creator"
official-02-1,AI Training Infrastructure Engineer – Humanoid Whole Body Control,"{""372b8d981e9a118724699820ec99464d3cef1b5afecb3504bd5984e0d20cf86e"": 3}","[""372b8d981e9a118724699820ec99464d3cef1b5afecb3504bd5984e0d20cf86e"", ""0ee9c05cd018d22c3efa9f1a4c05e212a812157fd1c750bcf313cefe6035baa7"", ""819b7ab25d3641d3878a4f6e2dea005077f29528535c8a8aec9f727d904ed3c6"", ""c1c05a8ba13a2926c42f725703c98fe23d061fca1b941341c82c68fd09fc1527"", ""0a59a8a5defd9d4d8667a85f36f511c6a9d787070af1f561d8de7060399ebb0c""]","[""372b8d981e9a118724699820ec99464d3cef1b5afecb3504bd5984e0d20cf86e"", ""0ee9c05cd018d22c3efa9f1a4c05e212a812157fd1c750bcf313cefe6035baa7"", ""0a59a8a5defd9d4d8667a85f36f511c6a9d787070af1f561d8de7060399ebb0c"", ""ea07724278be54b49fb0ffb4f22d5faf0b148d07979bb36082323bafa66fc448"", ""02f16aa9d32c2123cc848e69fa4f5a6acc5eaa789f5291dd40f0f63379c39974""]","[""372b8d981e9a118724699820ec99464d3cef1b5afecb3504bd5984e0d20cf86e"", ""0ee9c05cd018d22c3efa9f1a4c05e212a812157fd1c750bcf313cefe6035baa7"", ""0a59a8a5defd9d4d8667a85f36f511c6a9d787070af1f561d8de7060399ebb0c"", ""02f16aa9d32c2123cc848e69fa4f5a6acc5eaa789f5291dd40f0f63379c39974"", ""c1c05a8ba13a2926c42f725703c98fe23d061fca1b941341c82c68fd09fc1527""]","[""372b8d981e9a118724699820ec99464d3cef1b5afecb3504bd5984e0d20cf86e"", ""0ee9c05cd018d22c3efa9f1a4c05e212a812157fd1c750bcf313cefe6035baa7"", ""0a59a8a5defd9d4d8667a85f36f511c6a9d787070af1f561d8de7060399ebb0c"", ""79f5841c81f7ac714712f4d3ef1979d7e41748673024dfc15606019cd63d3958"", ""c1c05a8ba13a2926c42f725703c98fe23d061fca1b941341c82c68fd09fc1527""]",0.0,0.0,,,,AI Training Infrastructure Engineer – Humanoid Whole Body Control,"AI Training Infrastructure Engineer – Humanoid Whole Body Control | Reinforcement Learning Engineer – Whole Body Control | State Estimation Engineer - Data Collection Systems | Helix AI Engineer, Reinforcement Learning | Helix AI Engineer, Data Infrastructure","AI Training Infrastructure Engineer – Humanoid Whole Body Control | Reinforcement Learning Engineer – Whole Body Control | Helix AI Engineer, Data Infrastructure | Helix AI Engineer, Pretraining | Helix AI Engineer, Video Pretraining","AI Training Infrastructure Engineer – Humanoid Whole Body Control | Reinforcement Learning Engineer – Whole Body Control | Helix AI Engineer, Data Infrastructure | Helix AI Engineer, Video Pretraining | Helix AI Engineer, Reinforcement Learning","AI Training Infrastructure Engineer – Humanoid Whole Body Control | Reinforcement Learning Engineer – Whole Body Control | Helix AI Engineer, Data Infrastructure | Helix AI Engineer, Generative AI | Helix AI Engineer, Reinforcement Learning"
official-02-2,"Own and scale the infrastructure used to train whole-body control policies (simulation, data pipelines, orchestration, visualizations)","{""372b8d981e9a118724699820ec99464d3cef1b5afecb3504bd5984e0d20cf86e"": 3}","[""372b8d981e9a118724699820ec99464d3cef1b5afecb3504bd5984e0d20cf86e"", ""0ee9c05cd018d22c3efa9f1a4c05e212a812157fd1c750bcf313cefe6035baa7"", ""c1c05a8ba13a2926c42f725703c98fe23d061fca1b941341c82c68fd09fc1527"", ""0a8ae0080aed861331479e76665c99325ed73c480103a34202fab31735988354"", ""819b7ab25d3641d3878a4f6e2dea005077f29528535c8a8aec9f727d904ed3c6""]","[""372b8d981e9a118724699820ec99464d3cef1b5afecb3504bd5984e0d20cf86e"", ""0ee9c05cd018d22c3efa9f1a4c05e212a812157fd1c750bcf313cefe6035baa7"", ""819b7ab25d3641d3878a4f6e2dea005077f29528535c8a8aec9f727d904ed3c6"", ""c157b426dd7167bc1359eecf26ec5fbc98b35e4202a41de9d6650964f9df3c17"", ""c1c05a8ba13a2926c42f725703c98fe23d061fca1b941341c82c68fd09fc1527""]","[""372b8d981e9a118724699820ec99464d3cef1b5afecb3504bd5984e0d20cf86e"", ""0ee9c05cd018d22c3efa9f1a4c05e212a812157fd1c750bcf313cefe6035baa7"", ""c1c05a8ba13a2926c42f725703c98fe23d061fca1b941341c82c68fd09fc1527"", ""819b7ab25d3641d3878a4f6e2dea005077f29528535c8a8aec9f727d904ed3c6"", ""02f16aa9d32c2123cc848e69fa4f5a6acc5eaa789f5291dd40f0f63379c39974""]","[""372b8d981e9a118724699820ec99464d3cef1b5afecb3504bd5984e0d20cf86e"", ""819b7ab25d3641d3878a4f6e2dea005077f29528535c8a8aec9f727d904ed3c6"", ""0ee9c05cd018d22c3efa9f1a4c05e212a812157fd1c750bcf313cefe6035baa7"", ""c1c05a8ba13a2926c42f725703c98fe23d061fca1b941341c82c68fd09fc1527"", ""79f5841c81f7ac714712f4d3ef1979d7e41748673024dfc15606019cd63d3958""]",0.0,0.0,,,,AI Training Infrastructure Engineer – Humanoid Whole Body Control,"AI Training Infrastructure Engineer – Humanoid Whole Body Control | Reinforcement Learning Engineer – Whole Body Control | Helix AI Engineer, Reinforcement Learning | Helix AI Engineer, Robot Learning | State Estimation Engineer - Data Collection Systems","AI Training Infrastructure Engineer – Humanoid Whole Body Control | Reinforcement Learning Engineer – Whole Body Control | State Estimation Engineer - Data Collection Systems | Lead, Data Operations Global Expansion | Helix AI Engineer, Reinforcement Learning","AI Training Infrastructure Engineer – Humanoid Whole Body Control | Reinforcement Learning Engineer – Whole Body Control | Helix AI Engineer, Reinforcement Learning | State Estimation Engineer - Data Collection Systems | Helix AI Engineer, Video Pretraining","AI Training Infrastructure Engineer – Humanoid Whole Body Control | State Estimation Engineer - Data Collection Systems | Reinforcement Learning Engineer – Whole Body Control | Helix AI Engineer, Reinforcement Learning | Helix AI Engineer, Generative AI"
official-02-3,Strong software engineering fundamentals with production experience in Python and PyTorch,"{""372b8d981e9a118724699820ec99464d3cef1b5afecb3504bd5984e0d20cf86e"": 3}","[""372b8d981e9a118724699820ec99464d3cef1b5afecb3504bd5984e0d20cf86e"", ""0a59a8a5defd9d4d8667a85f36f511c6a9d787070af1f561d8de7060399ebb0c"", ""c1c05a8ba13a2926c42f725703c98fe23d061fca1b941341c82c68fd09fc1527"", ""186cda7db8c456bcf680e72f263bd4f0e8cda1ceb47984f0502a119b6cf30d67"", ""0a8ae0080aed861331479e76665c99325ed73c480103a34202fab31735988354""]","[""ea07724278be54b49fb0ffb4f22d5faf0b148d07979bb36082323bafa66fc448"", ""b703c687faa83dff0253c44ec411d68cccda459db840e29fef3ad4f403e84f08"", ""02f16aa9d32c2123cc848e69fa4f5a6acc5eaa789f5291dd40f0f63379c39974"", ""a348c6f5c005df2d721f2c06b4c51aa3c9caafade8e604315110fc5b4ed822b5"", ""79f5841c81f7ac714712f4d3ef1979d7e41748673024dfc15606019cd63d3958""]","[""372b8d981e9a118724699820ec99464d3cef1b5afecb3504bd5984e0d20cf86e"", ""b703c687faa83dff0253c44ec411d68cccda459db840e29fef3ad4f403e84f08"", ""c1c05a8ba13a2926c42f725703c98fe23d061fca1b941341c82c68fd09fc1527"", ""ea07724278be54b49fb0ffb4f22d5faf0b148d07979bb36082323bafa66fc448"", ""186cda7db8c456bcf680e72f263bd4f0e8cda1ceb47984f0502a119b6cf30d67""]","[""372b8d981e9a118724699820ec99464d3cef1b5afecb3504bd5984e0d20cf86e"", ""0a59a8a5defd9d4d8667a85f36f511c6a9d787070af1f561d8de7060399ebb0c"", ""c1c05a8ba13a2926c42f725703c98fe23d061fca1b941341c82c68fd09fc1527"", ""0a0fc1829659ebd979c603141aaea41d021b93f09dc893d3d9bbd68efaeefbdc"", ""79f5841c81f7ac714712f4d3ef1979d7e41748673024dfc15606019cd63d3958""]",0.0,0.0,,,,AI Training Infrastructure Engineer – Humanoid Whole Body Control,"AI Training Infrastructure Engineer – Humanoid Whole Body Control | Helix AI Engineer, Data Infrastructure | Helix AI Engineer, Reinforcement Learning | Connector & Interconnect Design Engineer | Helix AI Engineer, Robot Learning","Helix AI Engineer, Pretraining | Manufacturing Software Test Engineer | Helix AI Engineer, Video Pretraining | Software Engineer, Manufacturing Systems | Helix AI Engineer, Generative AI","AI Training Infrastructure Engineer – Humanoid Whole Body Control | Manufacturing Software Test Engineer | Helix AI Engineer, Reinforcement Learning | Helix AI Engineer, Pretraining | Connector & Interconnect Design Engineer","AI Training Infrastructure Engineer – Humanoid Whole Body Control | Helix AI Engineer, Data Infrastructure | Helix AI Engineer, Reinforcement Learning | Helix AI Engineer, Modeling | Helix AI Engineer, Generative AI"
official-02-4,Find roles focused on AI Training Infrastructure Engineer – Humanoid Whole Body Control,"{""372b8d981e9a118724699820ec99464d3cef1b5afecb3504bd5984e0d20cf86e"": 3}","[""372b8d981e9a118724699820ec99464d3cef1b5afecb3504bd5984e0d20cf86e"", ""0ee9c05cd018d22c3efa9f1a4c05e212a812157fd1c750bcf313cefe6035baa7"", ""819b7ab25d3641d3878a4f6e2dea005077f29528535c8a8aec9f727d904ed3c6"", ""0a59a8a5defd9d4d8667a85f36f511c6a9d787070af1f561d8de7060399ebb0c"", ""c1c05a8ba13a2926c42f725703c98fe23d061fca1b941341c82c68fd09fc1527""]","[""372b8d981e9a118724699820ec99464d3cef1b5afecb3504bd5984e0d20cf86e"", ""0ee9c05cd018d22c3efa9f1a4c05e212a812157fd1c750bcf313cefe6035baa7"", ""0a59a8a5defd9d4d8667a85f36f511c6a9d787070af1f561d8de7060399ebb0c"", ""66a4c6d7e0904dd601e4054abef7eee96e6301da500323e2300ed9648b004074"", ""0a0fc1829659ebd979c603141aaea41d021b93f09dc893d3d9bbd68efaeefbdc""]","[""372b8d981e9a118724699820ec99464d3cef1b5afecb3504bd5984e0d20cf86e"", ""0ee9c05cd018d22c3efa9f1a4c05e212a812157fd1c750bcf313cefe6035baa7"", ""0a59a8a5defd9d4d8667a85f36f511c6a9d787070af1f561d8de7060399ebb0c"", ""66a4c6d7e0904dd601e4054abef7eee96e6301da500323e2300ed9648b004074"", ""819b7ab25d3641d3878a4f6e2dea005077f29528535c8a8aec9f727d904ed3c6""]","[""372b8d981e9a118724699820ec99464d3cef1b5afecb3504bd5984e0d20cf86e"", ""0ee9c05cd018d22c3efa9f1a4c05e212a812157fd1c750bcf313cefe6035baa7"", ""0a59a8a5defd9d4d8667a85f36f511c6a9d787070af1f561d8de7060399ebb0c"", ""79f5841c81f7ac714712f4d3ef1979d7e41748673024dfc15606019cd63d3958"", ""66a4c6d7e0904dd601e4054abef7eee96e6301da500323e2300ed9648b004074""]",0.0,0.0,,,,AI Training Infrastructure Engineer – Humanoid Whole Body Control,"AI Training Infrastructure Engineer – Humanoid Whole Body Control | Reinforcement Learning Engineer – Whole Body Control | State Estimation Engineer - Data Collection Systems | Helix AI Engineer, Data Infrastructure | Helix AI Engineer, Reinforcement Learning","AI Training Infrastructure Engineer – Humanoid Whole Body Control | Reinforcement Learning Engineer – Whole Body Control | Helix AI Engineer, Data Infrastructure | Helix AI Engineer, Training Performance | Helix AI Engineer, Modeling","AI Training Infrastructure Engineer – Humanoid Whole Body Control | Reinforcement Learning Engineer – Whole Body Control | Helix AI Engineer, Data Infrastructure | Helix AI Engineer, Training Performance | State Estimation Engineer - Data Collection Systems","AI Training Infrastructure Engineer – Humanoid Whole Body Control | Reinforcement Learning Engineer – Whole Body Control | Helix AI Engineer, Data Infrastructure | Helix AI Engineer, Generative AI | Helix AI Engineer, Training Performance"
official-02-5,"岗位职责匹配：Own and scale the infrastructure used to train whole-body control policies (simulation, data pipelines, orchestration, visualizations)","{""372b8d981e9a118724699820ec99464d3cef1b5afecb3504bd5984e0d20cf86e"": 3}","[""372b8d981e9a118724699820ec99464d3cef1b5afecb3504bd5984e0d20cf86e"", ""0ee9c05cd018d22c3efa9f1a4c05e212a812157fd1c750bcf313cefe6035baa7"", ""c1c05a8ba13a2926c42f725703c98fe23d061fca1b941341c82c68fd09fc1527"", ""0a8ae0080aed861331479e76665c99325ed73c480103a34202fab31735988354"", ""819b7ab25d3641d3878a4f6e2dea005077f29528535c8a8aec9f727d904ed3c6""]","[""372b8d981e9a118724699820ec99464d3cef1b5afecb3504bd5984e0d20cf86e"", ""2f0e3d2ed63dc83a4e3a6796d1e94a52d14431be5936849666e4872e9a0e5a73"", ""0ee9c05cd018d22c3efa9f1a4c05e212a812157fd1c750bcf313cefe6035baa7"", ""c157b426dd7167bc1359eecf26ec5fbc98b35e4202a41de9d6650964f9df3c17"", ""819b7ab25d3641d3878a4f6e2dea005077f29528535c8a8aec9f727d904ed3c6""]","[""372b8d981e9a118724699820ec99464d3cef1b5afecb3504bd5984e0d20cf86e"", ""0ee9c05cd018d22c3efa9f1a4c05e212a812157fd1c750bcf313cefe6035baa7"", ""819b7ab25d3641d3878a4f6e2dea005077f29528535c8a8aec9f727d904ed3c6"", ""c1c05a8ba13a2926c42f725703c98fe23d061fca1b941341c82c68fd09fc1527"", ""2f0e3d2ed63dc83a4e3a6796d1e94a52d14431be5936849666e4872e9a0e5a73""]","[""372b8d981e9a118724699820ec99464d3cef1b5afecb3504bd5984e0d20cf86e"", ""0ee9c05cd018d22c3efa9f1a4c05e212a812157fd1c750bcf313cefe6035baa7"", ""79f5841c81f7ac714712f4d3ef1979d7e41748673024dfc15606019cd63d3958"", ""0a8ae0080aed861331479e76665c99325ed73c480103a34202fab31735988354"", ""c1c05a8ba13a2926c42f725703c98fe23d061fca1b941341c82c68fd09fc1527""]",0.0,0.0,,,,AI Training Infrastructure Engineer – Humanoid Whole Body Control,"AI Training Infrastructure Engineer – Humanoid Whole Body Control | Reinforcement Learning Engineer – Whole Body Control | Helix AI Engineer, Reinforcement Learning | Helix AI Engineer, Robot Learning | State Estimation Engineer - Data Collection Systems","AI Training Infrastructure Engineer – Humanoid Whole Body Control | Demand Planner | Reinforcement Learning Engineer – Whole Body Control | Lead, Data Operations Global Expansion | State Estimation Engineer - Data Collection Systems","AI Training Infrastructure Engineer – Humanoid Whole Body Control | Reinforcement Learning Engineer – Whole Body Control | State Estimation Engineer - Data Collection Systems | Helix AI Engineer, Reinforcement Learning | Demand Planner","AI Training Infrastructure Engineer – Humanoid Whole Body Control | Reinforcement Learning Engineer – Whole Body Control | Helix AI Engineer, Generative AI | Helix AI Engineer, Robot Learning | Helix AI Engineer, Reinforcement Learning"
official-03-2,"Own end-to-end execution of running robot data collection in diverse residential homes (e.g., deployments—scheduling dates, managing bookings, and ensuring sites are ready for data collection)","{""b73b922f4af1b2a2e4a3167943581b60aef9cf2340f022877c17699262b879eb"": 3}","[""b73b922f4af1b2a2e4a3167943581b60aef9cf2340f022877c17699262b879eb"", ""e06e31c66b7ffa4e84f45cff09e46a9f58c4828c0a53239e6022a8011e6731c7"", ""c157b426dd7167bc1359eecf26ec5fbc98b35e4202a41de9d6650964f9df3c17"", ""2f0e3d2ed63dc83a4e3a6796d1e94a52d14431be5936849666e4872e9a0e5a73"", ""5947300e1b20bb57f96311cc34e326bcc1ede855e9541ec6a204856612468417""]","[""b73b922f4af1b2a2e4a3167943581b60aef9cf2340f022877c17699262b879eb"", ""e06e31c66b7ffa4e84f45cff09e46a9f58c4828c0a53239e6022a8011e6731c7"", ""819b7ab25d3641d3878a4f6e2dea005077f29528535c8a8aec9f727d904ed3c6"", ""c157b426dd7167bc1359eecf26ec5fbc98b35e4202a41de9d6650964f9df3c17"", ""3bf666c253c19894dbe27deb07d68ce3bd68efbe46903f1292a3806c56be640b""]","[""b73b922f4af1b2a2e4a3167943581b60aef9cf2340f022877c17699262b879eb"", ""e06e31c66b7ffa4e84f45cff09e46a9f58c4828c0a53239e6022a8011e6731c7"", ""c157b426dd7167bc1359eecf26ec5fbc98b35e4202a41de9d6650964f9df3c17"", ""2f0e3d2ed63dc83a4e3a6796d1e94a52d14431be5936849666e4872e9a0e5a73"", ""a39440f627d72dfbfc52ba5e4663f2857cfc04e4e8a0f1497e74d63990542df0""]","[""b73b922f4af1b2a2e4a3167943581b60aef9cf2340f022877c17699262b879eb"", ""e06e31c66b7ffa4e84f45cff09e46a9f58c4828c0a53239e6022a8011e6731c7"", ""0a8ae0080aed861331479e76665c99325ed73c480103a34202fab31735988354"", ""a39440f627d72dfbfc52ba5e4663f2857cfc04e4e8a0f1497e74d63990542df0"", ""b77e6b3d7caede0bfbcf4d62df9841a707956651099051cf4de62dd3a2a3599e""]",0.0,0.0,,,,Data Strategy Associate,"Data Strategy Associate | Deployment Engineer (Data Collection) | Lead, Data Operations Global Expansion | Demand Planner | Project Coordinator, Data Quality","Data Strategy Associate | Deployment Engineer (Data Collection) | State Estimation Engineer - Data Collection Systems | Lead, Data Operations Global Expansion | Software Engineer, Privacy & Data Governance","Data Strategy Associate | Deployment Engineer (Data Collection) | Lead, Data Operations Global Expansion | Demand Planner | Deployment Logistics Lead","Data Strategy Associate | Deployment Engineer (Data Collection) | Helix AI Engineer, Robot Learning | Deployment Logistics Lead | Humanoid Robot Operator & Data Creator — Fontana, CA (Customer Site)"
official-03-3,"3-5 years in program management (especially for operations), consulting, investment banking, startup project management, or similar roles","{""b73b922f4af1b2a2e4a3167943581b60aef9cf2340f022877c17699262b879eb"": 3}","[""b73b922f4af1b2a2e4a3167943581b60aef9cf2340f022877c17699262b879eb"", ""9658a47149b0ab24fc3f77d0f9fdaafaff266b273215443058230f74271f9549"", ""7e180bb84925d86b67a37d44448c9e76ee9559555a0a794046a80088ba50abbe"", ""5947300e1b20bb57f96311cc34e326bcc1ede855e9541ec6a204856612468417"", ""0510f179c62b00682e302dc68cd73707b475417d78001a1955e46bb5361b8242""]","[""9658a47149b0ab24fc3f77d0f9fdaafaff266b273215443058230f74271f9549"", ""a348c6f5c005df2d721f2c06b4c51aa3c9caafade8e604315110fc5b4ed822b5"", ""372b8d981e9a118724699820ec99464d3cef1b5afecb3504bd5984e0d20cf86e"", ""5947300e1b20bb57f96311cc34e326bcc1ede855e9541ec6a204856612468417"", ""b73b922f4af1b2a2e4a3167943581b60aef9cf2340f022877c17699262b879eb""]","[""9658a47149b0ab24fc3f77d0f9fdaafaff266b273215443058230f74271f9549"", ""b73b922f4af1b2a2e4a3167943581b60aef9cf2340f022877c17699262b879eb"", ""5947300e1b20bb57f96311cc34e326bcc1ede855e9541ec6a204856612468417"", ""c157b426dd7167bc1359eecf26ec5fbc98b35e4202a41de9d6650964f9df3c17"", ""a39440f627d72dfbfc52ba5e4663f2857cfc04e4e8a0f1497e74d63990542df0""]","[""b73b922f4af1b2a2e4a3167943581b60aef9cf2340f022877c17699262b879eb"", ""9658a47149b0ab24fc3f77d0f9fdaafaff266b273215443058230f74271f9549"", ""7e180bb84925d86b67a37d44448c9e76ee9559555a0a794046a80088ba50abbe"", ""0510f179c62b00682e302dc68cd73707b475417d78001a1955e46bb5361b8242"", ""5947300e1b20bb57f96311cc34e326bcc1ede855e9541ec6a204856612468417""]",0.0,0.0,,,,Data Strategy Associate,"Data Strategy Associate | AI Data Operations Manager | Deployment Engineer - Commercial Site Team | Project Coordinator, Data Quality | Deployment Engineer - Commercial Site Team","AI Data Operations Manager | Software Engineer, Manufacturing Systems | AI Training Infrastructure Engineer – Humanoid Whole Body Control | Project Coordinator, Data Quality | Data Strategy Associate","AI Data Operations Manager | Data Strategy Associate | Project Coordinator, Data Quality | Lead, Data Operations Global Expansion | Deployment Logistics Lead","Data Strategy Associate | AI Data Operations Manager | Deployment Engineer - Commercial Site Team | Deployment Engineer - Commercial Site Team | Project Coordinator, Data Quality"
official-03-4,Find roles focused on Data Strategy Associate,"{""b73b922f4af1b2a2e4a3167943581b60aef9cf2340f022877c17699262b879eb"": 3}","[""b73b922f4af1b2a2e4a3167943581b60aef9cf2340f022877c17699262b879eb"", ""75607eba04e4875b1dd4b218186a8a81de822a26baa6964e95582795cf4f282e"", ""9658a47149b0ab24fc3f77d0f9fdaafaff266b273215443058230f74271f9549"", ""c157b426dd7167bc1359eecf26ec5fbc98b35e4202a41de9d6650964f9df3c17"", ""0a59a8a5defd9d4d8667a85f36f511c6a9d787070af1f561d8de7060399ebb0c""]","[""b73b922f4af1b2a2e4a3167943581b60aef9cf2340f022877c17699262b879eb"", ""c157b426dd7167bc1359eecf26ec5fbc98b35e4202a41de9d6650964f9df3c17"", ""9658a47149b0ab24fc3f77d0f9fdaafaff266b273215443058230f74271f9549"", ""e06e31c66b7ffa4e84f45cff09e46a9f58c4828c0a53239e6022a8011e6731c7"", ""75607eba04e4875b1dd4b218186a8a81de822a26baa6964e95582795cf4f282e""]","[""b73b922f4af1b2a2e4a3167943581b60aef9cf2340f022877c17699262b879eb"", ""c157b426dd7167bc1359eecf26ec5fbc98b35e4202a41de9d6650964f9df3c17"", ""9658a47149b0ab24fc3f77d0f9fdaafaff266b273215443058230f74271f9549"", ""75607eba04e4875b1dd4b218186a8a81de822a26baa6964e95582795cf4f282e"", ""0a59a8a5defd9d4d8667a85f36f511c6a9d787070af1f561d8de7060399ebb0c""]","[""b73b922f4af1b2a2e4a3167943581b60aef9cf2340f022877c17699262b879eb"", ""c157b426dd7167bc1359eecf26ec5fbc98b35e4202a41de9d6650964f9df3c17"", ""9658a47149b0ab24fc3f77d0f9fdaafaff266b273215443058230f74271f9549"", ""a39440f627d72dfbfc52ba5e4663f2857cfc04e4e8a0f1497e74d63990542df0"", ""75607eba04e4875b1dd4b218186a8a81de822a26baa6964e95582795cf4f282e""]",0.0,0.0,,,,Data Strategy Associate,"Data Strategy Associate | Associate General Counsel, Commercial | AI Data Operations Manager | Lead, Data Operations Global Expansion | Helix AI Engineer, Data Infrastructure","Data Strategy Associate | Lead, Data Operations Global Expansion | AI Data Operations Manager | Deployment Engineer (Data Collection) | Associate General Counsel, Commercial","Data Strategy Associate | Lead, Data Operations Global Expansion | AI Data Operations Manager | Associate General Counsel, Commercial | Helix AI Engineer, Data Infrastructure","Data Strategy Associate | Lead, Data Operations Global Expansion | AI Data Operations Manager | Deployment Logistics Lead | Associate General Counsel, Commercial"
official-03-5,"岗位职责匹配：Own end-to-end execution of running robot data collection in diverse residential homes (e.g., deployments—scheduling dates, managing bookings, and ensuring sites are ready for data collection)","{""b73b922f4af1b2a2e4a3167943581b60aef9cf2340f022877c17699262b879eb"": 3}","[""b73b922f4af1b2a2e4a3167943581b60aef9cf2340f022877c17699262b879eb"", ""e06e31c66b7ffa4e84f45cff09e46a9f58c4828c0a53239e6022a8011e6731c7"", ""c157b426dd7167bc1359eecf26ec5fbc98b35e4202a41de9d6650964f9df3c17"", ""2f0e3d2ed63dc83a4e3a6796d1e94a52d14431be5936849666e4872e9a0e5a73"", ""5947300e1b20bb57f96311cc34e326bcc1ede855e9541ec6a204856612468417""]","[""b73b922f4af1b2a2e4a3167943581b60aef9cf2340f022877c17699262b879eb"", ""e06e31c66b7ffa4e84f45cff09e46a9f58c4828c0a53239e6022a8011e6731c7"", ""819b7ab25d3641d3878a4f6e2dea005077f29528535c8a8aec9f727d904ed3c6"", ""2f0e3d2ed63dc83a4e3a6796d1e94a52d14431be5936849666e4872e9a0e5a73"", ""c157b426dd7167bc1359eecf26ec5fbc98b35e4202a41de9d6650964f9df3c17""]","[""b73b922f4af1b2a2e4a3167943581b60aef9cf2340f022877c17699262b879eb"", ""e06e31c66b7ffa4e84f45cff09e46a9f58c4828c0a53239e6022a8011e6731c7"", ""2f0e3d2ed63dc83a4e3a6796d1e94a52d14431be5936849666e4872e9a0e5a73"", ""c157b426dd7167bc1359eecf26ec5fbc98b35e4202a41de9d6650964f9df3c17"", ""5947300e1b20bb57f96311cc34e326bcc1ede855e9541ec6a204856612468417""]","[""b73b922f4af1b2a2e4a3167943581b60aef9cf2340f022877c17699262b879eb"", ""e06e31c66b7ffa4e84f45cff09e46a9f58c4828c0a53239e6022a8011e6731c7"", ""23731858c455419d59ce5792533ec8a179c6327cdadbcf49ea15e73c1c081bba"", ""1f9f2467de3e4708c9577641bda5d53235417f44365da66ec663e0915b9106e5"", ""b77e6b3d7caede0bfbcf4d62df9841a707956651099051cf4de62dd3a2a3599e""]",0.0,0.0,,,,Data Strategy Associate,"Data Strategy Associate | Deployment Engineer (Data Collection) | Lead, Data Operations Global Expansion | Demand Planner | Project Coordinator, Data Quality","Data Strategy Associate | Deployment Engineer (Data Collection) | State Estimation Engineer - Data Collection Systems | Demand Planner | Lead, Data Operations Global Expansion","Data Strategy Associate | Deployment Engineer (Data Collection) | Demand Planner | Lead, Data Operations Global Expansion | Project Coordinator, Data Quality","Data Strategy Associate | Deployment Engineer (Data Collection) | Helix Data Creator | Helix Data Creator | Humanoid Robot Operator & Data Creator — Fontana, CA (Customer Site)"
official-04-1,Deployment Engineer (Data Collection),"{""e06e31c66b7ffa4e84f45cff09e46a9f58c4828c0a53239e6022a8011e6731c7"": 3}","[""e06e31c66b7ffa4e84f45cff09e46a9f58c4828c0a53239e6022a8011e6731c7"", ""b73b922f4af1b2a2e4a3167943581b60aef9cf2340f022877c17699262b879eb"", ""a39440f627d72dfbfc52ba5e4663f2857cfc04e4e8a0f1497e74d63990542df0"", ""0a8ae0080aed861331479e76665c99325ed73c480103a34202fab31735988354"", ""23731858c455419d59ce5792533ec8a179c6327cdadbcf49ea15e73c1c081bba""]","[""e06e31c66b7ffa4e84f45cff09e46a9f58c4828c0a53239e6022a8011e6731c7"", ""b73b922f4af1b2a2e4a3167943581b60aef9cf2340f022877c17699262b879eb"", ""819b7ab25d3641d3878a4f6e2dea005077f29528535c8a8aec9f727d904ed3c6"", ""7e180bb84925d86b67a37d44448c9e76ee9559555a0a794046a80088ba50abbe"", ""0510f179c62b00682e302dc68cd73707b475417d78001a1955e46bb5361b8242""]","[""e06e31c66b7ffa4e84f45cff09e46a9f58c4828c0a53239e6022a8011e6731c7"", ""b73b922f4af1b2a2e4a3167943581b60aef9cf2340f022877c17699262b879eb"", ""7e180bb84925d86b67a37d44448c9e76ee9559555a0a794046a80088ba50abbe"", ""a39440f627d72dfbfc52ba5e4663f2857cfc04e4e8a0f1497e74d63990542df0"", ""0510f179c62b00682e302dc68cd73707b475417d78001a1955e46bb5361b8242""]","[""e06e31c66b7ffa4e84f45cff09e46a9f58c4828c0a53239e6022a8011e6731c7"", ""7e180bb84925d86b67a37d44448c9e76ee9559555a0a794046a80088ba50abbe"", ""0510f179c62b00682e302dc68cd73707b475417d78001a1955e46bb5361b8242"", ""a39440f627d72dfbfc52ba5e4663f2857cfc04e4e8a0f1497e74d63990542df0"", ""b73b922f4af1b2a2e4a3167943581b60aef9cf2340f022877c17699262b879eb""]",0.0,0.0,,,,Deployment Engineer (Data Collection),"Deployment Engineer (Data Collection) | Data Strategy Associate | Deployment Logistics Lead | Helix AI Engineer, Robot Learning | Helix Data Creator",Deployment Engineer (Data Collection) | Data Strategy Associate | State Estimation Engineer - Data Collection Systems | Deployment Engineer - Commercial Site Team | Deployment Engineer - Commercial Site Team,Deployment Engineer (Data Collection) | Data Strategy Associate | Deployment Engineer - Commercial Site Team | Deployment Logistics Lead | Deployment Engineer - Commercial Site Team,Deployment Engineer (Data Collection) | Deployment Engineer - Commercial Site Team | Deployment Engineer - Commercial Site Team | Deployment Logistics Lead | Data Strategy Associate
official-04-2,"Support engineering with deployment, serving as an on-site representative to reach development goals","{""e06e31c66b7ffa4e84f45cff09e46a9f58c4828c0a53239e6022a8011e6731c7"": 3}","[""e06e31c66b7ffa4e84f45cff09e46a9f58c4828c0a53239e6022a8011e6731c7"", ""7e180bb84925d86b67a37d44448c9e76ee9559555a0a794046a80088ba50abbe"", ""0510f179c62b00682e302dc68cd73707b475417d78001a1955e46bb5361b8242"", ""b77e6b3d7caede0bfbcf4d62df9841a707956651099051cf4de62dd3a2a3599e"", ""9658a47149b0ab24fc3f77d0f9fdaafaff266b273215443058230f74271f9549""]","[""7e180bb84925d86b67a37d44448c9e76ee9559555a0a794046a80088ba50abbe"", ""e06e31c66b7ffa4e84f45cff09e46a9f58c4828c0a53239e6022a8011e6731c7"", ""0510f179c62b00682e302dc68cd73707b475417d78001a1955e46bb5361b8242"", ""c1c05a8ba13a2926c42f725703c98fe23d061fca1b941341c82c68fd09fc1527"", ""a39440f627d72dfbfc52ba5e4663f2857cfc04e4e8a0f1497e74d63990542df0""]","[""e06e31c66b7ffa4e84f45cff09e46a9f58c4828c0a53239e6022a8011e6731c7"", ""7e180bb84925d86b67a37d44448c9e76ee9559555a0a794046a80088ba50abbe"", ""0510f179c62b00682e302dc68cd73707b475417d78001a1955e46bb5361b8242"", ""c157b426dd7167bc1359eecf26ec5fbc98b35e4202a41de9d6650964f9df3c17"", ""a39440f627d72dfbfc52ba5e4663f2857cfc04e4e8a0f1497e74d63990542df0""]","[""e06e31c66b7ffa4e84f45cff09e46a9f58c4828c0a53239e6022a8011e6731c7"", ""7e180bb84925d86b67a37d44448c9e76ee9559555a0a794046a80088ba50abbe"", ""0510f179c62b00682e302dc68cd73707b475417d78001a1955e46bb5361b8242"", ""372b8d981e9a118724699820ec99464d3cef1b5afecb3504bd5984e0d20cf86e"", ""b77e6b3d7caede0bfbcf4d62df9841a707956651099051cf4de62dd3a2a3599e""]",0.0,0.0,,,,Deployment Engineer (Data Collection),"Deployment Engineer (Data Collection) | Deployment Engineer - Commercial Site Team | Deployment Engineer - Commercial Site Team | Humanoid Robot Operator & Data Creator — Fontana, CA (Customer Site) | AI Data Operations Manager","Deployment Engineer - Commercial Site Team | Deployment Engineer (Data Collection) | Deployment Engineer - Commercial Site Team | Helix AI Engineer, Reinforcement Learning | Deployment Logistics Lead","Deployment Engineer (Data Collection) | Deployment Engineer - Commercial Site Team | Deployment Engineer - Commercial Site Team | Lead, Data Operations Global Expansion | Deployment Logistics Lead","Deployment Engineer (Data Collection) | Deployment Engineer - Commercial Site Team | Deployment Engineer - Commercial Site Team | AI Training Infrastructure Engineer – Humanoid Whole Body Control | Humanoid Robot Operator & Data Creator — Fontana, CA (Customer Site)"
official-04-3,"3-5+ years of work experience in automotive or industrial automation/robotics integration, deployment, and development","{""e06e31c66b7ffa4e84f45cff09e46a9f58c4828c0a53239e6022a8011e6731c7"": 3}","[""7e180bb84925d86b67a37d44448c9e76ee9559555a0a794046a80088ba50abbe"", ""0510f179c62b00682e302dc68cd73707b475417d78001a1955e46bb5361b8242"", ""e06e31c66b7ffa4e84f45cff09e46a9f58c4828c0a53239e6022a8011e6731c7"", ""b73b922f4af1b2a2e4a3167943581b60aef9cf2340f022877c17699262b879eb"", ""1f9f2467de3e4708c9577641bda5d53235417f44365da66ec663e0915b9106e5""]","[""e06e31c66b7ffa4e84f45cff09e46a9f58c4828c0a53239e6022a8011e6731c7"", ""372b8d981e9a118724699820ec99464d3cef1b5afecb3504bd5984e0d20cf86e"", ""a39440f627d72dfbfc52ba5e4663f2857cfc04e4e8a0f1497e74d63990542df0"", ""a348c6f5c005df2d721f2c06b4c51aa3c9caafade8e604315110fc5b4ed822b5"", ""186cda7db8c456bcf680e72f263bd4f0e8cda1ceb47984f0502a119b6cf30d67""]","[""e06e31c66b7ffa4e84f45cff09e46a9f58c4828c0a53239e6022a8011e6731c7"", ""7e180bb84925d86b67a37d44448c9e76ee9559555a0a794046a80088ba50abbe"", ""a348c6f5c005df2d721f2c06b4c51aa3c9caafade8e604315110fc5b4ed822b5"", ""b73b922f4af1b2a2e4a3167943581b60aef9cf2340f022877c17699262b879eb"", ""0510f179c62b00682e302dc68cd73707b475417d78001a1955e46bb5361b8242""]","[""7e180bb84925d86b67a37d44448c9e76ee9559555a0a794046a80088ba50abbe"", ""0510f179c62b00682e302dc68cd73707b475417d78001a1955e46bb5361b8242"", ""e06e31c66b7ffa4e84f45cff09e46a9f58c4828c0a53239e6022a8011e6731c7"", ""a348c6f5c005df2d721f2c06b4c51aa3c9caafade8e604315110fc5b4ed822b5"", ""b73b922f4af1b2a2e4a3167943581b60aef9cf2340f022877c17699262b879eb""]",0.0,0.0,,,,Deployment Engineer (Data Collection),Deployment Engineer - Commercial Site Team | Deployment Engineer - Commercial Site Team | Deployment Engineer (Data Collection) | Data Strategy Associate | Helix Data Creator,"Deployment Engineer (Data Collection) | AI Training Infrastructure Engineer – Humanoid Whole Body Control | Deployment Logistics Lead | Software Engineer, Manufacturing Systems | Connector & Interconnect Design Engineer","Deployment Engineer (Data Collection) | Deployment Engineer - Commercial Site Team | Software Engineer, Manufacturing Systems | Data Strategy Associate | Deployment Engineer - Commercial Site Team","Deployment Engineer - Commercial Site Team | Deployment Engineer - Commercial Site Team | Deployment Engineer (Data Collection) | Software Engineer, Manufacturing Systems | Data Strategy Associate"
official-04-5,"岗位职责匹配：Support engineering with deployment, serving as an on-site representative to reach development goals","{""e06e31c66b7ffa4e84f45cff09e46a9f58c4828c0a53239e6022a8011e6731c7"": 3}","[""e06e31c66b7ffa4e84f45cff09e46a9f58c4828c0a53239e6022a8011e6731c7"", ""7e180bb84925d86b67a37d44448c9e76ee9559555a0a794046a80088ba50abbe"", ""0510f179c62b00682e302dc68cd73707b475417d78001a1955e46bb5361b8242"", ""b77e6b3d7caede0bfbcf4d62df9841a707956651099051cf4de62dd3a2a3599e"", ""9658a47149b0ab24fc3f77d0f9fdaafaff266b273215443058230f74271f9549""]","[""e06e31c66b7ffa4e84f45cff09e46a9f58c4828c0a53239e6022a8011e6731c7"", ""7e180bb84925d86b67a37d44448c9e76ee9559555a0a794046a80088ba50abbe"", ""0510f179c62b00682e302dc68cd73707b475417d78001a1955e46bb5361b8242"", ""819b7ab25d3641d3878a4f6e2dea005077f29528535c8a8aec9f727d904ed3c6"", ""b9e710fd1e21f126e880ef384cb63538083b0cd62695ed14e8a82e9d7ea2de46""]","[""e06e31c66b7ffa4e84f45cff09e46a9f58c4828c0a53239e6022a8011e6731c7"", ""7e180bb84925d86b67a37d44448c9e76ee9559555a0a794046a80088ba50abbe"", ""0510f179c62b00682e302dc68cd73707b475417d78001a1955e46bb5361b8242"", ""c157b426dd7167bc1359eecf26ec5fbc98b35e4202a41de9d6650964f9df3c17"", ""a39440f627d72dfbfc52ba5e4663f2857cfc04e4e8a0f1497e74d63990542df0""]","[""e06e31c66b7ffa4e84f45cff09e46a9f58c4828c0a53239e6022a8011e6731c7"", ""7e180bb84925d86b67a37d44448c9e76ee9559555a0a794046a80088ba50abbe"", ""0510f179c62b00682e302dc68cd73707b475417d78001a1955e46bb5361b8242"", ""372b8d981e9a118724699820ec99464d3cef1b5afecb3504bd5984e0d20cf86e"", ""0a8ae0080aed861331479e76665c99325ed73c480103a34202fab31735988354""]",0.0,0.0,,,,Deployment Engineer (Data Collection),"Deployment Engineer (Data Collection) | Deployment Engineer - Commercial Site Team | Deployment Engineer - Commercial Site Team | Humanoid Robot Operator & Data Creator — Fontana, CA (Customer Site) | AI Data Operations Manager","Deployment Engineer (Data Collection) | Deployment Engineer - Commercial Site Team | Deployment Engineer - Commercial Site Team | State Estimation Engineer - Data Collection Systems | Helix AI Engineer, Localization and Mapping","Deployment Engineer (Data Collection) | Deployment Engineer - Commercial Site Team | Deployment Engineer - Commercial Site Team | Lead, Data Operations Global Expansion | Deployment Logistics Lead","Deployment Engineer (Data Collection) | Deployment Engineer - Commercial Site Team | Deployment Engineer - Commercial Site Team | AI Training Infrastructure Engineer – Humanoid Whole Body Control | Helix AI Engineer, Robot Learning"
official-05-1,"Helix AI Engineer, Data Infrastructure ","{""0a59a8a5defd9d4d8667a85f36f511c6a9d787070af1f561d8de7060399ebb0c"": 3}","[""0a59a8a5defd9d4d8667a85f36f511c6a9d787070af1f561d8de7060399ebb0c"", ""c1c05a8ba13a2926c42f725703c98fe23d061fca1b941341c82c68fd09fc1527"", ""79f5841c81f7ac714712f4d3ef1979d7e41748673024dfc15606019cd63d3958"", ""372b8d981e9a118724699820ec99464d3cef1b5afecb3504bd5984e0d20cf86e"", ""ea07724278be54b49fb0ffb4f22d5faf0b148d07979bb36082323bafa66fc448""]","[""0a59a8a5defd9d4d8667a85f36f511c6a9d787070af1f561d8de7060399ebb0c"", ""0a0fc1829659ebd979c603141aaea41d021b93f09dc893d3d9bbd68efaeefbdc"", ""ea07724278be54b49fb0ffb4f22d5faf0b148d07979bb36082323bafa66fc448"", ""b9e710fd1e21f126e880ef384cb63538083b0cd62695ed14e8a82e9d7ea2de46"", ""79f5841c81f7ac714712f4d3ef1979d7e41748673024dfc15606019cd63d3958""]","[""0a59a8a5defd9d4d8667a85f36f511c6a9d787070af1f561d8de7060399ebb0c"", ""79f5841c81f7ac714712f4d3ef1979d7e41748673024dfc15606019cd63d3958"", ""ea07724278be54b49fb0ffb4f22d5faf0b148d07979bb36082323bafa66fc448"", ""c1c05a8ba13a2926c42f725703c98fe23d061fca1b941341c82c68fd09fc1527"", ""0a0fc1829659ebd979c603141aaea41d021b93f09dc893d3d9bbd68efaeefbdc""]","[""0a59a8a5defd9d4d8667a85f36f511c6a9d787070af1f561d8de7060399ebb0c"", ""79f5841c81f7ac714712f4d3ef1979d7e41748673024dfc15606019cd63d3958"", ""ea07724278be54b49fb0ffb4f22d5faf0b148d07979bb36082323bafa66fc448"", ""c1c05a8ba13a2926c42f725703c98fe23d061fca1b941341c82c68fd09fc1527"", ""02f16aa9d32c2123cc848e69fa4f5a6acc5eaa789f5291dd40f0f63379c39974""]",0.0,0.0,,,,"Helix AI Engineer, Data Infrastructure","Helix AI Engineer, Data Infrastructure | Helix AI Engineer, Reinforcement Learning | Helix AI Engineer, Generative AI | AI Training Infrastructure Engineer – Humanoid Whole Body Control | Helix AI Engineer, Pretraining","Helix AI Engineer, Data Infrastructure | Helix AI Engineer, Modeling | Helix AI Engineer, Pretraining | Helix AI Engineer, Localization and Mapping | Helix AI Engineer, Generative AI","Helix AI Engineer, Data Infrastructure | Helix AI Engineer, Generative AI | Helix AI Engineer, Pretraining | Helix AI Engineer, Reinforcement Learning | Helix AI Engineer, Modeling","Helix AI Engineer, Data Infrastructure | Helix AI Engineer, Generative AI | Helix AI Engineer, Pretraining | Helix AI Engineer, Reinforcement Learning | Helix AI Engineer, Video Pretraining"
official-05-2,"Design, build, and maintain tools and software components that offload, store, manipulate and provide access to robot data","{""0a59a8a5defd9d4d8667a85f36f511c6a9d787070af1f561d8de7060399ebb0c"": 3}","[""0a59a8a5defd9d4d8667a85f36f511c6a9d787070af1f561d8de7060399ebb0c"", ""e06e31c66b7ffa4e84f45cff09e46a9f58c4828c0a53239e6022a8011e6731c7"", ""2f0e3d2ed63dc83a4e3a6796d1e94a52d14431be5936849666e4872e9a0e5a73"", ""a348c6f5c005df2d721f2c06b4c51aa3c9caafade8e604315110fc5b4ed822b5"", ""b73b922f4af1b2a2e4a3167943581b60aef9cf2340f022877c17699262b879eb""]","[""3bf666c253c19894dbe27deb07d68ce3bd68efbe46903f1292a3806c56be640b"", ""b77e6b3d7caede0bfbcf4d62df9841a707956651099051cf4de62dd3a2a3599e"", ""e06e31c66b7ffa4e84f45cff09e46a9f58c4828c0a53239e6022a8011e6731c7"", ""a39440f627d72dfbfc52ba5e4663f2857cfc04e4e8a0f1497e74d63990542df0"", ""0a8ae0080aed861331479e76665c99325ed73c480103a34202fab31735988354""]","[""e06e31c66b7ffa4e84f45cff09e46a9f58c4828c0a53239e6022a8011e6731c7"", ""3bf666c253c19894dbe27deb07d68ce3bd68efbe46903f1292a3806c56be640b"", ""0a59a8a5defd9d4d8667a85f36f511c6a9d787070af1f561d8de7060399ebb0c"", ""a39440f627d72dfbfc52ba5e4663f2857cfc04e4e8a0f1497e74d63990542df0"", ""372b8d981e9a118724699820ec99464d3cef1b5afecb3504bd5984e0d20cf86e""]","[""0a59a8a5defd9d4d8667a85f36f511c6a9d787070af1f561d8de7060399ebb0c"", ""b9e710fd1e21f126e880ef384cb63538083b0cd62695ed14e8a82e9d7ea2de46"", ""3bf666c253c19894dbe27deb07d68ce3bd68efbe46903f1292a3806c56be640b"", ""a348c6f5c005df2d721f2c06b4c51aa3c9caafade8e604315110fc5b4ed822b5"", ""b73b922f4af1b2a2e4a3167943581b60aef9cf2340f022877c17699262b879eb""]",0.0,0.0,,,,"Helix AI Engineer, Data Infrastructure","Helix AI Engineer, Data Infrastructure | Deployment Engineer (Data Collection) | Demand Planner | Software Engineer, Manufacturing Systems | Data Strategy Associate","Software Engineer, Privacy & Data Governance | Humanoid Robot Operator & Data Creator — Fontana, CA (Customer Site) | Deployment Engineer (Data Collection) | Deployment Logistics Lead | Helix AI Engineer, Robot Learning","Deployment Engineer (Data Collection) | Software Engineer, Privacy & Data Governance | Helix AI Engineer, Data Infrastructure | Deployment Logistics Lead | AI Training Infrastructure Engineer – Humanoid Whole Body Control","Helix AI Engineer, Data Infrastructure | Helix AI Engineer, Localization and Mapping | Software Engineer, Privacy & Data Governance | Software Engineer, Manufacturing Systems | Data Strategy Associate"
official-05-3,Strong software engineering fundamentals,"{""0a59a8a5defd9d4d8667a85f36f511c6a9d787070af1f561d8de7060399ebb0c"": 3}","[""3bf666c253c19894dbe27deb07d68ce3bd68efbe46903f1292a3806c56be640b"", ""0a59a8a5defd9d4d8667a85f36f511c6a9d787070af1f561d8de7060399ebb0c"", ""372b8d981e9a118724699820ec99464d3cef1b5afecb3504bd5984e0d20cf86e"", ""c1c05a8ba13a2926c42f725703c98fe23d061fca1b941341c82c68fd09fc1527"", ""186cda7db8c456bcf680e72f263bd4f0e8cda1ceb47984f0502a119b6cf30d67""]","[""a348c6f5c005df2d721f2c06b4c51aa3c9caafade8e604315110fc5b4ed822b5"", ""b703c687faa83dff0253c44ec411d68cccda459db840e29fef3ad4f403e84f08"", ""ea07724278be54b49fb0ffb4f22d5faf0b148d07979bb36082323bafa66fc448"", ""372b8d981e9a118724699820ec99464d3cef1b5afecb3504bd5984e0d20cf86e"", ""3bf666c253c19894dbe27deb07d68ce3bd68efbe46903f1292a3806c56be640b""]","[""3bf666c253c19894dbe27deb07d68ce3bd68efbe46903f1292a3806c56be640b"", ""372b8d981e9a118724699820ec99464d3cef1b5afecb3504bd5984e0d20cf86e"", ""a348c6f5c005df2d721f2c06b4c51aa3c9caafade8e604315110fc5b4ed822b5"", ""b703c687faa83dff0253c44ec411d68cccda459db840e29fef3ad4f403e84f08"", ""0a59a8a5defd9d4d8667a85f36f511c6a9d787070af1f561d8de7060399ebb0c""]","[""372b8d981e9a118724699820ec99464d3cef1b5afecb3504bd5984e0d20cf86e"", ""0a59a8a5defd9d4d8667a85f36f511c6a9d787070af1f561d8de7060399ebb0c"", ""3bf666c253c19894dbe27deb07d68ce3bd68efbe46903f1292a3806c56be640b"", ""c1c05a8ba13a2926c42f725703c98fe23d061fca1b941341c82c68fd09fc1527"", ""79f5841c81f7ac714712f4d3ef1979d7e41748673024dfc15606019cd63d3958""]",0.0,0.0,,,,"Helix AI Engineer, Data Infrastructure","Software Engineer, Privacy & Data Governance | Helix AI Engineer, Data Infrastructure | AI Training Infrastructure Engineer – Humanoid Whole Body Control | Helix AI Engineer, Reinforcement Learning | Connector & Interconnect Design Engineer","Software Engineer, Manufacturing Systems | Manufacturing Software Test Engineer | Helix AI Engineer, Pretraining | AI Training Infrastructure Engineer – Humanoid Whole Body Control | Software Engineer, Privacy & Data Governance","Software Engineer, Privacy & Data Governance | AI Training Infrastructure Engineer – Humanoid Whole Body Control | Software Engineer, Manufacturing Systems | Manufacturing Software Test Engineer | Helix AI Engineer, Data Infrastructure","AI Training Infrastructure Engineer – Humanoid Whole Body Control | Helix AI Engineer, Data Infrastructure | Software Engineer, Privacy & Data Governance | Helix AI Engineer, Reinforcement Learning | Helix AI Engineer, Generative AI"
official-05-4,"Find roles focused on Helix AI Engineer, Data Infrastructure ","{""0a59a8a5defd9d4d8667a85f36f511c6a9d787070af1f561d8de7060399ebb0c"": 3}","[""0a59a8a5defd9d4d8667a85f36f511c6a9d787070af1f561d8de7060399ebb0c"", ""c1c05a8ba13a2926c42f725703c98fe23d061fca1b941341c82c68fd09fc1527"", ""66a4c6d7e0904dd601e4054abef7eee96e6301da500323e2300ed9648b004074"", ""23731858c455419d59ce5792533ec8a179c6327cdadbcf49ea15e73c1c081bba"", ""75607eba04e4875b1dd4b218186a8a81de822a26baa6964e95582795cf4f282e""]","[""0a59a8a5defd9d4d8667a85f36f511c6a9d787070af1f561d8de7060399ebb0c"", ""0a0fc1829659ebd979c603141aaea41d021b93f09dc893d3d9bbd68efaeefbdc"", ""b9e710fd1e21f126e880ef384cb63538083b0cd62695ed14e8a82e9d7ea2de46"", ""ea07724278be54b49fb0ffb4f22d5faf0b148d07979bb36082323bafa66fc448"", ""0a8ae0080aed861331479e76665c99325ed73c480103a34202fab31735988354""]","[""0a59a8a5defd9d4d8667a85f36f511c6a9d787070af1f561d8de7060399ebb0c"", ""c1c05a8ba13a2926c42f725703c98fe23d061fca1b941341c82c68fd09fc1527"", ""66a4c6d7e0904dd601e4054abef7eee96e6301da500323e2300ed9648b004074"", ""79f5841c81f7ac714712f4d3ef1979d7e41748673024dfc15606019cd63d3958"", ""23731858c455419d59ce5792533ec8a179c6327cdadbcf49ea15e73c1c081bba""]","[""0a59a8a5defd9d4d8667a85f36f511c6a9d787070af1f561d8de7060399ebb0c"", ""79f5841c81f7ac714712f4d3ef1979d7e41748673024dfc15606019cd63d3958"", ""c1c05a8ba13a2926c42f725703c98fe23d061fca1b941341c82c68fd09fc1527"", ""ea07724278be54b49fb0ffb4f22d5faf0b148d07979bb36082323bafa66fc448"", ""66a4c6d7e0904dd601e4054abef7eee96e6301da500323e2300ed9648b004074""]",0.0,0.0,,,,"Helix AI Engineer, Data Infrastructure","Helix AI Engineer, Data Infrastructure | Helix AI Engineer, Reinforcement Learning | Helix AI Engineer, Training Performance | Helix Data Creator | Associate General Counsel, Commercial","Helix AI Engineer, Data Infrastructure | Helix AI Engineer, Modeling | Helix AI Engineer, Localization and Mapping | Helix AI Engineer, Pretraining | Helix AI Engineer, Robot Learning","Helix AI Engineer, Data Infrastructure | Helix AI Engineer, Reinforcement Learning | Helix AI Engineer, Training Performance | Helix AI Engineer, Generative AI | Helix Data Creator","Helix AI Engineer, Data Infrastructure | Helix AI Engineer, Generative AI | Helix AI Engineer, Reinforcement Learning | Helix AI Engineer, Pretraining | Helix AI Engineer, Training Performance"
official-05-5,"岗位职责匹配：Design, build, and maintain tools and software components that offload, store, manipulate and provide access to robot data","{""0a59a8a5defd9d4d8667a85f36f511c6a9d787070af1f561d8de7060399ebb0c"": 3}","[""0a59a8a5defd9d4d8667a85f36f511c6a9d787070af1f561d8de7060399ebb0c"", ""e06e31c66b7ffa4e84f45cff09e46a9f58c4828c0a53239e6022a8011e6731c7"", ""2f0e3d2ed63dc83a4e3a6796d1e94a52d14431be5936849666e4872e9a0e5a73"", ""a348c6f5c005df2d721f2c06b4c51aa3c9caafade8e604315110fc5b4ed822b5"", ""b73b922f4af1b2a2e4a3167943581b60aef9cf2340f022877c17699262b879eb""]","[""3bf666c253c19894dbe27deb07d68ce3bd68efbe46903f1292a3806c56be640b"", ""372b8d981e9a118724699820ec99464d3cef1b5afecb3504bd5984e0d20cf86e"", ""819b7ab25d3641d3878a4f6e2dea005077f29528535c8a8aec9f727d904ed3c6"", ""b77e6b3d7caede0bfbcf4d62df9841a707956651099051cf4de62dd3a2a3599e"", ""e06e31c66b7ffa4e84f45cff09e46a9f58c4828c0a53239e6022a8011e6731c7""]","[""3bf666c253c19894dbe27deb07d68ce3bd68efbe46903f1292a3806c56be640b"", ""e06e31c66b7ffa4e84f45cff09e46a9f58c4828c0a53239e6022a8011e6731c7"", ""372b8d981e9a118724699820ec99464d3cef1b5afecb3504bd5984e0d20cf86e"", ""0a59a8a5defd9d4d8667a85f36f511c6a9d787070af1f561d8de7060399ebb0c"", ""2f0e3d2ed63dc83a4e3a6796d1e94a52d14431be5936849666e4872e9a0e5a73""]","[""0a59a8a5defd9d4d8667a85f36f511c6a9d787070af1f561d8de7060399ebb0c"", ""b73b922f4af1b2a2e4a3167943581b60aef9cf2340f022877c17699262b879eb"", ""b9e710fd1e21f126e880ef384cb63538083b0cd62695ed14e8a82e9d7ea2de46"", ""a348c6f5c005df2d721f2c06b4c51aa3c9caafade8e604315110fc5b4ed822b5"", ""b703c687faa83dff0253c44ec411d68cccda459db840e29fef3ad4f403e84f08""]",0.0,0.0,,,,"Helix AI Engineer, Data Infrastructure","Helix AI Engineer, Data Infrastructure | Deployment Engineer (Data Collection) | Demand Planner | Software Engineer, Manufacturing Systems | Data Strategy Associate","Software Engineer, Privacy & Data Governance | AI Training Infrastructure Engineer – Humanoid Whole Body Control | State Estimation Engineer - Data Collection Systems | Humanoid Robot Operator & Data Creator — Fontana, CA (Customer Site) | Deployment Engineer (Data Collection)","Software Engineer, Privacy & Data Governance | Deployment Engineer (Data Collection) | AI Training Infrastructure Engineer – Humanoid Whole Body Control | Helix AI Engineer, Data Infrastructure | Demand Planner","Helix AI Engineer, Data Infrastructure | Data Strategy Associate | Helix AI Engineer, Localization and Mapping | Software Engineer, Manufacturing Systems | Manufacturing Software Test Engineer"
official-06-1,"Helix AI Engineer, Generative AI","{""79f5841c81f7ac714712f4d3ef1979d7e41748673024dfc15606019cd63d3958"": 3}","[""79f5841c81f7ac714712f4d3ef1979d7e41748673024dfc15606019cd63d3958"", ""0a0fc1829659ebd979c603141aaea41d021b93f09dc893d3d9bbd68efaeefbdc"", ""ea07724278be54b49fb0ffb4f22d5faf0b148d07979bb36082323bafa66fc448"", ""c1c05a8ba13a2926c42f725703c98fe23d061fca1b941341c82c68fd09fc1527"", ""02f16aa9d32c2123cc848e69fa4f5a6acc5eaa789f5291dd40f0f63379c39974""]","[""79f5841c81f7ac714712f4d3ef1979d7e41748673024dfc15606019cd63d3958"", ""0a0fc1829659ebd979c603141aaea41d021b93f09dc893d3d9bbd68efaeefbdc"", ""ea07724278be54b49fb0ffb4f22d5faf0b148d07979bb36082323bafa66fc448"", ""b9e710fd1e21f126e880ef384cb63538083b0cd62695ed14e8a82e9d7ea2de46"", ""0a8ae0080aed861331479e76665c99325ed73c480103a34202fab31735988354""]","[""79f5841c81f7ac714712f4d3ef1979d7e41748673024dfc15606019cd63d3958"", ""0a0fc1829659ebd979c603141aaea41d021b93f09dc893d3d9bbd68efaeefbdc"", ""ea07724278be54b49fb0ffb4f22d5faf0b148d07979bb36082323bafa66fc448"", ""02f16aa9d32c2123cc848e69fa4f5a6acc5eaa789f5291dd40f0f63379c39974"", ""b9e710fd1e21f126e880ef384cb63538083b0cd62695ed14e8a82e9d7ea2de46""]","[""79f5841c81f7ac714712f4d3ef1979d7e41748673024dfc15606019cd63d3958"", ""0a0fc1829659ebd979c603141aaea41d021b93f09dc893d3d9bbd68efaeefbdc"", ""ea07724278be54b49fb0ffb4f22d5faf0b148d07979bb36082323bafa66fc448"", ""c1c05a8ba13a2926c42f725703c98fe23d061fca1b941341c82c68fd09fc1527"", ""0a8ae0080aed861331479e76665c99325ed73c480103a34202fab31735988354""]",0.0,0.0,,,,"Helix AI Engineer, Generative AI","Helix AI Engineer, Generative AI | Helix AI Engineer, Modeling | Helix AI Engineer, Pretraining | Helix AI Engineer, Reinforcement Learning | Helix AI Engineer, Video Pretraining","Helix AI Engineer, Generative AI | Helix AI Engineer, Modeling | Helix AI Engineer, Pretraining | Helix AI Engineer, Localization and Mapping | Helix AI Engineer, Robot Learning","Helix AI Engineer, Generative AI | Helix AI Engineer, Modeling | Helix AI Engineer, Pretraining | Helix AI Engineer, Video Pretraining | Helix AI Engineer, Localization and Mapping","Helix AI Engineer, Generative AI | Helix AI Engineer, Modeling | Helix AI Engineer, Pretraining | Helix AI Engineer, Reinforcement Learning | Helix AI Engineer, Robot Learning"
official-06-2,"Design, train, and deploy large-scale generative models, with a focus on diffusion-based approaches for vision, video, and multimodal data","{""79f5841c81f7ac714712f4d3ef1979d7e41748673024dfc15606019cd63d3958"": 3}","[""79f5841c81f7ac714712f4d3ef1979d7e41748673024dfc15606019cd63d3958"", ""02f16aa9d32c2123cc848e69fa4f5a6acc5eaa789f5291dd40f0f63379c39974"", ""ea07724278be54b49fb0ffb4f22d5faf0b148d07979bb36082323bafa66fc448"", ""0a0fc1829659ebd979c603141aaea41d021b93f09dc893d3d9bbd68efaeefbdc"", ""c1c05a8ba13a2926c42f725703c98fe23d061fca1b941341c82c68fd09fc1527""]","[""79f5841c81f7ac714712f4d3ef1979d7e41748673024dfc15606019cd63d3958"", ""02f16aa9d32c2123cc848e69fa4f5a6acc5eaa789f5291dd40f0f63379c39974"", ""0a0fc1829659ebd979c603141aaea41d021b93f09dc893d3d9bbd68efaeefbdc"", ""ea07724278be54b49fb0ffb4f22d5faf0b148d07979bb36082323bafa66fc448"", ""66a4c6d7e0904dd601e4054abef7eee96e6301da500323e2300ed9648b004074""]","[""79f5841c81f7ac714712f4d3ef1979d7e41748673024dfc15606019cd63d3958"", ""02f16aa9d32c2123cc848e69fa4f5a6acc5eaa789f5291dd40f0f63379c39974"", ""ea07724278be54b49fb0ffb4f22d5faf0b148d07979bb36082323bafa66fc448"", ""0a0fc1829659ebd979c603141aaea41d021b93f09dc893d3d9bbd68efaeefbdc"", ""66a4c6d7e0904dd601e4054abef7eee96e6301da500323e2300ed9648b004074""]","[""79f5841c81f7ac714712f4d3ef1979d7e41748673024dfc15606019cd63d3958"", ""02f16aa9d32c2123cc848e69fa4f5a6acc5eaa789f5291dd40f0f63379c39974"", ""ea07724278be54b49fb0ffb4f22d5faf0b148d07979bb36082323bafa66fc448"", ""0a0fc1829659ebd979c603141aaea41d021b93f09dc893d3d9bbd68efaeefbdc"", ""3cff0238e9827ea8937e6bcbb0a6cc3e2cc5e5ea7ba7597bacb353d3de745bbe""]",0.0,0.0,,,,"Helix AI Engineer, Generative AI","Helix AI Engineer, Generative AI | Helix AI Engineer, Video Pretraining | Helix AI Engineer, Pretraining | Helix AI Engineer, Modeling | Helix AI Engineer, Reinforcement Learning","Helix AI Engineer, Generative AI | Helix AI Engineer, Video Pretraining | Helix AI Engineer, Modeling | Helix AI Engineer, Pretraining | Helix AI Engineer, Training Performance","Helix AI Engineer, Generative AI | Helix AI Engineer, Video Pretraining | Helix AI Engineer, Pretraining | Helix AI Engineer, Modeling | Helix AI Engineer, Training Performance","Helix AI Engineer, Generative AI | Helix AI Engineer, Video Pretraining | Helix AI Engineer, Pretraining | Helix AI Engineer, Modeling | Helix AI Engineer, Perception"
official-06-3,"Experience training and deploying generative models (diffusion, autoregressive, or related approaches) at scale","{""79f5841c81f7ac714712f4d3ef1979d7e41748673024dfc15606019cd63d3958"": 3}","[""79f5841c81f7ac714712f4d3ef1979d7e41748673024dfc15606019cd63d3958"", ""02f16aa9d32c2123cc848e69fa4f5a6acc5eaa789f5291dd40f0f63379c39974"", ""0a0fc1829659ebd979c603141aaea41d021b93f09dc893d3d9bbd68efaeefbdc"", ""ea07724278be54b49fb0ffb4f22d5faf0b148d07979bb36082323bafa66fc448"", ""3cff0238e9827ea8937e6bcbb0a6cc3e2cc5e5ea7ba7597bacb353d3de745bbe""]","[""79f5841c81f7ac714712f4d3ef1979d7e41748673024dfc15606019cd63d3958"", ""e06e31c66b7ffa4e84f45cff09e46a9f58c4828c0a53239e6022a8011e6731c7"", ""ea07724278be54b49fb0ffb4f22d5faf0b148d07979bb36082323bafa66fc448"", ""c1c05a8ba13a2926c42f725703c98fe23d061fca1b941341c82c68fd09fc1527"", ""66a4c6d7e0904dd601e4054abef7eee96e6301da500323e2300ed9648b004074""]","[""79f5841c81f7ac714712f4d3ef1979d7e41748673024dfc15606019cd63d3958"", ""ea07724278be54b49fb0ffb4f22d5faf0b148d07979bb36082323bafa66fc448"", ""02f16aa9d32c2123cc848e69fa4f5a6acc5eaa789f5291dd40f0f63379c39974"", ""0a0fc1829659ebd979c603141aaea41d021b93f09dc893d3d9bbd68efaeefbdc"", ""c1c05a8ba13a2926c42f725703c98fe23d061fca1b941341c82c68fd09fc1527""]","[""79f5841c81f7ac714712f4d3ef1979d7e41748673024dfc15606019cd63d3958"", ""372b8d981e9a118724699820ec99464d3cef1b5afecb3504bd5984e0d20cf86e"", ""ea07724278be54b49fb0ffb4f22d5faf0b148d07979bb36082323bafa66fc448"", ""02f16aa9d32c2123cc848e69fa4f5a6acc5eaa789f5291dd40f0f63379c39974"", ""0a0fc1829659ebd979c603141aaea41d021b93f09dc893d3d9bbd68efaeefbdc""]",0.0,0.0,,,,"Helix AI Engineer, Generative AI","Helix AI Engineer, Generative AI | Helix AI Engineer, Video Pretraining | Helix AI Engineer, Modeling | Helix AI Engineer, Pretraining | Helix AI Engineer, Perception","Helix AI Engineer, Generative AI | Deployment Engineer (Data Collection) | Helix AI Engineer, Pretraining | Helix AI Engineer, Reinforcement Learning | Helix AI Engineer, Training Performance","Helix AI Engineer, Generative AI | Helix AI Engineer, Pretraining | Helix AI Engineer, Video Pretraining | Helix AI Engineer, Modeling | Helix AI Engineer, Reinforcement Learning","Helix AI Engineer, Generative AI | AI Training Infrastructure Engineer – Humanoid Whole Body Control | Helix AI Engineer, Pretraining | Helix AI Engineer, Video Pretraining | Helix AI Engineer, Modeling"
official-06-4,"Find roles focused on Helix AI Engineer, Generative AI","{""79f5841c81f7ac714712f4d3ef1979d7e41748673024dfc15606019cd63d3958"": 3}","[""79f5841c81f7ac714712f4d3ef1979d7e41748673024dfc15606019cd63d3958"", ""0a59a8a5defd9d4d8667a85f36f511c6a9d787070af1f561d8de7060399ebb0c"", ""ea07724278be54b49fb0ffb4f22d5faf0b148d07979bb36082323bafa66fc448"", ""0a0fc1829659ebd979c603141aaea41d021b93f09dc893d3d9bbd68efaeefbdc"", ""66a4c6d7e0904dd601e4054abef7eee96e6301da500323e2300ed9648b004074""]","[""79f5841c81f7ac714712f4d3ef1979d7e41748673024dfc15606019cd63d3958"", ""0a0fc1829659ebd979c603141aaea41d021b93f09dc893d3d9bbd68efaeefbdc"", ""0a8ae0080aed861331479e76665c99325ed73c480103a34202fab31735988354"", ""b9e710fd1e21f126e880ef384cb63538083b0cd62695ed14e8a82e9d7ea2de46"", ""c1c05a8ba13a2926c42f725703c98fe23d061fca1b941341c82c68fd09fc1527""]","[""79f5841c81f7ac714712f4d3ef1979d7e41748673024dfc15606019cd63d3958"", ""0a0fc1829659ebd979c603141aaea41d021b93f09dc893d3d9bbd68efaeefbdc"", ""ea07724278be54b49fb0ffb4f22d5faf0b148d07979bb36082323bafa66fc448"", ""c1c05a8ba13a2926c42f725703c98fe23d061fca1b941341c82c68fd09fc1527"", ""66a4c6d7e0904dd601e4054abef7eee96e6301da500323e2300ed9648b004074""]","[""79f5841c81f7ac714712f4d3ef1979d7e41748673024dfc15606019cd63d3958"", ""0a0fc1829659ebd979c603141aaea41d021b93f09dc893d3d9bbd68efaeefbdc"", ""0a59a8a5defd9d4d8667a85f36f511c6a9d787070af1f561d8de7060399ebb0c"", ""c1c05a8ba13a2926c42f725703c98fe23d061fca1b941341c82c68fd09fc1527"", ""ea07724278be54b49fb0ffb4f22d5faf0b148d07979bb36082323bafa66fc448""]",0.0,0.0,,,,"Helix AI Engineer, Generative AI","Helix AI Engineer, Generative AI | Helix AI Engineer, Data Infrastructure | Helix AI Engineer, Pretraining | Helix AI Engineer, Modeling | Helix AI Engineer, Training Performance","Helix AI Engineer, Generative AI | Helix AI Engineer, Modeling | Helix AI Engineer, Robot Learning | Helix AI Engineer, Localization and Mapping | Helix AI Engineer, Reinforcement Learning","Helix AI Engineer, Generative AI | Helix AI Engineer, Modeling | Helix AI Engineer, Pretraining | Helix AI Engineer, Reinforcement Learning | Helix AI Engineer, Training Performance","Helix AI Engineer, Generative AI | Helix AI Engineer, Modeling | Helix AI Engineer, Data Infrastructure | Helix AI Engineer, Reinforcement Learning | Helix AI Engineer, Pretraining"
official-06-5,"岗位职责匹配：Design, train, and deploy large-scale generative models, with a focus on diffusion-based approaches for vision, video, and multimodal data","{""79f5841c81f7ac714712f4d3ef1979d7e41748673024dfc15606019cd63d3958"": 3}","[""79f5841c81f7ac714712f4d3ef1979d7e41748673024dfc15606019cd63d3958"", ""02f16aa9d32c2123cc848e69fa4f5a6acc5eaa789f5291dd40f0f63379c39974"", ""ea07724278be54b49fb0ffb4f22d5faf0b148d07979bb36082323bafa66fc448"", ""0a0fc1829659ebd979c603141aaea41d021b93f09dc893d3d9bbd68efaeefbdc"", ""c1c05a8ba13a2926c42f725703c98fe23d061fca1b941341c82c68fd09fc1527""]","[""79f5841c81f7ac714712f4d3ef1979d7e41748673024dfc15606019cd63d3958"", ""02f16aa9d32c2123cc848e69fa4f5a6acc5eaa789f5291dd40f0f63379c39974"", ""0a0fc1829659ebd979c603141aaea41d021b93f09dc893d3d9bbd68efaeefbdc"", ""ea07724278be54b49fb0ffb4f22d5faf0b148d07979bb36082323bafa66fc448"", ""e06e31c66b7ffa4e84f45cff09e46a9f58c4828c0a53239e6022a8011e6731c7""]","[""79f5841c81f7ac714712f4d3ef1979d7e41748673024dfc15606019cd63d3958"", ""02f16aa9d32c2123cc848e69fa4f5a6acc5eaa789f5291dd40f0f63379c39974"", ""ea07724278be54b49fb0ffb4f22d5faf0b148d07979bb36082323bafa66fc448"", ""0a0fc1829659ebd979c603141aaea41d021b93f09dc893d3d9bbd68efaeefbdc"", ""66a4c6d7e0904dd601e4054abef7eee96e6301da500323e2300ed9648b004074""]","[""79f5841c81f7ac714712f4d3ef1979d7e41748673024dfc15606019cd63d3958"", ""02f16aa9d32c2123cc848e69fa4f5a6acc5eaa789f5291dd40f0f63379c39974"", ""ea07724278be54b49fb0ffb4f22d5faf0b148d07979bb36082323bafa66fc448"", ""0a0fc1829659ebd979c603141aaea41d021b93f09dc893d3d9bbd68efaeefbdc"", ""0a8ae0080aed861331479e76665c99325ed73c480103a34202fab31735988354""]",0.0,0.0,,,,"Helix AI Engineer, Generative AI","Helix AI Engineer, Generative AI | Helix AI Engineer, Video Pretraining | Helix AI Engineer, Pretraining | Helix AI Engineer, Modeling | Helix AI Engineer, Reinforcement Learning","Helix AI Engineer, Generative AI | Helix AI Engineer, Video Pretraining | Helix AI Engineer, Modeling | Helix AI Engineer, Pretraining | Deployment Engineer (Data Collection)","Helix AI Engineer, Generative AI | Helix AI Engineer, Video Pretraining | Helix AI Engineer, Pretraining | Helix AI Engineer, Modeling | Helix AI Engineer, Training Performance","Helix AI Engineer, Generative AI | Helix AI Engineer, Video Pretraining | Helix AI Engineer, Pretraining | Helix AI Engineer, Modeling | Helix AI Engineer, Robot Learning"
official-07-1,"Helix AI Engineer, Localization and Mapping","{""b9e710fd1e21f126e880ef384cb63538083b0cd62695ed14e8a82e9d7ea2de46"": 3}","[""b9e710fd1e21f126e880ef384cb63538083b0cd62695ed14e8a82e9d7ea2de46"", ""3cff0238e9827ea8937e6bcbb0a6cc3e2cc5e5ea7ba7597bacb353d3de745bbe"", ""0a0fc1829659ebd979c603141aaea41d021b93f09dc893d3d9bbd68efaeefbdc"", ""ea07724278be54b49fb0ffb4f22d5faf0b148d07979bb36082323bafa66fc448"", ""79f5841c81f7ac714712f4d3ef1979d7e41748673024dfc15606019cd63d3958""]","[""b9e710fd1e21f126e880ef384cb63538083b0cd62695ed14e8a82e9d7ea2de46"", ""0a0fc1829659ebd979c603141aaea41d021b93f09dc893d3d9bbd68efaeefbdc"", ""0a8ae0080aed861331479e76665c99325ed73c480103a34202fab31735988354"", ""ea07724278be54b49fb0ffb4f22d5faf0b148d07979bb36082323bafa66fc448"", ""79f5841c81f7ac714712f4d3ef1979d7e41748673024dfc15606019cd63d3958""]","[""b9e710fd1e21f126e880ef384cb63538083b0cd62695ed14e8a82e9d7ea2de46"", ""0a0fc1829659ebd979c603141aaea41d021b93f09dc893d3d9bbd68efaeefbdc"", ""ea07724278be54b49fb0ffb4f22d5faf0b148d07979bb36082323bafa66fc448"", ""3cff0238e9827ea8937e6bcbb0a6cc3e2cc5e5ea7ba7597bacb353d3de745bbe"", ""79f5841c81f7ac714712f4d3ef1979d7e41748673024dfc15606019cd63d3958""]","[""b9e710fd1e21f126e880ef384cb63538083b0cd62695ed14e8a82e9d7ea2de46"", ""3cff0238e9827ea8937e6bcbb0a6cc3e2cc5e5ea7ba7597bacb353d3de745bbe"", ""0a0fc1829659ebd979c603141aaea41d021b93f09dc893d3d9bbd68efaeefbdc"", ""ea07724278be54b49fb0ffb4f22d5faf0b148d07979bb36082323bafa66fc448"", ""0a8ae0080aed861331479e76665c99325ed73c480103a34202fab31735988354""]",0.0,0.0,,,,"Helix AI Engineer, Localization and Mapping","Helix AI Engineer, Localization and Mapping | Helix AI Engineer, Perception | Helix AI Engineer, Modeling | Helix AI Engineer, Pretraining | Helix AI Engineer, Generative AI","Helix AI Engineer, Localization and Mapping | Helix AI Engineer, Modeling | Helix AI Engineer, Robot Learning | Helix AI Engineer, Pretraining | Helix AI Engineer, Generative AI","Helix AI Engineer, Localization and Mapping | Helix AI Engineer, Modeling | Helix AI Engineer, Pretraining | Helix AI Engineer, Perception | Helix AI Engineer, Generative AI","Helix AI Engineer, Localization and Mapping | Helix AI Engineer, Perception | Helix AI Engineer, Modeling | Helix AI Engineer, Pretraining | Helix AI Engineer, Robot Learning"
official-07-2,"Architect and implement real-time localization, ego-motion tracking, and state estimation systems by fusing multi-modal sensor data (cameras, IMUs, encoders, magnetic sensors).","{""b9e710fd1e21f126e880ef384cb63538083b0cd62695ed14e8a82e9d7ea2de46"": 3}","[""b9e710fd1e21f126e880ef384cb63538083b0cd62695ed14e8a82e9d7ea2de46"", ""819b7ab25d3641d3878a4f6e2dea005077f29528535c8a8aec9f727d904ed3c6"", ""79f5841c81f7ac714712f4d3ef1979d7e41748673024dfc15606019cd63d3958"", ""1f9f2467de3e4708c9577641bda5d53235417f44365da66ec663e0915b9106e5"", ""b703c687faa83dff0253c44ec411d68cccda459db840e29fef3ad4f403e84f08""]","[""b9e710fd1e21f126e880ef384cb63538083b0cd62695ed14e8a82e9d7ea2de46"", ""819b7ab25d3641d3878a4f6e2dea005077f29528535c8a8aec9f727d904ed3c6"", ""372b8d981e9a118724699820ec99464d3cef1b5afecb3504bd5984e0d20cf86e"", ""0a0fc1829659ebd979c603141aaea41d021b93f09dc893d3d9bbd68efaeefbdc"", ""2f0e3d2ed63dc83a4e3a6796d1e94a52d14431be5936849666e4872e9a0e5a73""]","[""b9e710fd1e21f126e880ef384cb63538083b0cd62695ed14e8a82e9d7ea2de46"", ""819b7ab25d3641d3878a4f6e2dea005077f29528535c8a8aec9f727d904ed3c6"", ""c157b426dd7167bc1359eecf26ec5fbc98b35e4202a41de9d6650964f9df3c17"", ""02f16aa9d32c2123cc848e69fa4f5a6acc5eaa789f5291dd40f0f63379c39974"", ""0a0fc1829659ebd979c603141aaea41d021b93f09dc893d3d9bbd68efaeefbdc""]","[""b9e710fd1e21f126e880ef384cb63538083b0cd62695ed14e8a82e9d7ea2de46"", ""819b7ab25d3641d3878a4f6e2dea005077f29528535c8a8aec9f727d904ed3c6"", ""ea07724278be54b49fb0ffb4f22d5faf0b148d07979bb36082323bafa66fc448"", ""3cff0238e9827ea8937e6bcbb0a6cc3e2cc5e5ea7ba7597bacb353d3de745bbe"", ""0a59a8a5defd9d4d8667a85f36f511c6a9d787070af1f561d8de7060399ebb0c""]",0.0,0.0,,,,"Helix AI Engineer, Localization and Mapping","Helix AI Engineer, Localization and Mapping | State Estimation Engineer - Data Collection Systems | Helix AI Engineer, Generative AI | Helix Data Creator | Manufacturing Software Test Engineer","Helix AI Engineer, Localization and Mapping | State Estimation Engineer - Data Collection Systems | AI Training Infrastructure Engineer – Humanoid Whole Body Control | Helix AI Engineer, Modeling | Demand Planner","Helix AI Engineer, Localization and Mapping | State Estimation Engineer - Data Collection Systems | Lead, Data Operations Global Expansion | Helix AI Engineer, Video Pretraining | Helix AI Engineer, Modeling","Helix AI Engineer, Localization and Mapping | State Estimation Engineer - Data Collection Systems | Helix AI Engineer, Pretraining | Helix AI Engineer, Perception | Helix AI Engineer, Data Infrastructure"
official-07-3,Deep technical expertise in solving complex estimation and nonlinear optimization problems.,"{""b9e710fd1e21f126e880ef384cb63538083b0cd62695ed14e8a82e9d7ea2de46"": 3}","[""b9e710fd1e21f126e880ef384cb63538083b0cd62695ed14e8a82e9d7ea2de46"", ""819b7ab25d3641d3878a4f6e2dea005077f29528535c8a8aec9f727d904ed3c6"", ""3cff0238e9827ea8937e6bcbb0a6cc3e2cc5e5ea7ba7597bacb353d3de745bbe"", ""c1c05a8ba13a2926c42f725703c98fe23d061fca1b941341c82c68fd09fc1527"", ""ea07724278be54b49fb0ffb4f22d5faf0b148d07979bb36082323bafa66fc448""]","[""b9e710fd1e21f126e880ef384cb63538083b0cd62695ed14e8a82e9d7ea2de46"", ""819b7ab25d3641d3878a4f6e2dea005077f29528535c8a8aec9f727d904ed3c6"", ""ea07724278be54b49fb0ffb4f22d5faf0b148d07979bb36082323bafa66fc448"", ""0a0fc1829659ebd979c603141aaea41d021b93f09dc893d3d9bbd68efaeefbdc"", ""c1c05a8ba13a2926c42f725703c98fe23d061fca1b941341c82c68fd09fc1527""]","[""b9e710fd1e21f126e880ef384cb63538083b0cd62695ed14e8a82e9d7ea2de46"", ""819b7ab25d3641d3878a4f6e2dea005077f29528535c8a8aec9f727d904ed3c6"", ""ea07724278be54b49fb0ffb4f22d5faf0b148d07979bb36082323bafa66fc448"", ""c1c05a8ba13a2926c42f725703c98fe23d061fca1b941341c82c68fd09fc1527"", ""0a0fc1829659ebd979c603141aaea41d021b93f09dc893d3d9bbd68efaeefbdc""]","[""b9e710fd1e21f126e880ef384cb63538083b0cd62695ed14e8a82e9d7ea2de46"", ""819b7ab25d3641d3878a4f6e2dea005077f29528535c8a8aec9f727d904ed3c6"", ""3cff0238e9827ea8937e6bcbb0a6cc3e2cc5e5ea7ba7597bacb353d3de745bbe"", ""ea07724278be54b49fb0ffb4f22d5faf0b148d07979bb36082323bafa66fc448"", ""c1c05a8ba13a2926c42f725703c98fe23d061fca1b941341c82c68fd09fc1527""]",0.0,0.0,,,,"Helix AI Engineer, Localization and Mapping","Helix AI Engineer, Localization and Mapping | State Estimation Engineer - Data Collection Systems | Helix AI Engineer, Perception | Helix AI Engineer, Reinforcement Learning | Helix AI Engineer, Pretraining","Helix AI Engineer, Localization and Mapping | State Estimation Engineer - Data Collection Systems | Helix AI Engineer, Pretraining | Helix AI Engineer, Modeling | Helix AI Engineer, Reinforcement Learning","Helix AI Engineer, Localization and Mapping | State Estimation Engineer - Data Collection Systems | Helix AI Engineer, Pretraining | Helix AI Engineer, Reinforcement Learning | Helix AI Engineer, Modeling","Helix AI Engineer, Localization and Mapping | State Estimation Engineer - Data Collection Systems | Helix AI Engineer, Perception | Helix AI Engineer, Pretraining | Helix AI Engineer, Reinforcement Learning"
official-07-4,"Find roles focused on Helix AI Engineer, Localization and Mapping","{""b9e710fd1e21f126e880ef384cb63538083b0cd62695ed14e8a82e9d7ea2de46"": 3}","[""b9e710fd1e21f126e880ef384cb63538083b0cd62695ed14e8a82e9d7ea2de46"", ""0a59a8a5defd9d4d8667a85f36f511c6a9d787070af1f561d8de7060399ebb0c"", ""3cff0238e9827ea8937e6bcbb0a6cc3e2cc5e5ea7ba7597bacb353d3de745bbe"", ""66a4c6d7e0904dd601e4054abef7eee96e6301da500323e2300ed9648b004074"", ""23731858c455419d59ce5792533ec8a179c6327cdadbcf49ea15e73c1c081bba""]","[""b9e710fd1e21f126e880ef384cb63538083b0cd62695ed14e8a82e9d7ea2de46"", ""0a0fc1829659ebd979c603141aaea41d021b93f09dc893d3d9bbd68efaeefbdc"", ""0a8ae0080aed861331479e76665c99325ed73c480103a34202fab31735988354"", ""c1c05a8ba13a2926c42f725703c98fe23d061fca1b941341c82c68fd09fc1527"", ""ea07724278be54b49fb0ffb4f22d5faf0b148d07979bb36082323bafa66fc448""]","[""b9e710fd1e21f126e880ef384cb63538083b0cd62695ed14e8a82e9d7ea2de46"", ""66a4c6d7e0904dd601e4054abef7eee96e6301da500323e2300ed9648b004074"", ""0a59a8a5defd9d4d8667a85f36f511c6a9d787070af1f561d8de7060399ebb0c"", ""3cff0238e9827ea8937e6bcbb0a6cc3e2cc5e5ea7ba7597bacb353d3de745bbe"", ""23731858c455419d59ce5792533ec8a179c6327cdadbcf49ea15e73c1c081bba""]","[""b9e710fd1e21f126e880ef384cb63538083b0cd62695ed14e8a82e9d7ea2de46"", ""0a59a8a5defd9d4d8667a85f36f511c6a9d787070af1f561d8de7060399ebb0c"", ""3cff0238e9827ea8937e6bcbb0a6cc3e2cc5e5ea7ba7597bacb353d3de745bbe"", ""66a4c6d7e0904dd601e4054abef7eee96e6301da500323e2300ed9648b004074"", ""79f5841c81f7ac714712f4d3ef1979d7e41748673024dfc15606019cd63d3958""]",0.0,0.0,,,,"Helix AI Engineer, Localization and Mapping","Helix AI Engineer, Localization and Mapping | Helix AI Engineer, Data Infrastructure | Helix AI Engineer, Perception | Helix AI Engineer, Training Performance | Helix Data Creator","Helix AI Engineer, Localization and Mapping | Helix AI Engineer, Modeling | Helix AI Engineer, Robot Learning | Helix AI Engineer, Reinforcement Learning | Helix AI Engineer, Pretraining","Helix AI Engineer, Localization and Mapping | Helix AI Engineer, Training Performance | Helix AI Engineer, Data Infrastructure | Helix AI Engineer, Perception | Helix Data Creator","Helix AI Engineer, Localization and Mapping | Helix AI Engineer, Data Infrastructure | Helix AI Engineer, Perception | Helix AI Engineer, Training Performance | Helix AI Engineer, Generative AI"
official-07-5,"岗位职责匹配：Architect and implement real-time localization, ego-motion tracking, and state estimation systems by fusing multi-modal sensor data (cameras, IMUs, encoders, magnetic sensors).","{""b9e710fd1e21f126e880ef384cb63538083b0cd62695ed14e8a82e9d7ea2de46"": 3}","[""b9e710fd1e21f126e880ef384cb63538083b0cd62695ed14e8a82e9d7ea2de46"", ""819b7ab25d3641d3878a4f6e2dea005077f29528535c8a8aec9f727d904ed3c6"", ""79f5841c81f7ac714712f4d3ef1979d7e41748673024dfc15606019cd63d3958"", ""1f9f2467de3e4708c9577641bda5d53235417f44365da66ec663e0915b9106e5"", ""b703c687faa83dff0253c44ec411d68cccda459db840e29fef3ad4f403e84f08""]","[""b9e710fd1e21f126e880ef384cb63538083b0cd62695ed14e8a82e9d7ea2de46"", ""819b7ab25d3641d3878a4f6e2dea005077f29528535c8a8aec9f727d904ed3c6"", ""372b8d981e9a118724699820ec99464d3cef1b5afecb3504bd5984e0d20cf86e"", ""2f0e3d2ed63dc83a4e3a6796d1e94a52d14431be5936849666e4872e9a0e5a73"", ""186cda7db8c456bcf680e72f263bd4f0e8cda1ceb47984f0502a119b6cf30d67""]","[""b9e710fd1e21f126e880ef384cb63538083b0cd62695ed14e8a82e9d7ea2de46"", ""819b7ab25d3641d3878a4f6e2dea005077f29528535c8a8aec9f727d904ed3c6"", ""1f9f2467de3e4708c9577641bda5d53235417f44365da66ec663e0915b9106e5"", ""c157b426dd7167bc1359eecf26ec5fbc98b35e4202a41de9d6650964f9df3c17"", ""3bf666c253c19894dbe27deb07d68ce3bd68efbe46903f1292a3806c56be640b""]","[""b9e710fd1e21f126e880ef384cb63538083b0cd62695ed14e8a82e9d7ea2de46"", ""819b7ab25d3641d3878a4f6e2dea005077f29528535c8a8aec9f727d904ed3c6"", ""ea07724278be54b49fb0ffb4f22d5faf0b148d07979bb36082323bafa66fc448"", ""0a0fc1829659ebd979c603141aaea41d021b93f09dc893d3d9bbd68efaeefbdc"", ""3cff0238e9827ea8937e6bcbb0a6cc3e2cc5e5ea7ba7597bacb353d3de745bbe""]",0.0,0.0,,,,"Helix AI Engineer, Localization and Mapping","Helix AI Engineer, Localization and Mapping | State Estimation Engineer - Data Collection Systems | Helix AI Engineer, Generative AI | Helix Data Creator | Manufacturing Software Test Engineer","Helix AI Engineer, Localization and Mapping | State Estimation Engineer - Data Collection Systems | AI Training Infrastructure Engineer – Humanoid Whole Body Control | Demand Planner | Connector & Interconnect Design Engineer","Helix AI Engineer, Localization and Mapping | State Estimation Engineer - Data Collection Systems | Helix Data Creator | Lead, Data Operations Global Expansion | Software Engineer, Privacy & Data Governance","Helix AI Engineer, Localization and Mapping | State Estimation Engineer - Data Collection Systems | Helix AI Engineer, Pretraining | Helix AI Engineer, Modeling | Helix AI Engineer, Perception"
official-08-1,"Helix AI Engineer, Modeling","{""0a0fc1829659ebd979c603141aaea41d021b93f09dc893d3d9bbd68efaeefbdc"": 3}","[""0a0fc1829659ebd979c603141aaea41d021b93f09dc893d3d9bbd68efaeefbdc"", ""79f5841c81f7ac714712f4d3ef1979d7e41748673024dfc15606019cd63d3958"", ""c1c05a8ba13a2926c42f725703c98fe23d061fca1b941341c82c68fd09fc1527"", ""02f16aa9d32c2123cc848e69fa4f5a6acc5eaa789f5291dd40f0f63379c39974"", ""ea07724278be54b49fb0ffb4f22d5faf0b148d07979bb36082323bafa66fc448""]","[""0a0fc1829659ebd979c603141aaea41d021b93f09dc893d3d9bbd68efaeefbdc"", ""79f5841c81f7ac714712f4d3ef1979d7e41748673024dfc15606019cd63d3958"", ""b9e710fd1e21f126e880ef384cb63538083b0cd62695ed14e8a82e9d7ea2de46"", ""0a8ae0080aed861331479e76665c99325ed73c480103a34202fab31735988354"", ""ea07724278be54b49fb0ffb4f22d5faf0b148d07979bb36082323bafa66fc448""]","[""0a0fc1829659ebd979c603141aaea41d021b93f09dc893d3d9bbd68efaeefbdc"", ""79f5841c81f7ac714712f4d3ef1979d7e41748673024dfc15606019cd63d3958"", ""02f16aa9d32c2123cc848e69fa4f5a6acc5eaa789f5291dd40f0f63379c39974"", ""c1c05a8ba13a2926c42f725703c98fe23d061fca1b941341c82c68fd09fc1527"", ""ea07724278be54b49fb0ffb4f22d5faf0b148d07979bb36082323bafa66fc448""]","[""0a0fc1829659ebd979c603141aaea41d021b93f09dc893d3d9bbd68efaeefbdc"", ""79f5841c81f7ac714712f4d3ef1979d7e41748673024dfc15606019cd63d3958"", ""66a4c6d7e0904dd601e4054abef7eee96e6301da500323e2300ed9648b004074"", ""02f16aa9d32c2123cc848e69fa4f5a6acc5eaa789f5291dd40f0f63379c39974"", ""c1c05a8ba13a2926c42f725703c98fe23d061fca1b941341c82c68fd09fc1527""]",0.0,0.0,,,,"Helix AI Engineer, Modeling","Helix AI Engineer, Modeling | Helix AI Engineer, Generative AI | Helix AI Engineer, Reinforcement Learning | Helix AI Engineer, Video Pretraining | Helix AI Engineer, Pretraining","Helix AI Engineer, Modeling | Helix AI Engineer, Generative AI | Helix AI Engineer, Localization and Mapping | Helix AI Engineer, Robot Learning | Helix AI Engineer, Pretraining","Helix AI Engineer, Modeling | Helix AI Engineer, Generative AI | Helix AI Engineer, Video Pretraining | Helix AI Engineer, Reinforcement Learning | Helix AI Engineer, Pretraining","Helix AI Engineer, Modeling | Helix AI Engineer, Generative AI | Helix AI Engineer, Training Performance | Helix AI Engineer, Video Pretraining | Helix AI Engineer, Reinforcement Learning"
official-08-2,"Design and develop model architectures for perception, reasoning, and action across multimodal inputs (e.g., vision, language, proprioception)","{""0a0fc1829659ebd979c603141aaea41d021b93f09dc893d3d9bbd68efaeefbdc"": 3}","[""0a0fc1829659ebd979c603141aaea41d021b93f09dc893d3d9bbd68efaeefbdc"", ""ea07724278be54b49fb0ffb4f22d5faf0b148d07979bb36082323bafa66fc448"", ""79f5841c81f7ac714712f4d3ef1979d7e41748673024dfc15606019cd63d3958"", ""02f16aa9d32c2123cc848e69fa4f5a6acc5eaa789f5291dd40f0f63379c39974"", ""3cff0238e9827ea8937e6bcbb0a6cc3e2cc5e5ea7ba7597bacb353d3de745bbe""]","[""0a0fc1829659ebd979c603141aaea41d021b93f09dc893d3d9bbd68efaeefbdc"", ""ea07724278be54b49fb0ffb4f22d5faf0b148d07979bb36082323bafa66fc448"", ""02f16aa9d32c2123cc848e69fa4f5a6acc5eaa789f5291dd40f0f63379c39974"", ""79f5841c81f7ac714712f4d3ef1979d7e41748673024dfc15606019cd63d3958"", ""3cff0238e9827ea8937e6bcbb0a6cc3e2cc5e5ea7ba7597bacb353d3de745bbe""]","[""0a0fc1829659ebd979c603141aaea41d021b93f09dc893d3d9bbd68efaeefbdc"", ""ea07724278be54b49fb0ffb4f22d5faf0b148d07979bb36082323bafa66fc448"", ""02f16aa9d32c2123cc848e69fa4f5a6acc5eaa789f5291dd40f0f63379c39974"", ""79f5841c81f7ac714712f4d3ef1979d7e41748673024dfc15606019cd63d3958"", ""3cff0238e9827ea8937e6bcbb0a6cc3e2cc5e5ea7ba7597bacb353d3de745bbe""]","[""0a0fc1829659ebd979c603141aaea41d021b93f09dc893d3d9bbd68efaeefbdc"", ""ea07724278be54b49fb0ffb4f22d5faf0b148d07979bb36082323bafa66fc448"", ""79f5841c81f7ac714712f4d3ef1979d7e41748673024dfc15606019cd63d3958"", ""02f16aa9d32c2123cc848e69fa4f5a6acc5eaa789f5291dd40f0f63379c39974"", ""c1c05a8ba13a2926c42f725703c98fe23d061fca1b941341c82c68fd09fc1527""]",0.0,0.0,,,,"Helix AI Engineer, Modeling","Helix AI Engineer, Modeling | Helix AI Engineer, Pretraining | Helix AI Engineer, Generative AI | Helix AI Engineer, Video Pretraining | Helix AI Engineer, Perception","Helix AI Engineer, Modeling | Helix AI Engineer, Pretraining | Helix AI Engineer, Video Pretraining | Helix AI Engineer, Generative AI | Helix AI Engineer, Perception","Helix AI Engineer, Modeling | Helix AI Engineer, Pretraining | Helix AI Engineer, Video Pretraining | Helix AI Engineer, Generative AI | Helix AI Engineer, Perception","Helix AI Engineer, Modeling | Helix AI Engineer, Pretraining | Helix AI Engineer, Generative AI | Helix AI Engineer, Video Pretraining | Helix AI Engineer, Reinforcement Learning"
official-08-3,"Experience designing and training deep learning models for vision, language, or multimodal systems","{""0a0fc1829659ebd979c603141aaea41d021b93f09dc893d3d9bbd68efaeefbdc"": 3}","[""0a0fc1829659ebd979c603141aaea41d021b93f09dc893d3d9bbd68efaeefbdc"", ""79f5841c81f7ac714712f4d3ef1979d7e41748673024dfc15606019cd63d3958"", ""ea07724278be54b49fb0ffb4f22d5faf0b148d07979bb36082323bafa66fc448"", ""02f16aa9d32c2123cc848e69fa4f5a6acc5eaa789f5291dd40f0f63379c39974"", ""66a4c6d7e0904dd601e4054abef7eee96e6301da500323e2300ed9648b004074""]","[""0a0fc1829659ebd979c603141aaea41d021b93f09dc893d3d9bbd68efaeefbdc"", ""ea07724278be54b49fb0ffb4f22d5faf0b148d07979bb36082323bafa66fc448"", ""02f16aa9d32c2123cc848e69fa4f5a6acc5eaa789f5291dd40f0f63379c39974"", ""79f5841c81f7ac714712f4d3ef1979d7e41748673024dfc15606019cd63d3958"", ""0a8ae0080aed861331479e76665c99325ed73c480103a34202fab31735988354""]","[""0a0fc1829659ebd979c603141aaea41d021b93f09dc893d3d9bbd68efaeefbdc"", ""ea07724278be54b49fb0ffb4f22d5faf0b148d07979bb36082323bafa66fc448"", ""79f5841c81f7ac714712f4d3ef1979d7e41748673024dfc15606019cd63d3958"", ""02f16aa9d32c2123cc848e69fa4f5a6acc5eaa789f5291dd40f0f63379c39974"", ""0a8ae0080aed861331479e76665c99325ed73c480103a34202fab31735988354""]","[""0a0fc1829659ebd979c603141aaea41d021b93f09dc893d3d9bbd68efaeefbdc"", ""ea07724278be54b49fb0ffb4f22d5faf0b148d07979bb36082323bafa66fc448"", ""79f5841c81f7ac714712f4d3ef1979d7e41748673024dfc15606019cd63d3958"", ""02f16aa9d32c2123cc848e69fa4f5a6acc5eaa789f5291dd40f0f63379c39974"", ""b9e710fd1e21f126e880ef384cb63538083b0cd62695ed14e8a82e9d7ea2de46""]",0.0,0.0,,,,"Helix AI Engineer, Modeling","Helix AI Engineer, Modeling | Helix AI Engineer, Generative AI | Helix AI Engineer, Pretraining | Helix AI Engineer, Video Pretraining | Helix AI Engineer, Training Performance","Helix AI Engineer, Modeling | Helix AI Engineer, Pretraining | Helix AI Engineer, Video Pretraining | Helix AI Engineer, Generative AI | Helix AI Engineer, Robot Learning","Helix AI Engineer, Modeling | Helix AI Engineer, Pretraining | Helix AI Engineer, Generative AI | Helix AI Engineer, Video Pretraining | Helix AI Engineer, Robot Learning","Helix AI Engineer, Modeling | Helix AI Engineer, Pretraining | Helix AI Engineer, Generative AI | Helix AI Engineer, Video Pretraining | Helix AI Engineer, Localization and Mapping"
official-08-4,"Find roles focused on Helix AI Engineer, Modeling","{""0a0fc1829659ebd979c603141aaea41d021b93f09dc893d3d9bbd68efaeefbdc"": 3}","[""0a0fc1829659ebd979c603141aaea41d021b93f09dc893d3d9bbd68efaeefbdc"", ""0a59a8a5defd9d4d8667a85f36f511c6a9d787070af1f561d8de7060399ebb0c"", ""79f5841c81f7ac714712f4d3ef1979d7e41748673024dfc15606019cd63d3958"", ""c1c05a8ba13a2926c42f725703c98fe23d061fca1b941341c82c68fd09fc1527"", ""02f16aa9d32c2123cc848e69fa4f5a6acc5eaa789f5291dd40f0f63379c39974""]","[""0a0fc1829659ebd979c603141aaea41d021b93f09dc893d3d9bbd68efaeefbdc"", ""0a8ae0080aed861331479e76665c99325ed73c480103a34202fab31735988354"", ""b9e710fd1e21f126e880ef384cb63538083b0cd62695ed14e8a82e9d7ea2de46"", ""79f5841c81f7ac714712f4d3ef1979d7e41748673024dfc15606019cd63d3958"", ""c1c05a8ba13a2926c42f725703c98fe23d061fca1b941341c82c68fd09fc1527""]","[""0a0fc1829659ebd979c603141aaea41d021b93f09dc893d3d9bbd68efaeefbdc"", ""79f5841c81f7ac714712f4d3ef1979d7e41748673024dfc15606019cd63d3958"", ""c1c05a8ba13a2926c42f725703c98fe23d061fca1b941341c82c68fd09fc1527"", ""02f16aa9d32c2123cc848e69fa4f5a6acc5eaa789f5291dd40f0f63379c39974"", ""0a59a8a5defd9d4d8667a85f36f511c6a9d787070af1f561d8de7060399ebb0c""]","[""0a0fc1829659ebd979c603141aaea41d021b93f09dc893d3d9bbd68efaeefbdc"", ""66a4c6d7e0904dd601e4054abef7eee96e6301da500323e2300ed9648b004074"", ""79f5841c81f7ac714712f4d3ef1979d7e41748673024dfc15606019cd63d3958"", ""ea07724278be54b49fb0ffb4f22d5faf0b148d07979bb36082323bafa66fc448"", ""02f16aa9d32c2123cc848e69fa4f5a6acc5eaa789f5291dd40f0f63379c39974""]",0.0,0.0,,,,"Helix AI Engineer, Modeling","Helix AI Engineer, Modeling | Helix AI Engineer, Data Infrastructure | Helix AI Engineer, Generative AI | Helix AI Engineer, Reinforcement Learning | Helix AI Engineer, Video Pretraining","Helix AI Engineer, Modeling | Helix AI Engineer, Robot Learning | Helix AI Engineer, Localization and Mapping | Helix AI Engineer, Generative AI | Helix AI Engineer, Reinforcement Learning","Helix AI Engineer, Modeling | Helix AI Engineer, Generative AI | Helix AI Engineer, Reinforcement Learning | Helix AI Engineer, Video Pretraining | Helix AI Engineer, Data Infrastructure","Helix AI Engineer, Modeling | Helix AI Engineer, Training Performance | Helix AI Engineer, Generative AI | Helix AI Engineer, Pretraining | Helix AI Engineer, Video Pretraining"
official-08-5,"岗位职责匹配：Design and develop model architectures for perception, reasoning, and action across multimodal inputs (e.g., vision, language, proprioception)","{""0a0fc1829659ebd979c603141aaea41d021b93f09dc893d3d9bbd68efaeefbdc"": 3}","[""0a0fc1829659ebd979c603141aaea41d021b93f09dc893d3d9bbd68efaeefbdc"", ""ea07724278be54b49fb0ffb4f22d5faf0b148d07979bb36082323bafa66fc448"", ""79f5841c81f7ac714712f4d3ef1979d7e41748673024dfc15606019cd63d3958"", ""02f16aa9d32c2123cc848e69fa4f5a6acc5eaa789f5291dd40f0f63379c39974"", ""3cff0238e9827ea8937e6bcbb0a6cc3e2cc5e5ea7ba7597bacb353d3de745bbe""]","[""0a0fc1829659ebd979c603141aaea41d021b93f09dc893d3d9bbd68efaeefbdc"", ""ea07724278be54b49fb0ffb4f22d5faf0b148d07979bb36082323bafa66fc448"", ""79f5841c81f7ac714712f4d3ef1979d7e41748673024dfc15606019cd63d3958"", ""02f16aa9d32c2123cc848e69fa4f5a6acc5eaa789f5291dd40f0f63379c39974"", ""2f0e3d2ed63dc83a4e3a6796d1e94a52d14431be5936849666e4872e9a0e5a73""]","[""0a0fc1829659ebd979c603141aaea41d021b93f09dc893d3d9bbd68efaeefbdc"", ""ea07724278be54b49fb0ffb4f22d5faf0b148d07979bb36082323bafa66fc448"", ""79f5841c81f7ac714712f4d3ef1979d7e41748673024dfc15606019cd63d3958"", ""02f16aa9d32c2123cc848e69fa4f5a6acc5eaa789f5291dd40f0f63379c39974"", ""3cff0238e9827ea8937e6bcbb0a6cc3e2cc5e5ea7ba7597bacb353d3de745bbe""]","[""0a0fc1829659ebd979c603141aaea41d021b93f09dc893d3d9bbd68efaeefbdc"", ""ea07724278be54b49fb0ffb4f22d5faf0b148d07979bb36082323bafa66fc448"", ""79f5841c81f7ac714712f4d3ef1979d7e41748673024dfc15606019cd63d3958"", ""02f16aa9d32c2123cc848e69fa4f5a6acc5eaa789f5291dd40f0f63379c39974"", ""c1c05a8ba13a2926c42f725703c98fe23d061fca1b941341c82c68fd09fc1527""]",0.0,0.0,,,,"Helix AI Engineer, Modeling","Helix AI Engineer, Modeling | Helix AI Engineer, Pretraining | Helix AI Engineer, Generative AI | Helix AI Engineer, Video Pretraining | Helix AI Engineer, Perception","Helix AI Engineer, Modeling | Helix AI Engineer, Pretraining | Helix AI Engineer, Generative AI | Helix AI Engineer, Video Pretraining | Demand Planner","Helix AI Engineer, Modeling | Helix AI Engineer, Pretraining | Helix AI Engineer, Generative AI | Helix AI Engineer, Video Pretraining | Helix AI Engineer, Perception","Helix AI Engineer, Modeling | Helix AI Engineer, Pretraining | Helix AI Engineer, Generative AI | Helix AI Engineer, Video Pretraining | Helix AI Engineer, Reinforcement Learning"
official-09-2,"Develop perception systems including onboard computer vision, localization, visuomotor policies, and offline data annotation.","{""3cff0238e9827ea8937e6bcbb0a6cc3e2cc5e5ea7ba7597bacb353d3de745bbe"": 3}","[""3cff0238e9827ea8937e6bcbb0a6cc3e2cc5e5ea7ba7597bacb353d3de745bbe"", ""b9e710fd1e21f126e880ef384cb63538083b0cd62695ed14e8a82e9d7ea2de46"", ""0a8ae0080aed861331479e76665c99325ed73c480103a34202fab31735988354"", ""79f5841c81f7ac714712f4d3ef1979d7e41748673024dfc15606019cd63d3958"", ""0a0fc1829659ebd979c603141aaea41d021b93f09dc893d3d9bbd68efaeefbdc""]","[""3cff0238e9827ea8937e6bcbb0a6cc3e2cc5e5ea7ba7597bacb353d3de745bbe"", ""b9e710fd1e21f126e880ef384cb63538083b0cd62695ed14e8a82e9d7ea2de46"", ""819b7ab25d3641d3878a4f6e2dea005077f29528535c8a8aec9f727d904ed3c6"", ""0a0fc1829659ebd979c603141aaea41d021b93f09dc893d3d9bbd68efaeefbdc"", ""0a8ae0080aed861331479e76665c99325ed73c480103a34202fab31735988354""]","[""3cff0238e9827ea8937e6bcbb0a6cc3e2cc5e5ea7ba7597bacb353d3de745bbe"", ""b9e710fd1e21f126e880ef384cb63538083b0cd62695ed14e8a82e9d7ea2de46"", ""0a8ae0080aed861331479e76665c99325ed73c480103a34202fab31735988354"", ""0a0fc1829659ebd979c603141aaea41d021b93f09dc893d3d9bbd68efaeefbdc"", ""79f5841c81f7ac714712f4d3ef1979d7e41748673024dfc15606019cd63d3958""]","[""3cff0238e9827ea8937e6bcbb0a6cc3e2cc5e5ea7ba7597bacb353d3de745bbe"", ""0a8ae0080aed861331479e76665c99325ed73c480103a34202fab31735988354"", ""b9e710fd1e21f126e880ef384cb63538083b0cd62695ed14e8a82e9d7ea2de46"", ""0a0fc1829659ebd979c603141aaea41d021b93f09dc893d3d9bbd68efaeefbdc"", ""819b7ab25d3641d3878a4f6e2dea005077f29528535c8a8aec9f727d904ed3c6""]",0.0,0.0,,,,"Helix AI Engineer, Perception","Helix AI Engineer, Perception | Helix AI Engineer, Localization and Mapping | Helix AI Engineer, Robot Learning | Helix AI Engineer, Generative AI | Helix AI Engineer, Modeling","Helix AI Engineer, Perception | Helix AI Engineer, Localization and Mapping | State Estimation Engineer - Data Collection Systems | Helix AI Engineer, Modeling | Helix AI Engineer, Robot Learning","Helix AI Engineer, Perception | Helix AI Engineer, Localization and Mapping | Helix AI Engineer, Robot Learning | Helix AI Engineer, Modeling | Helix AI Engineer, Generative AI","Helix AI Engineer, Perception | Helix AI Engineer, Robot Learning | Helix AI Engineer, Localization and Mapping | Helix AI Engineer, Modeling | State Estimation Engineer - Data Collection Systems"
official-09-3,Extensive experience in production-level software and ML engineering best practices.,"{""3cff0238e9827ea8937e6bcbb0a6cc3e2cc5e5ea7ba7597bacb353d3de745bbe"": 3}","[""3cff0238e9827ea8937e6bcbb0a6cc3e2cc5e5ea7ba7597bacb353d3de745bbe"", ""b703c687faa83dff0253c44ec411d68cccda459db840e29fef3ad4f403e84f08"", ""a348c6f5c005df2d721f2c06b4c51aa3c9caafade8e604315110fc5b4ed822b5"", ""372b8d981e9a118724699820ec99464d3cef1b5afecb3504bd5984e0d20cf86e"", ""3bf666c253c19894dbe27deb07d68ce3bd68efbe46903f1292a3806c56be640b""]","[""a348c6f5c005df2d721f2c06b4c51aa3c9caafade8e604315110fc5b4ed822b5"", ""b703c687faa83dff0253c44ec411d68cccda459db840e29fef3ad4f403e84f08"", ""372b8d981e9a118724699820ec99464d3cef1b5afecb3504bd5984e0d20cf86e"", ""0a0fc1829659ebd979c603141aaea41d021b93f09dc893d3d9bbd68efaeefbdc"", ""b9e710fd1e21f126e880ef384cb63538083b0cd62695ed14e8a82e9d7ea2de46""]","[""b703c687faa83dff0253c44ec411d68cccda459db840e29fef3ad4f403e84f08"", ""a348c6f5c005df2d721f2c06b4c51aa3c9caafade8e604315110fc5b4ed822b5"", ""372b8d981e9a118724699820ec99464d3cef1b5afecb3504bd5984e0d20cf86e"", ""3cff0238e9827ea8937e6bcbb0a6cc3e2cc5e5ea7ba7597bacb353d3de745bbe"", ""3bf666c253c19894dbe27deb07d68ce3bd68efbe46903f1292a3806c56be640b""]","[""3cff0238e9827ea8937e6bcbb0a6cc3e2cc5e5ea7ba7597bacb353d3de745bbe"", ""372b8d981e9a118724699820ec99464d3cef1b5afecb3504bd5984e0d20cf86e"", ""b703c687faa83dff0253c44ec411d68cccda459db840e29fef3ad4f403e84f08"", ""a348c6f5c005df2d721f2c06b4c51aa3c9caafade8e604315110fc5b4ed822b5"", ""0a8ae0080aed861331479e76665c99325ed73c480103a34202fab31735988354""]",0.0,0.0,,,,"Helix AI Engineer, Perception","Helix AI Engineer, Perception | Manufacturing Software Test Engineer | Software Engineer, Manufacturing Systems | AI Training Infrastructure Engineer – Humanoid Whole Body Control | Software Engineer, Privacy & Data Governance","Software Engineer, Manufacturing Systems | Manufacturing Software Test Engineer | AI Training Infrastructure Engineer – Humanoid Whole Body Control | Helix AI Engineer, Modeling | Helix AI Engineer, Localization and Mapping","Manufacturing Software Test Engineer | Software Engineer, Manufacturing Systems | AI Training Infrastructure Engineer – Humanoid Whole Body Control | Helix AI Engineer, Perception | Software Engineer, Privacy & Data Governance","Helix AI Engineer, Perception | AI Training Infrastructure Engineer – Humanoid Whole Body Control | Manufacturing Software Test Engineer | Software Engineer, Manufacturing Systems | Helix AI Engineer, Robot Learning"
official-09-4,"Find roles focused on Helix AI Engineer, Perception","{""3cff0238e9827ea8937e6bcbb0a6cc3e2cc5e5ea7ba7597bacb353d3de745bbe"": 3}","[""3cff0238e9827ea8937e6bcbb0a6cc3e2cc5e5ea7ba7597bacb353d3de745bbe"", ""0a59a8a5defd9d4d8667a85f36f511c6a9d787070af1f561d8de7060399ebb0c"", ""0a0fc1829659ebd979c603141aaea41d021b93f09dc893d3d9bbd68efaeefbdc"", ""79f5841c81f7ac714712f4d3ef1979d7e41748673024dfc15606019cd63d3958"", ""02f16aa9d32c2123cc848e69fa4f5a6acc5eaa789f5291dd40f0f63379c39974""]","[""3cff0238e9827ea8937e6bcbb0a6cc3e2cc5e5ea7ba7597bacb353d3de745bbe"", ""0a0fc1829659ebd979c603141aaea41d021b93f09dc893d3d9bbd68efaeefbdc"", ""79f5841c81f7ac714712f4d3ef1979d7e41748673024dfc15606019cd63d3958"", ""ea07724278be54b49fb0ffb4f22d5faf0b148d07979bb36082323bafa66fc448"", ""02f16aa9d32c2123cc848e69fa4f5a6acc5eaa789f5291dd40f0f63379c39974""]","[""3cff0238e9827ea8937e6bcbb0a6cc3e2cc5e5ea7ba7597bacb353d3de745bbe"", ""0a0fc1829659ebd979c603141aaea41d021b93f09dc893d3d9bbd68efaeefbdc"", ""79f5841c81f7ac714712f4d3ef1979d7e41748673024dfc15606019cd63d3958"", ""02f16aa9d32c2123cc848e69fa4f5a6acc5eaa789f5291dd40f0f63379c39974"", ""ea07724278be54b49fb0ffb4f22d5faf0b148d07979bb36082323bafa66fc448""]","[""3cff0238e9827ea8937e6bcbb0a6cc3e2cc5e5ea7ba7597bacb353d3de745bbe"", ""79f5841c81f7ac714712f4d3ef1979d7e41748673024dfc15606019cd63d3958"", ""0a0fc1829659ebd979c603141aaea41d021b93f09dc893d3d9bbd68efaeefbdc"", ""ea07724278be54b49fb0ffb4f22d5faf0b148d07979bb36082323bafa66fc448"", ""02f16aa9d32c2123cc848e69fa4f5a6acc5eaa789f5291dd40f0f63379c39974""]",0.0,0.0,,,,"Helix AI Engineer, Perception","Helix AI Engineer, Perception | Helix AI Engineer, Data Infrastructure | Helix AI Engineer, Modeling | Helix AI Engineer, Generative AI | Helix AI Engineer, Video Pretraining","Helix AI Engineer, Perception | Helix AI Engineer, Modeling | Helix AI Engineer, Generative AI | Helix AI Engineer, Pretraining | Helix AI Engineer, Video Pretraining","Helix AI Engineer, Perception | Helix AI Engineer, Modeling | Helix AI Engineer, Generative AI | Helix AI Engineer, Video Pretraining | Helix AI Engineer, Pretraining","Helix AI Engineer, Perception | Helix AI Engineer, Generative AI | Helix AI Engineer, Modeling | Helix AI Engineer, Pretraining | Helix AI Engineer, Video Pretraining"
official-09-5,"岗位职责匹配：Develop perception systems including onboard computer vision, localization, visuomotor policies, and offline data annotation.","{""3cff0238e9827ea8937e6bcbb0a6cc3e2cc5e5ea7ba7597bacb353d3de745bbe"": 3}","[""3cff0238e9827ea8937e6bcbb0a6cc3e2cc5e5ea7ba7597bacb353d3de745bbe"", ""b9e710fd1e21f126e880ef384cb63538083b0cd62695ed14e8a82e9d7ea2de46"", ""0a8ae0080aed861331479e76665c99325ed73c480103a34202fab31735988354"", ""79f5841c81f7ac714712f4d3ef1979d7e41748673024dfc15606019cd63d3958"", ""0a0fc1829659ebd979c603141aaea41d021b93f09dc893d3d9bbd68efaeefbdc""]","[""3cff0238e9827ea8937e6bcbb0a6cc3e2cc5e5ea7ba7597bacb353d3de745bbe"", ""819b7ab25d3641d3878a4f6e2dea005077f29528535c8a8aec9f727d904ed3c6"", ""b9e710fd1e21f126e880ef384cb63538083b0cd62695ed14e8a82e9d7ea2de46"", ""0a0fc1829659ebd979c603141aaea41d021b93f09dc893d3d9bbd68efaeefbdc"", ""a39440f627d72dfbfc52ba5e4663f2857cfc04e4e8a0f1497e74d63990542df0""]","[""3cff0238e9827ea8937e6bcbb0a6cc3e2cc5e5ea7ba7597bacb353d3de745bbe"", ""b9e710fd1e21f126e880ef384cb63538083b0cd62695ed14e8a82e9d7ea2de46"", ""0a0fc1829659ebd979c603141aaea41d021b93f09dc893d3d9bbd68efaeefbdc"", ""79f5841c81f7ac714712f4d3ef1979d7e41748673024dfc15606019cd63d3958"", ""0a8ae0080aed861331479e76665c99325ed73c480103a34202fab31735988354""]","[""3cff0238e9827ea8937e6bcbb0a6cc3e2cc5e5ea7ba7597bacb353d3de745bbe"", ""0a8ae0080aed861331479e76665c99325ed73c480103a34202fab31735988354"", ""0a0fc1829659ebd979c603141aaea41d021b93f09dc893d3d9bbd68efaeefbdc"", ""b9e710fd1e21f126e880ef384cb63538083b0cd62695ed14e8a82e9d7ea2de46"", ""79f5841c81f7ac714712f4d3ef1979d7e41748673024dfc15606019cd63d3958""]",0.0,0.0,,,,"Helix AI Engineer, Perception","Helix AI Engineer, Perception | Helix AI Engineer, Localization and Mapping | Helix AI Engineer, Robot Learning | Helix AI Engineer, Generative AI | Helix AI Engineer, Modeling","Helix AI Engineer, Perception | State Estimation Engineer - Data Collection Systems | Helix AI Engineer, Localization and Mapping | Helix AI Engineer, Modeling | Deployment Logistics Lead","Helix AI Engineer, Perception | Helix AI Engineer, Localization and Mapping | Helix AI Engineer, Modeling | Helix AI Engineer, Generative AI | Helix AI Engineer, Robot Learning","Helix AI Engineer, Perception | Helix AI Engineer, Robot Learning | Helix AI Engineer, Modeling | Helix AI Engineer, Localization and Mapping | Helix AI Engineer, Generative AI"
official-10-1,"Helix AI Engineer, Pretraining","{""ea07724278be54b49fb0ffb4f22d5faf0b148d07979bb36082323bafa66fc448"": 3}","[""ea07724278be54b49fb0ffb4f22d5faf0b148d07979bb36082323bafa66fc448"", ""02f16aa9d32c2123cc848e69fa4f5a6acc5eaa789f5291dd40f0f63379c39974"", ""0a0fc1829659ebd979c603141aaea41d021b93f09dc893d3d9bbd68efaeefbdc"", ""c1c05a8ba13a2926c42f725703c98fe23d061fca1b941341c82c68fd09fc1527"", ""79f5841c81f7ac714712f4d3ef1979d7e41748673024dfc15606019cd63d3958""]","[""ea07724278be54b49fb0ffb4f22d5faf0b148d07979bb36082323bafa66fc448"", ""02f16aa9d32c2123cc848e69fa4f5a6acc5eaa789f5291dd40f0f63379c39974"", ""0a0fc1829659ebd979c603141aaea41d021b93f09dc893d3d9bbd68efaeefbdc"", ""0a8ae0080aed861331479e76665c99325ed73c480103a34202fab31735988354"", ""79f5841c81f7ac714712f4d3ef1979d7e41748673024dfc15606019cd63d3958""]","[""ea07724278be54b49fb0ffb4f22d5faf0b148d07979bb36082323bafa66fc448"", ""02f16aa9d32c2123cc848e69fa4f5a6acc5eaa789f5291dd40f0f63379c39974"", ""0a0fc1829659ebd979c603141aaea41d021b93f09dc893d3d9bbd68efaeefbdc"", ""79f5841c81f7ac714712f4d3ef1979d7e41748673024dfc15606019cd63d3958"", ""c1c05a8ba13a2926c42f725703c98fe23d061fca1b941341c82c68fd09fc1527""]","[""ea07724278be54b49fb0ffb4f22d5faf0b148d07979bb36082323bafa66fc448"", ""02f16aa9d32c2123cc848e69fa4f5a6acc5eaa789f5291dd40f0f63379c39974"", ""0a0fc1829659ebd979c603141aaea41d021b93f09dc893d3d9bbd68efaeefbdc"", ""c1c05a8ba13a2926c42f725703c98fe23d061fca1b941341c82c68fd09fc1527"", ""66a4c6d7e0904dd601e4054abef7eee96e6301da500323e2300ed9648b004074""]",0.0,0.0,,,,"Helix AI Engineer, Pretraining","Helix AI Engineer, Pretraining | Helix AI Engineer, Video Pretraining | Helix AI Engineer, Modeling | Helix AI Engineer, Reinforcement Learning | Helix AI Engineer, Generative AI","Helix AI Engineer, Pretraining | Helix AI Engineer, Video Pretraining | Helix AI Engineer, Modeling | Helix AI Engineer, Robot Learning | Helix AI Engineer, Generative AI","Helix AI Engineer, Pretraining | Helix AI Engineer, Video Pretraining | Helix AI Engineer, Modeling | Helix AI Engineer, Generative AI | Helix AI Engineer, Reinforcement Learning","Helix AI Engineer, Pretraining | Helix AI Engineer, Video Pretraining | Helix AI Engineer, Modeling | Helix AI Engineer, Reinforcement Learning | Helix AI Engineer, Training Performance"
official-10-2,"Design and train large-scale foundation models across multimodal data (e.g., text, vision, and robot data)","{""ea07724278be54b49fb0ffb4f22d5faf0b148d07979bb36082323bafa66fc448"": 3}","[""ea07724278be54b49fb0ffb4f22d5faf0b148d07979bb36082323bafa66fc448"", ""79f5841c81f7ac714712f4d3ef1979d7e41748673024dfc15606019cd63d3958"", ""02f16aa9d32c2123cc848e69fa4f5a6acc5eaa789f5291dd40f0f63379c39974"", ""0a0fc1829659ebd979c603141aaea41d021b93f09dc893d3d9bbd68efaeefbdc"", ""66a4c6d7e0904dd601e4054abef7eee96e6301da500323e2300ed9648b004074""]","[""ea07724278be54b49fb0ffb4f22d5faf0b148d07979bb36082323bafa66fc448"", ""02f16aa9d32c2123cc848e69fa4f5a6acc5eaa789f5291dd40f0f63379c39974"", ""0a0fc1829659ebd979c603141aaea41d021b93f09dc893d3d9bbd68efaeefbdc"", ""79f5841c81f7ac714712f4d3ef1979d7e41748673024dfc15606019cd63d3958"", ""372b8d981e9a118724699820ec99464d3cef1b5afecb3504bd5984e0d20cf86e""]","[""ea07724278be54b49fb0ffb4f22d5faf0b148d07979bb36082323bafa66fc448"", ""02f16aa9d32c2123cc848e69fa4f5a6acc5eaa789f5291dd40f0f63379c39974"", ""79f5841c81f7ac714712f4d3ef1979d7e41748673024dfc15606019cd63d3958"", ""0a0fc1829659ebd979c603141aaea41d021b93f09dc893d3d9bbd68efaeefbdc"", ""66a4c6d7e0904dd601e4054abef7eee96e6301da500323e2300ed9648b004074""]","[""ea07724278be54b49fb0ffb4f22d5faf0b148d07979bb36082323bafa66fc448"", ""02f16aa9d32c2123cc848e69fa4f5a6acc5eaa789f5291dd40f0f63379c39974"", ""79f5841c81f7ac714712f4d3ef1979d7e41748673024dfc15606019cd63d3958"", ""0a0fc1829659ebd979c603141aaea41d021b93f09dc893d3d9bbd68efaeefbdc"", ""b9e710fd1e21f126e880ef384cb63538083b0cd62695ed14e8a82e9d7ea2de46""]",0.0,0.0,,,,"Helix AI Engineer, Pretraining","Helix AI Engineer, Pretraining | Helix AI Engineer, Generative AI | Helix AI Engineer, Video Pretraining | Helix AI Engineer, Modeling | Helix AI Engineer, Training Performance","Helix AI Engineer, Pretraining | Helix AI Engineer, Video Pretraining | Helix AI Engineer, Modeling | Helix AI Engineer, Generative AI | AI Training Infrastructure Engineer – Humanoid Whole Body Control","Helix AI Engineer, Pretraining | Helix AI Engineer, Video Pretraining | Helix AI Engineer, Generative AI | Helix AI Engineer, Modeling | Helix AI Engineer, Training Performance","Helix AI Engineer, Pretraining | Helix AI Engineer, Video Pretraining | Helix AI Engineer, Generative AI | Helix AI Engineer, Modeling | Helix AI Engineer, Localization and Mapping"
official-10-3,Experience training large-scale foundation models or working on pretraining for LLMs or multimodal systems,"{""ea07724278be54b49fb0ffb4f22d5faf0b148d07979bb36082323bafa66fc448"": 3}","[""ea07724278be54b49fb0ffb4f22d5faf0b148d07979bb36082323bafa66fc448"", ""02f16aa9d32c2123cc848e69fa4f5a6acc5eaa789f5291dd40f0f63379c39974"", ""79f5841c81f7ac714712f4d3ef1979d7e41748673024dfc15606019cd63d3958"", ""0a0fc1829659ebd979c603141aaea41d021b93f09dc893d3d9bbd68efaeefbdc"", ""c1c05a8ba13a2926c42f725703c98fe23d061fca1b941341c82c68fd09fc1527""]","[""ea07724278be54b49fb0ffb4f22d5faf0b148d07979bb36082323bafa66fc448"", ""02f16aa9d32c2123cc848e69fa4f5a6acc5eaa789f5291dd40f0f63379c39974"", ""0a0fc1829659ebd979c603141aaea41d021b93f09dc893d3d9bbd68efaeefbdc"", ""372b8d981e9a118724699820ec99464d3cef1b5afecb3504bd5984e0d20cf86e"", ""79f5841c81f7ac714712f4d3ef1979d7e41748673024dfc15606019cd63d3958""]","[""ea07724278be54b49fb0ffb4f22d5faf0b148d07979bb36082323bafa66fc448"", ""02f16aa9d32c2123cc848e69fa4f5a6acc5eaa789f5291dd40f0f63379c39974"", ""0a0fc1829659ebd979c603141aaea41d021b93f09dc893d3d9bbd68efaeefbdc"", ""79f5841c81f7ac714712f4d3ef1979d7e41748673024dfc15606019cd63d3958"", ""372b8d981e9a118724699820ec99464d3cef1b5afecb3504bd5984e0d20cf86e""]","[""ea07724278be54b49fb0ffb4f22d5faf0b148d07979bb36082323bafa66fc448"", ""02f16aa9d32c2123cc848e69fa4f5a6acc5eaa789f5291dd40f0f63379c39974"", ""79f5841c81f7ac714712f4d3ef1979d7e41748673024dfc15606019cd63d3958"", ""0a0fc1829659ebd979c603141aaea41d021b93f09dc893d3d9bbd68efaeefbdc"", ""c1c05a8ba13a2926c42f725703c98fe23d061fca1b941341c82c68fd09fc1527""]",0.0,0.0,,,,"Helix AI Engineer, Pretraining","Helix AI Engineer, Pretraining | Helix AI Engineer, Video Pretraining | Helix AI Engineer, Generative AI | Helix AI Engineer, Modeling | Helix AI Engineer, Reinforcement Learning","Helix AI Engineer, Pretraining | Helix AI Engineer, Video Pretraining | Helix AI Engineer, Modeling | AI Training Infrastructure Engineer – Humanoid Whole Body Control | Helix AI Engineer, Generative AI","Helix AI Engineer, Pretraining | Helix AI Engineer, Video Pretraining | Helix AI Engineer, Modeling | Helix AI Engineer, Generative AI | AI Training Infrastructure Engineer – Humanoid Whole Body Control","Helix AI Engineer, Pretraining | Helix AI Engineer, Video Pretraining | Helix AI Engineer, Generative AI | Helix AI Engineer, Modeling | Helix AI Engineer, Reinforcement Learning"
official-10-4,"Find roles focused on Helix AI Engineer, Pretraining","{""ea07724278be54b49fb0ffb4f22d5faf0b148d07979bb36082323bafa66fc448"": 3}","[""ea07724278be54b49fb0ffb4f22d5faf0b148d07979bb36082323bafa66fc448"", ""02f16aa9d32c2123cc848e69fa4f5a6acc5eaa789f5291dd40f0f63379c39974"", ""0a59a8a5defd9d4d8667a85f36f511c6a9d787070af1f561d8de7060399ebb0c"", ""0a0fc1829659ebd979c603141aaea41d021b93f09dc893d3d9bbd68efaeefbdc"", ""c1c05a8ba13a2926c42f725703c98fe23d061fca1b941341c82c68fd09fc1527""]","[""ea07724278be54b49fb0ffb4f22d5faf0b148d07979bb36082323bafa66fc448"", ""02f16aa9d32c2123cc848e69fa4f5a6acc5eaa789f5291dd40f0f63379c39974"", ""0a0fc1829659ebd979c603141aaea41d021b93f09dc893d3d9bbd68efaeefbdc"", ""0a8ae0080aed861331479e76665c99325ed73c480103a34202fab31735988354"", ""c1c05a8ba13a2926c42f725703c98fe23d061fca1b941341c82c68fd09fc1527""]","[""ea07724278be54b49fb0ffb4f22d5faf0b148d07979bb36082323bafa66fc448"", ""02f16aa9d32c2123cc848e69fa4f5a6acc5eaa789f5291dd40f0f63379c39974"", ""0a0fc1829659ebd979c603141aaea41d021b93f09dc893d3d9bbd68efaeefbdc"", ""c1c05a8ba13a2926c42f725703c98fe23d061fca1b941341c82c68fd09fc1527"", ""0a59a8a5defd9d4d8667a85f36f511c6a9d787070af1f561d8de7060399ebb0c""]","[""ea07724278be54b49fb0ffb4f22d5faf0b148d07979bb36082323bafa66fc448"", ""02f16aa9d32c2123cc848e69fa4f5a6acc5eaa789f5291dd40f0f63379c39974"", ""66a4c6d7e0904dd601e4054abef7eee96e6301da500323e2300ed9648b004074"", ""0a0fc1829659ebd979c603141aaea41d021b93f09dc893d3d9bbd68efaeefbdc"", ""c1c05a8ba13a2926c42f725703c98fe23d061fca1b941341c82c68fd09fc1527""]",0.0,0.0,,,,"Helix AI Engineer, Pretraining","Helix AI Engineer, Pretraining | Helix AI Engineer, Video Pretraining | Helix AI Engineer, Data Infrastructure | Helix AI Engineer, Modeling | Helix AI Engineer, Reinforcement Learning","Helix AI Engineer, Pretraining | Helix AI Engineer, Video Pretraining | Helix AI Engineer, Modeling | Helix AI Engineer, Robot Learning | Helix AI Engineer, Reinforcement Learning","Helix AI Engineer, Pretraining | Helix AI Engineer, Video Pretraining | Helix AI Engineer, Modeling | Helix AI Engineer, Reinforcement Learning | Helix AI Engineer, Data Infrastructure","Helix AI Engineer, Pretraining | Helix AI Engineer, Video Pretraining | Helix AI Engineer, Training Performance | Helix AI Engineer, Modeling | Helix AI Engineer, Reinforcement Learning"
official-10-5,"岗位职责匹配：Design and train large-scale foundation models across multimodal data (e.g., text, vision, and robot data)","{""ea07724278be54b49fb0ffb4f22d5faf0b148d07979bb36082323bafa66fc448"": 3}","[""ea07724278be54b49fb0ffb4f22d5faf0b148d07979bb36082323bafa66fc448"", ""79f5841c81f7ac714712f4d3ef1979d7e41748673024dfc15606019cd63d3958"", ""02f16aa9d32c2123cc848e69fa4f5a6acc5eaa789f5291dd40f0f63379c39974"", ""0a0fc1829659ebd979c603141aaea41d021b93f09dc893d3d9bbd68efaeefbdc"", ""66a4c6d7e0904dd601e4054abef7eee96e6301da500323e2300ed9648b004074""]","[""ea07724278be54b49fb0ffb4f22d5faf0b148d07979bb36082323bafa66fc448"", ""0a0fc1829659ebd979c603141aaea41d021b93f09dc893d3d9bbd68efaeefbdc"", ""79f5841c81f7ac714712f4d3ef1979d7e41748673024dfc15606019cd63d3958"", ""372b8d981e9a118724699820ec99464d3cef1b5afecb3504bd5984e0d20cf86e"", ""02f16aa9d32c2123cc848e69fa4f5a6acc5eaa789f5291dd40f0f63379c39974""]","[""ea07724278be54b49fb0ffb4f22d5faf0b148d07979bb36082323bafa66fc448"", ""79f5841c81f7ac714712f4d3ef1979d7e41748673024dfc15606019cd63d3958"", ""0a0fc1829659ebd979c603141aaea41d021b93f09dc893d3d9bbd68efaeefbdc"", ""02f16aa9d32c2123cc848e69fa4f5a6acc5eaa789f5291dd40f0f63379c39974"", ""372b8d981e9a118724699820ec99464d3cef1b5afecb3504bd5984e0d20cf86e""]","[""ea07724278be54b49fb0ffb4f22d5faf0b148d07979bb36082323bafa66fc448"", ""02f16aa9d32c2123cc848e69fa4f5a6acc5eaa789f5291dd40f0f63379c39974"", ""79f5841c81f7ac714712f4d3ef1979d7e41748673024dfc15606019cd63d3958"", ""0a0fc1829659ebd979c603141aaea41d021b93f09dc893d3d9bbd68efaeefbdc"", ""c1c05a8ba13a2926c42f725703c98fe23d061fca1b941341c82c68fd09fc1527""]",0.0,0.0,,,,"Helix AI Engineer, Pretraining","Helix AI Engineer, Pretraining | Helix AI Engineer, Generative AI | Helix AI Engineer, Video Pretraining | Helix AI Engineer, Modeling | Helix AI Engineer, Training Performance","Helix AI Engineer, Pretraining | Helix AI Engineer, Modeling | Helix AI Engineer, Generative AI | AI Training Infrastructure Engineer – Humanoid Whole Body Control | Helix AI Engineer, Video Pretraining","Helix AI Engineer, Pretraining | Helix AI Engineer, Generative AI | Helix AI Engineer, Modeling | Helix AI Engineer, Video Pretraining | AI Training Infrastructure Engineer – Humanoid Whole Body Control","Helix AI Engineer, Pretraining | Helix AI Engineer, Video Pretraining | Helix AI Engineer, Generative AI | Helix AI Engineer, Modeling | Helix AI Engineer, Reinforcement Learning"
official-11-1,"Helix AI Engineer, Reinforcement Learning","{""c1c05a8ba13a2926c42f725703c98fe23d061fca1b941341c82c68fd09fc1527"": 3}","[""c1c05a8ba13a2926c42f725703c98fe23d061fca1b941341c82c68fd09fc1527"", ""0a8ae0080aed861331479e76665c99325ed73c480103a34202fab31735988354"", ""0ee9c05cd018d22c3efa9f1a4c05e212a812157fd1c750bcf313cefe6035baa7"", ""372b8d981e9a118724699820ec99464d3cef1b5afecb3504bd5984e0d20cf86e"", ""0a0fc1829659ebd979c603141aaea41d021b93f09dc893d3d9bbd68efaeefbdc""]","[""c1c05a8ba13a2926c42f725703c98fe23d061fca1b941341c82c68fd09fc1527"", ""0a0fc1829659ebd979c603141aaea41d021b93f09dc893d3d9bbd68efaeefbdc"", ""0a8ae0080aed861331479e76665c99325ed73c480103a34202fab31735988354"", ""ea07724278be54b49fb0ffb4f22d5faf0b148d07979bb36082323bafa66fc448"", ""79f5841c81f7ac714712f4d3ef1979d7e41748673024dfc15606019cd63d3958""]","[""c1c05a8ba13a2926c42f725703c98fe23d061fca1b941341c82c68fd09fc1527"", ""0a8ae0080aed861331479e76665c99325ed73c480103a34202fab31735988354"", ""0a0fc1829659ebd979c603141aaea41d021b93f09dc893d3d9bbd68efaeefbdc"", ""0ee9c05cd018d22c3efa9f1a4c05e212a812157fd1c750bcf313cefe6035baa7"", ""ea07724278be54b49fb0ffb4f22d5faf0b148d07979bb36082323bafa66fc448""]","[""c1c05a8ba13a2926c42f725703c98fe23d061fca1b941341c82c68fd09fc1527"", ""0a8ae0080aed861331479e76665c99325ed73c480103a34202fab31735988354"", ""0ee9c05cd018d22c3efa9f1a4c05e212a812157fd1c750bcf313cefe6035baa7"", ""ea07724278be54b49fb0ffb4f22d5faf0b148d07979bb36082323bafa66fc448"", ""0a0fc1829659ebd979c603141aaea41d021b93f09dc893d3d9bbd68efaeefbdc""]",0.0,0.0,,,,"Helix AI Engineer, Reinforcement Learning","Helix AI Engineer, Reinforcement Learning | Helix AI Engineer, Robot Learning | Reinforcement Learning Engineer – Whole Body Control | AI Training Infrastructure Engineer – Humanoid Whole Body Control | Helix AI Engineer, Modeling","Helix AI Engineer, Reinforcement Learning | Helix AI Engineer, Modeling | Helix AI Engineer, Robot Learning | Helix AI Engineer, Pretraining | Helix AI Engineer, Generative AI","Helix AI Engineer, Reinforcement Learning | Helix AI Engineer, Robot Learning | Helix AI Engineer, Modeling | Reinforcement Learning Engineer – Whole Body Control | Helix AI Engineer, Pretraining","Helix AI Engineer, Reinforcement Learning | Helix AI Engineer, Robot Learning | Reinforcement Learning Engineer – Whole Body Control | Helix AI Engineer, Pretraining | Helix AI Engineer, Modeling"
official-11-2,Design and implement reinforcement learning algorithms for embodied agents operating in real-world and simulated environments,"{""c1c05a8ba13a2926c42f725703c98fe23d061fca1b941341c82c68fd09fc1527"": 3}","[""c1c05a8ba13a2926c42f725703c98fe23d061fca1b941341c82c68fd09fc1527"", ""0a8ae0080aed861331479e76665c99325ed73c480103a34202fab31735988354"", ""0ee9c05cd018d22c3efa9f1a4c05e212a812157fd1c750bcf313cefe6035baa7"", ""79f5841c81f7ac714712f4d3ef1979d7e41748673024dfc15606019cd63d3958"", ""02f16aa9d32c2123cc848e69fa4f5a6acc5eaa789f5291dd40f0f63379c39974""]","[""c1c05a8ba13a2926c42f725703c98fe23d061fca1b941341c82c68fd09fc1527"", ""0ee9c05cd018d22c3efa9f1a4c05e212a812157fd1c750bcf313cefe6035baa7"", ""0a0fc1829659ebd979c603141aaea41d021b93f09dc893d3d9bbd68efaeefbdc"", ""0a8ae0080aed861331479e76665c99325ed73c480103a34202fab31735988354"", ""b9e710fd1e21f126e880ef384cb63538083b0cd62695ed14e8a82e9d7ea2de46""]","[""c1c05a8ba13a2926c42f725703c98fe23d061fca1b941341c82c68fd09fc1527"", ""0ee9c05cd018d22c3efa9f1a4c05e212a812157fd1c750bcf313cefe6035baa7"", ""0a8ae0080aed861331479e76665c99325ed73c480103a34202fab31735988354"", ""0a0fc1829659ebd979c603141aaea41d021b93f09dc893d3d9bbd68efaeefbdc"", ""02f16aa9d32c2123cc848e69fa4f5a6acc5eaa789f5291dd40f0f63379c39974""]","[""c1c05a8ba13a2926c42f725703c98fe23d061fca1b941341c82c68fd09fc1527"", ""0ee9c05cd018d22c3efa9f1a4c05e212a812157fd1c750bcf313cefe6035baa7"", ""0a8ae0080aed861331479e76665c99325ed73c480103a34202fab31735988354"", ""79f5841c81f7ac714712f4d3ef1979d7e41748673024dfc15606019cd63d3958"", ""372b8d981e9a118724699820ec99464d3cef1b5afecb3504bd5984e0d20cf86e""]",0.0,0.0,,,,"Helix AI Engineer, Reinforcement Learning","Helix AI Engineer, Reinforcement Learning | Helix AI Engineer, Robot Learning | Reinforcement Learning Engineer – Whole Body Control | Helix AI Engineer, Generative AI | Helix AI Engineer, Video Pretraining","Helix AI Engineer, Reinforcement Learning | Reinforcement Learning Engineer – Whole Body Control | Helix AI Engineer, Modeling | Helix AI Engineer, Robot Learning | Helix AI Engineer, Localization and Mapping","Helix AI Engineer, Reinforcement Learning | Reinforcement Learning Engineer – Whole Body Control | Helix AI Engineer, Robot Learning | Helix AI Engineer, Modeling | Helix AI Engineer, Video Pretraining","Helix AI Engineer, Reinforcement Learning | Reinforcement Learning Engineer – Whole Body Control | Helix AI Engineer, Robot Learning | Helix AI Engineer, Generative AI | AI Training Infrastructure Engineer – Humanoid Whole Body Control"
official-11-3,Experience developing and applying reinforcement learning algorithms in complex environments,"{""c1c05a8ba13a2926c42f725703c98fe23d061fca1b941341c82c68fd09fc1527"": 3}","[""c1c05a8ba13a2926c42f725703c98fe23d061fca1b941341c82c68fd09fc1527"", ""0ee9c05cd018d22c3efa9f1a4c05e212a812157fd1c750bcf313cefe6035baa7"", ""372b8d981e9a118724699820ec99464d3cef1b5afecb3504bd5984e0d20cf86e"", ""0a8ae0080aed861331479e76665c99325ed73c480103a34202fab31735988354"", ""b9e710fd1e21f126e880ef384cb63538083b0cd62695ed14e8a82e9d7ea2de46""]","[""c1c05a8ba13a2926c42f725703c98fe23d061fca1b941341c82c68fd09fc1527"", ""0ee9c05cd018d22c3efa9f1a4c05e212a812157fd1c750bcf313cefe6035baa7"", ""b9e710fd1e21f126e880ef384cb63538083b0cd62695ed14e8a82e9d7ea2de46"", ""0a8ae0080aed861331479e76665c99325ed73c480103a34202fab31735988354"", ""0a0fc1829659ebd979c603141aaea41d021b93f09dc893d3d9bbd68efaeefbdc""]","[""c1c05a8ba13a2926c42f725703c98fe23d061fca1b941341c82c68fd09fc1527"", ""0ee9c05cd018d22c3efa9f1a4c05e212a812157fd1c750bcf313cefe6035baa7"", ""0a8ae0080aed861331479e76665c99325ed73c480103a34202fab31735988354"", ""b9e710fd1e21f126e880ef384cb63538083b0cd62695ed14e8a82e9d7ea2de46"", ""372b8d981e9a118724699820ec99464d3cef1b5afecb3504bd5984e0d20cf86e""]","[""c1c05a8ba13a2926c42f725703c98fe23d061fca1b941341c82c68fd09fc1527"", ""0ee9c05cd018d22c3efa9f1a4c05e212a812157fd1c750bcf313cefe6035baa7"", ""372b8d981e9a118724699820ec99464d3cef1b5afecb3504bd5984e0d20cf86e"", ""0a8ae0080aed861331479e76665c99325ed73c480103a34202fab31735988354"", ""b9e710fd1e21f126e880ef384cb63538083b0cd62695ed14e8a82e9d7ea2de46""]",0.0,0.0,,,,"Helix AI Engineer, Reinforcement Learning","Helix AI Engineer, Reinforcement Learning | Reinforcement Learning Engineer – Whole Body Control | AI Training Infrastructure Engineer – Humanoid Whole Body Control | Helix AI Engineer, Robot Learning | Helix AI Engineer, Localization and Mapping","Helix AI Engineer, Reinforcement Learning | Reinforcement Learning Engineer – Whole Body Control | Helix AI Engineer, Localization and Mapping | Helix AI Engineer, Robot Learning | Helix AI Engineer, Modeling","Helix AI Engineer, Reinforcement Learning | Reinforcement Learning Engineer – Whole Body Control | Helix AI Engineer, Robot Learning | Helix AI Engineer, Localization and Mapping | AI Training Infrastructure Engineer – Humanoid Whole Body Control","Helix AI Engineer, Reinforcement Learning | Reinforcement Learning Engineer – Whole Body Control | AI Training Infrastructure Engineer – Humanoid Whole Body Control | Helix AI Engineer, Robot Learning | Helix AI Engineer, Localization and Mapping"
official-11-4,"Find roles focused on Helix AI Engineer, Reinforcement Learning","{""c1c05a8ba13a2926c42f725703c98fe23d061fca1b941341c82c68fd09fc1527"": 3}","[""c1c05a8ba13a2926c42f725703c98fe23d061fca1b941341c82c68fd09fc1527"", ""0a8ae0080aed861331479e76665c99325ed73c480103a34202fab31735988354"", ""0ee9c05cd018d22c3efa9f1a4c05e212a812157fd1c750bcf313cefe6035baa7"", ""0a59a8a5defd9d4d8667a85f36f511c6a9d787070af1f561d8de7060399ebb0c"", ""23731858c455419d59ce5792533ec8a179c6327cdadbcf49ea15e73c1c081bba""]","[""c1c05a8ba13a2926c42f725703c98fe23d061fca1b941341c82c68fd09fc1527"", ""0a0fc1829659ebd979c603141aaea41d021b93f09dc893d3d9bbd68efaeefbdc"", ""0a8ae0080aed861331479e76665c99325ed73c480103a34202fab31735988354"", ""ea07724278be54b49fb0ffb4f22d5faf0b148d07979bb36082323bafa66fc448"", ""79f5841c81f7ac714712f4d3ef1979d7e41748673024dfc15606019cd63d3958""]","[""c1c05a8ba13a2926c42f725703c98fe23d061fca1b941341c82c68fd09fc1527"", ""0a8ae0080aed861331479e76665c99325ed73c480103a34202fab31735988354"", ""0a0fc1829659ebd979c603141aaea41d021b93f09dc893d3d9bbd68efaeefbdc"", ""0ee9c05cd018d22c3efa9f1a4c05e212a812157fd1c750bcf313cefe6035baa7"", ""ea07724278be54b49fb0ffb4f22d5faf0b148d07979bb36082323bafa66fc448""]","[""c1c05a8ba13a2926c42f725703c98fe23d061fca1b941341c82c68fd09fc1527"", ""0a8ae0080aed861331479e76665c99325ed73c480103a34202fab31735988354"", ""0a59a8a5defd9d4d8667a85f36f511c6a9d787070af1f561d8de7060399ebb0c"", ""0a0fc1829659ebd979c603141aaea41d021b93f09dc893d3d9bbd68efaeefbdc"", ""ea07724278be54b49fb0ffb4f22d5faf0b148d07979bb36082323bafa66fc448""]",0.0,0.0,,,,"Helix AI Engineer, Reinforcement Learning","Helix AI Engineer, Reinforcement Learning | Helix AI Engineer, Robot Learning | Reinforcement Learning Engineer – Whole Body Control | Helix AI Engineer, Data Infrastructure | Helix Data Creator","Helix AI Engineer, Reinforcement Learning | Helix AI Engineer, Modeling | Helix AI Engineer, Robot Learning | Helix AI Engineer, Pretraining | Helix AI Engineer, Generative AI","Helix AI Engineer, Reinforcement Learning | Helix AI Engineer, Robot Learning | Helix AI Engineer, Modeling | Reinforcement Learning Engineer – Whole Body Control | Helix AI Engineer, Pretraining","Helix AI Engineer, Reinforcement Learning | Helix AI Engineer, Robot Learning | Helix AI Engineer, Data Infrastructure | Helix AI Engineer, Modeling | Helix AI Engineer, Pretraining"
official-11-5,岗位职责匹配：Design and implement reinforcement learning algorithms for embodied agents operating in real-world and simulated environments,"{""c1c05a8ba13a2926c42f725703c98fe23d061fca1b941341c82c68fd09fc1527"": 3}","[""c1c05a8ba13a2926c42f725703c98fe23d061fca1b941341c82c68fd09fc1527"", ""0a8ae0080aed861331479e76665c99325ed73c480103a34202fab31735988354"", ""0ee9c05cd018d22c3efa9f1a4c05e212a812157fd1c750bcf313cefe6035baa7"", ""79f5841c81f7ac714712f4d3ef1979d7e41748673024dfc15606019cd63d3958"", ""02f16aa9d32c2123cc848e69fa4f5a6acc5eaa789f5291dd40f0f63379c39974""]","[""c1c05a8ba13a2926c42f725703c98fe23d061fca1b941341c82c68fd09fc1527"", ""0ee9c05cd018d22c3efa9f1a4c05e212a812157fd1c750bcf313cefe6035baa7"", ""0a0fc1829659ebd979c603141aaea41d021b93f09dc893d3d9bbd68efaeefbdc"", ""819b7ab25d3641d3878a4f6e2dea005077f29528535c8a8aec9f727d904ed3c6"", ""b9e710fd1e21f126e880ef384cb63538083b0cd62695ed14e8a82e9d7ea2de46""]","[""c1c05a8ba13a2926c42f725703c98fe23d061fca1b941341c82c68fd09fc1527"", ""0ee9c05cd018d22c3efa9f1a4c05e212a812157fd1c750bcf313cefe6035baa7"", ""0a8ae0080aed861331479e76665c99325ed73c480103a34202fab31735988354"", ""0a0fc1829659ebd979c603141aaea41d021b93f09dc893d3d9bbd68efaeefbdc"", ""79f5841c81f7ac714712f4d3ef1979d7e41748673024dfc15606019cd63d3958""]","[""c1c05a8ba13a2926c42f725703c98fe23d061fca1b941341c82c68fd09fc1527"", ""0ee9c05cd018d22c3efa9f1a4c05e212a812157fd1c750bcf313cefe6035baa7"", ""0a8ae0080aed861331479e76665c99325ed73c480103a34202fab31735988354"", ""79f5841c81f7ac714712f4d3ef1979d7e41748673024dfc15606019cd63d3958"", ""ea07724278be54b49fb0ffb4f22d5faf0b148d07979bb36082323bafa66fc448""]",0.0,0.0,,,,"Helix AI Engineer, Reinforcement Learning","Helix AI Engineer, Reinforcement Learning | Helix AI Engineer, Robot Learning | Reinforcement Learning Engineer – Whole Body Control | Helix AI Engineer, Generative AI | Helix AI Engineer, Video Pretraining","Helix AI Engineer, Reinforcement Learning | Reinforcement Learning Engineer – Whole Body Control | Helix AI Engineer, Modeling | State Estimation Engineer - Data Collection Systems | Helix AI Engineer, Localization and Mapping","Helix AI Engineer, Reinforcement Learning | Reinforcement Learning Engineer – Whole Body Control | Helix AI Engineer, Robot Learning | Helix AI Engineer, Modeling | Helix AI Engineer, Generative AI","Helix AI Engineer, Reinforcement Learning | Reinforcement Learning Engineer – Whole Body Control | Helix AI Engineer, Robot Learning | Helix AI Engineer, Generative AI | Helix AI Engineer, Pretraining"
official-12-2,"Design, train, evaluate, and deploy learning-based visuomotor policies for humanoid robot manipulation","{""0a8ae0080aed861331479e76665c99325ed73c480103a34202fab31735988354"": 3}","[""0a8ae0080aed861331479e76665c99325ed73c480103a34202fab31735988354"", ""372b8d981e9a118724699820ec99464d3cef1b5afecb3504bd5984e0d20cf86e"", ""0ee9c05cd018d22c3efa9f1a4c05e212a812157fd1c750bcf313cefe6035baa7"", ""3cff0238e9827ea8937e6bcbb0a6cc3e2cc5e5ea7ba7597bacb353d3de745bbe"", ""c1c05a8ba13a2926c42f725703c98fe23d061fca1b941341c82c68fd09fc1527""]","[""0a8ae0080aed861331479e76665c99325ed73c480103a34202fab31735988354"", ""c1c05a8ba13a2926c42f725703c98fe23d061fca1b941341c82c68fd09fc1527"", ""372b8d981e9a118724699820ec99464d3cef1b5afecb3504bd5984e0d20cf86e"", ""02f16aa9d32c2123cc848e69fa4f5a6acc5eaa789f5291dd40f0f63379c39974"", ""0a0fc1829659ebd979c603141aaea41d021b93f09dc893d3d9bbd68efaeefbdc""]","[""0a8ae0080aed861331479e76665c99325ed73c480103a34202fab31735988354"", ""372b8d981e9a118724699820ec99464d3cef1b5afecb3504bd5984e0d20cf86e"", ""c1c05a8ba13a2926c42f725703c98fe23d061fca1b941341c82c68fd09fc1527"", ""0ee9c05cd018d22c3efa9f1a4c05e212a812157fd1c750bcf313cefe6035baa7"", ""02f16aa9d32c2123cc848e69fa4f5a6acc5eaa789f5291dd40f0f63379c39974""]","[""0a8ae0080aed861331479e76665c99325ed73c480103a34202fab31735988354"", ""372b8d981e9a118724699820ec99464d3cef1b5afecb3504bd5984e0d20cf86e"", ""0ee9c05cd018d22c3efa9f1a4c05e212a812157fd1c750bcf313cefe6035baa7"", ""3cff0238e9827ea8937e6bcbb0a6cc3e2cc5e5ea7ba7597bacb353d3de745bbe"", ""79f5841c81f7ac714712f4d3ef1979d7e41748673024dfc15606019cd63d3958""]",0.0,0.0,,,,"Helix AI Engineer, Robot Learning","Helix AI Engineer, Robot Learning | AI Training Infrastructure Engineer – Humanoid Whole Body Control | Reinforcement Learning Engineer – Whole Body Control | Helix AI Engineer, Perception | Helix AI Engineer, Reinforcement Learning","Helix AI Engineer, Robot Learning | Helix AI Engineer, Reinforcement Learning | AI Training Infrastructure Engineer – Humanoid Whole Body Control | Helix AI Engineer, Video Pretraining | Helix AI Engineer, Modeling","Helix AI Engineer, Robot Learning | AI Training Infrastructure Engineer – Humanoid Whole Body Control | Helix AI Engineer, Reinforcement Learning | Reinforcement Learning Engineer – Whole Body Control | Helix AI Engineer, Video Pretraining","Helix AI Engineer, Robot Learning | AI Training Infrastructure Engineer – Humanoid Whole Body Control | Reinforcement Learning Engineer – Whole Body Control | Helix AI Engineer, Perception | Helix AI Engineer, Generative AI"
official-12-3,Hands-on experience developing and deploying robot learning systems on real robots,"{""0a8ae0080aed861331479e76665c99325ed73c480103a34202fab31735988354"": 3}","[""0a8ae0080aed861331479e76665c99325ed73c480103a34202fab31735988354"", ""79f5841c81f7ac714712f4d3ef1979d7e41748673024dfc15606019cd63d3958"", ""e06e31c66b7ffa4e84f45cff09e46a9f58c4828c0a53239e6022a8011e6731c7"", ""372b8d981e9a118724699820ec99464d3cef1b5afecb3504bd5984e0d20cf86e"", ""c1c05a8ba13a2926c42f725703c98fe23d061fca1b941341c82c68fd09fc1527""]","[""0a8ae0080aed861331479e76665c99325ed73c480103a34202fab31735988354"", ""c1c05a8ba13a2926c42f725703c98fe23d061fca1b941341c82c68fd09fc1527"", ""372b8d981e9a118724699820ec99464d3cef1b5afecb3504bd5984e0d20cf86e"", ""0a0fc1829659ebd979c603141aaea41d021b93f09dc893d3d9bbd68efaeefbdc"", ""b9e710fd1e21f126e880ef384cb63538083b0cd62695ed14e8a82e9d7ea2de46""]","[""0a8ae0080aed861331479e76665c99325ed73c480103a34202fab31735988354"", ""c1c05a8ba13a2926c42f725703c98fe23d061fca1b941341c82c68fd09fc1527"", ""372b8d981e9a118724699820ec99464d3cef1b5afecb3504bd5984e0d20cf86e"", ""79f5841c81f7ac714712f4d3ef1979d7e41748673024dfc15606019cd63d3958"", ""0a0fc1829659ebd979c603141aaea41d021b93f09dc893d3d9bbd68efaeefbdc""]","[""0a8ae0080aed861331479e76665c99325ed73c480103a34202fab31735988354"", ""b9e710fd1e21f126e880ef384cb63538083b0cd62695ed14e8a82e9d7ea2de46"", ""e06e31c66b7ffa4e84f45cff09e46a9f58c4828c0a53239e6022a8011e6731c7"", ""23731858c455419d59ce5792533ec8a179c6327cdadbcf49ea15e73c1c081bba"", ""79f5841c81f7ac714712f4d3ef1979d7e41748673024dfc15606019cd63d3958""]",0.0,0.0,,,,"Helix AI Engineer, Robot Learning","Helix AI Engineer, Robot Learning | Helix AI Engineer, Generative AI | Deployment Engineer (Data Collection) | AI Training Infrastructure Engineer – Humanoid Whole Body Control | Helix AI Engineer, Reinforcement Learning","Helix AI Engineer, Robot Learning | Helix AI Engineer, Reinforcement Learning | AI Training Infrastructure Engineer – Humanoid Whole Body Control | Helix AI Engineer, Modeling | Helix AI Engineer, Localization and Mapping","Helix AI Engineer, Robot Learning | Helix AI Engineer, Reinforcement Learning | AI Training Infrastructure Engineer – Humanoid Whole Body Control | Helix AI Engineer, Generative AI | Helix AI Engineer, Modeling","Helix AI Engineer, Robot Learning | Helix AI Engineer, Localization and Mapping | Deployment Engineer (Data Collection) | Helix Data Creator | Helix AI Engineer, Generative AI"
official-12-5,"岗位职责匹配：Design, train, evaluate, and deploy learning-based visuomotor policies for humanoid robot manipulation","{""0a8ae0080aed861331479e76665c99325ed73c480103a34202fab31735988354"": 3}","[""0a8ae0080aed861331479e76665c99325ed73c480103a34202fab31735988354"", ""372b8d981e9a118724699820ec99464d3cef1b5afecb3504bd5984e0d20cf86e"", ""0ee9c05cd018d22c3efa9f1a4c05e212a812157fd1c750bcf313cefe6035baa7"", ""3cff0238e9827ea8937e6bcbb0a6cc3e2cc5e5ea7ba7597bacb353d3de745bbe"", ""c1c05a8ba13a2926c42f725703c98fe23d061fca1b941341c82c68fd09fc1527""]","[""0a8ae0080aed861331479e76665c99325ed73c480103a34202fab31735988354"", ""372b8d981e9a118724699820ec99464d3cef1b5afecb3504bd5984e0d20cf86e"", ""c1c05a8ba13a2926c42f725703c98fe23d061fca1b941341c82c68fd09fc1527"", ""0a0fc1829659ebd979c603141aaea41d021b93f09dc893d3d9bbd68efaeefbdc"", ""b9e710fd1e21f126e880ef384cb63538083b0cd62695ed14e8a82e9d7ea2de46""]","[""0a8ae0080aed861331479e76665c99325ed73c480103a34202fab31735988354"", ""372b8d981e9a118724699820ec99464d3cef1b5afecb3504bd5984e0d20cf86e"", ""c1c05a8ba13a2926c42f725703c98fe23d061fca1b941341c82c68fd09fc1527"", ""0ee9c05cd018d22c3efa9f1a4c05e212a812157fd1c750bcf313cefe6035baa7"", ""79f5841c81f7ac714712f4d3ef1979d7e41748673024dfc15606019cd63d3958""]","[""0a8ae0080aed861331479e76665c99325ed73c480103a34202fab31735988354"", ""0ee9c05cd018d22c3efa9f1a4c05e212a812157fd1c750bcf313cefe6035baa7"", ""372b8d981e9a118724699820ec99464d3cef1b5afecb3504bd5984e0d20cf86e"", ""3cff0238e9827ea8937e6bcbb0a6cc3e2cc5e5ea7ba7597bacb353d3de745bbe"", ""79f5841c81f7ac714712f4d3ef1979d7e41748673024dfc15606019cd63d3958""]",0.0,0.0,,,,"Helix AI Engineer, Robot Learning","Helix AI Engineer, Robot Learning | AI Training Infrastructure Engineer – Humanoid Whole Body Control | Reinforcement Learning Engineer – Whole Body Control | Helix AI Engineer, Perception | Helix AI Engineer, Reinforcement Learning","Helix AI Engineer, Robot Learning | AI Training Infrastructure Engineer – Humanoid Whole Body Control | Helix AI Engineer, Reinforcement Learning | Helix AI Engineer, Modeling | Helix AI Engineer, Localization and Mapping","Helix AI Engineer, Robot Learning | AI Training Infrastructure Engineer – Humanoid Whole Body Control | Helix AI Engineer, Reinforcement Learning | Reinforcement Learning Engineer – Whole Body Control | Helix AI Engineer, Generative AI","Helix AI Engineer, Robot Learning | Reinforcement Learning Engineer – Whole Body Control | AI Training Infrastructure Engineer – Humanoid Whole Body Control | Helix AI Engineer, Perception | Helix AI Engineer, Generative AI"
official-13-1,"Helix AI Engineer, Training Performance","{""66a4c6d7e0904dd601e4054abef7eee96e6301da500323e2300ed9648b004074"": 3}","[""66a4c6d7e0904dd601e4054abef7eee96e6301da500323e2300ed9648b004074"", ""0a0fc1829659ebd979c603141aaea41d021b93f09dc893d3d9bbd68efaeefbdc"", ""c1c05a8ba13a2926c42f725703c98fe23d061fca1b941341c82c68fd09fc1527"", ""79f5841c81f7ac714712f4d3ef1979d7e41748673024dfc15606019cd63d3958"", ""02f16aa9d32c2123cc848e69fa4f5a6acc5eaa789f5291dd40f0f63379c39974""]","[""66a4c6d7e0904dd601e4054abef7eee96e6301da500323e2300ed9648b004074"", ""02f16aa9d32c2123cc848e69fa4f5a6acc5eaa789f5291dd40f0f63379c39974"", ""0a0fc1829659ebd979c603141aaea41d021b93f09dc893d3d9bbd68efaeefbdc"", ""ea07724278be54b49fb0ffb4f22d5faf0b148d07979bb36082323bafa66fc448"", ""0a8ae0080aed861331479e76665c99325ed73c480103a34202fab31735988354""]","[""66a4c6d7e0904dd601e4054abef7eee96e6301da500323e2300ed9648b004074"", ""0a0fc1829659ebd979c603141aaea41d021b93f09dc893d3d9bbd68efaeefbdc"", ""02f16aa9d32c2123cc848e69fa4f5a6acc5eaa789f5291dd40f0f63379c39974"", ""c1c05a8ba13a2926c42f725703c98fe23d061fca1b941341c82c68fd09fc1527"", ""79f5841c81f7ac714712f4d3ef1979d7e41748673024dfc15606019cd63d3958""]","[""66a4c6d7e0904dd601e4054abef7eee96e6301da500323e2300ed9648b004074"", ""02f16aa9d32c2123cc848e69fa4f5a6acc5eaa789f5291dd40f0f63379c39974"", ""c1c05a8ba13a2926c42f725703c98fe23d061fca1b941341c82c68fd09fc1527"", ""79f5841c81f7ac714712f4d3ef1979d7e41748673024dfc15606019cd63d3958"", ""0a8ae0080aed861331479e76665c99325ed73c480103a34202fab31735988354""]",0.0,0.0,,,,"Helix AI Engineer, Training Performance","Helix AI Engineer, Training Performance | Helix AI Engineer, Modeling | Helix AI Engineer, Reinforcement Learning | Helix AI Engineer, Generative AI | Helix AI Engineer, Video Pretraining","Helix AI Engineer, Training Performance | Helix AI Engineer, Video Pretraining | Helix AI Engineer, Modeling | Helix AI Engineer, Pretraining | Helix AI Engineer, Robot Learning","Helix AI Engineer, Training Performance | Helix AI Engineer, Modeling | Helix AI Engineer, Video Pretraining | Helix AI Engineer, Reinforcement Learning | Helix AI Engineer, Generative AI","Helix AI Engineer, Training Performance | Helix AI Engineer, Video Pretraining | Helix AI Engineer, Reinforcement Learning | Helix AI Engineer, Generative AI | Helix AI Engineer, Robot Learning"
official-13-2,Optimize training performance for a 100B+ parameter models across 100k+ GPUs.,"{""66a4c6d7e0904dd601e4054abef7eee96e6301da500323e2300ed9648b004074"": 3}","[""66a4c6d7e0904dd601e4054abef7eee96e6301da500323e2300ed9648b004074"", ""79f5841c81f7ac714712f4d3ef1979d7e41748673024dfc15606019cd63d3958"", ""02f16aa9d32c2123cc848e69fa4f5a6acc5eaa789f5291dd40f0f63379c39974"", ""ea07724278be54b49fb0ffb4f22d5faf0b148d07979bb36082323bafa66fc448"", ""372b8d981e9a118724699820ec99464d3cef1b5afecb3504bd5984e0d20cf86e""]","[""66a4c6d7e0904dd601e4054abef7eee96e6301da500323e2300ed9648b004074"", ""02f16aa9d32c2123cc848e69fa4f5a6acc5eaa789f5291dd40f0f63379c39974"", ""372b8d981e9a118724699820ec99464d3cef1b5afecb3504bd5984e0d20cf86e"", ""0ee9c05cd018d22c3efa9f1a4c05e212a812157fd1c750bcf313cefe6035baa7"", ""ea07724278be54b49fb0ffb4f22d5faf0b148d07979bb36082323bafa66fc448""]","[""66a4c6d7e0904dd601e4054abef7eee96e6301da500323e2300ed9648b004074"", ""02f16aa9d32c2123cc848e69fa4f5a6acc5eaa789f5291dd40f0f63379c39974"", ""79f5841c81f7ac714712f4d3ef1979d7e41748673024dfc15606019cd63d3958"", ""372b8d981e9a118724699820ec99464d3cef1b5afecb3504bd5984e0d20cf86e"", ""ea07724278be54b49fb0ffb4f22d5faf0b148d07979bb36082323bafa66fc448""]","[""66a4c6d7e0904dd601e4054abef7eee96e6301da500323e2300ed9648b004074"", ""02f16aa9d32c2123cc848e69fa4f5a6acc5eaa789f5291dd40f0f63379c39974"", ""ea07724278be54b49fb0ffb4f22d5faf0b148d07979bb36082323bafa66fc448"", ""372b8d981e9a118724699820ec99464d3cef1b5afecb3504bd5984e0d20cf86e"", ""79f5841c81f7ac714712f4d3ef1979d7e41748673024dfc15606019cd63d3958""]",0.0,0.0,,,,"Helix AI Engineer, Training Performance","Helix AI Engineer, Training Performance | Helix AI Engineer, Generative AI | Helix AI Engineer, Video Pretraining | Helix AI Engineer, Pretraining | AI Training Infrastructure Engineer – Humanoid Whole Body Control","Helix AI Engineer, Training Performance | Helix AI Engineer, Video Pretraining | AI Training Infrastructure Engineer – Humanoid Whole Body Control | Reinforcement Learning Engineer – Whole Body Control | Helix AI Engineer, Pretraining","Helix AI Engineer, Training Performance | Helix AI Engineer, Video Pretraining | Helix AI Engineer, Generative AI | AI Training Infrastructure Engineer – Humanoid Whole Body Control | Helix AI Engineer, Pretraining","Helix AI Engineer, Training Performance | Helix AI Engineer, Video Pretraining | Helix AI Engineer, Pretraining | AI Training Infrastructure Engineer – Humanoid Whole Body Control | Helix AI Engineer, Generative AI"
official-13-4,"Find roles focused on Helix AI Engineer, Training Performance","{""66a4c6d7e0904dd601e4054abef7eee96e6301da500323e2300ed9648b004074"": 3}","[""66a4c6d7e0904dd601e4054abef7eee96e6301da500323e2300ed9648b004074"", ""0a59a8a5defd9d4d8667a85f36f511c6a9d787070af1f561d8de7060399ebb0c"", ""0a0fc1829659ebd979c603141aaea41d021b93f09dc893d3d9bbd68efaeefbdc"", ""c1c05a8ba13a2926c42f725703c98fe23d061fca1b941341c82c68fd09fc1527"", ""79f5841c81f7ac714712f4d3ef1979d7e41748673024dfc15606019cd63d3958""]","[""66a4c6d7e0904dd601e4054abef7eee96e6301da500323e2300ed9648b004074"", ""0a8ae0080aed861331479e76665c99325ed73c480103a34202fab31735988354"", ""0a0fc1829659ebd979c603141aaea41d021b93f09dc893d3d9bbd68efaeefbdc"", ""c1c05a8ba13a2926c42f725703c98fe23d061fca1b941341c82c68fd09fc1527"", ""02f16aa9d32c2123cc848e69fa4f5a6acc5eaa789f5291dd40f0f63379c39974""]","[""66a4c6d7e0904dd601e4054abef7eee96e6301da500323e2300ed9648b004074"", ""0a0fc1829659ebd979c603141aaea41d021b93f09dc893d3d9bbd68efaeefbdc"", ""c1c05a8ba13a2926c42f725703c98fe23d061fca1b941341c82c68fd09fc1527"", ""02f16aa9d32c2123cc848e69fa4f5a6acc5eaa789f5291dd40f0f63379c39974"", ""79f5841c81f7ac714712f4d3ef1979d7e41748673024dfc15606019cd63d3958""]","[""66a4c6d7e0904dd601e4054abef7eee96e6301da500323e2300ed9648b004074"", ""79f5841c81f7ac714712f4d3ef1979d7e41748673024dfc15606019cd63d3958"", ""ea07724278be54b49fb0ffb4f22d5faf0b148d07979bb36082323bafa66fc448"", ""02f16aa9d32c2123cc848e69fa4f5a6acc5eaa789f5291dd40f0f63379c39974"", ""c1c05a8ba13a2926c42f725703c98fe23d061fca1b941341c82c68fd09fc1527""]",0.0,0.0,,,,"Helix AI Engineer, Training Performance","Helix AI Engineer, Training Performance | Helix AI Engineer, Data Infrastructure | Helix AI Engineer, Modeling | Helix AI Engineer, Reinforcement Learning | Helix AI Engineer, Generative AI","Helix AI Engineer, Training Performance | Helix AI Engineer, Robot Learning | Helix AI Engineer, Modeling | Helix AI Engineer, Reinforcement Learning | Helix AI Engineer, Video Pretraining","Helix AI Engineer, Training Performance | Helix AI Engineer, Modeling | Helix AI Engineer, Reinforcement Learning | Helix AI Engineer, Video Pretraining | Helix AI Engineer, Generative AI","Helix AI Engineer, Training Performance | Helix AI Engineer, Generative AI | Helix AI Engineer, Pretraining | Helix AI Engineer, Video Pretraining | Helix AI Engineer, Reinforcement Learning"
official-13-5,岗位职责匹配：Optimize training performance for a 100B+ parameter models across 100k+ GPUs.,"{""66a4c6d7e0904dd601e4054abef7eee96e6301da500323e2300ed9648b004074"": 3}","[""66a4c6d7e0904dd601e4054abef7eee96e6301da500323e2300ed9648b004074"", ""79f5841c81f7ac714712f4d3ef1979d7e41748673024dfc15606019cd63d3958"", ""02f16aa9d32c2123cc848e69fa4f5a6acc5eaa789f5291dd40f0f63379c39974"", ""ea07724278be54b49fb0ffb4f22d5faf0b148d07979bb36082323bafa66fc448"", ""372b8d981e9a118724699820ec99464d3cef1b5afecb3504bd5984e0d20cf86e""]","[""66a4c6d7e0904dd601e4054abef7eee96e6301da500323e2300ed9648b004074"", ""372b8d981e9a118724699820ec99464d3cef1b5afecb3504bd5984e0d20cf86e"", ""2f0e3d2ed63dc83a4e3a6796d1e94a52d14431be5936849666e4872e9a0e5a73"", ""0ee9c05cd018d22c3efa9f1a4c05e212a812157fd1c750bcf313cefe6035baa7"", ""02f16aa9d32c2123cc848e69fa4f5a6acc5eaa789f5291dd40f0f63379c39974""]","[""66a4c6d7e0904dd601e4054abef7eee96e6301da500323e2300ed9648b004074"", ""372b8d981e9a118724699820ec99464d3cef1b5afecb3504bd5984e0d20cf86e"", ""02f16aa9d32c2123cc848e69fa4f5a6acc5eaa789f5291dd40f0f63379c39974"", ""79f5841c81f7ac714712f4d3ef1979d7e41748673024dfc15606019cd63d3958"", ""0a0fc1829659ebd979c603141aaea41d021b93f09dc893d3d9bbd68efaeefbdc""]","[""66a4c6d7e0904dd601e4054abef7eee96e6301da500323e2300ed9648b004074"", ""02f16aa9d32c2123cc848e69fa4f5a6acc5eaa789f5291dd40f0f63379c39974"", ""ea07724278be54b49fb0ffb4f22d5faf0b148d07979bb36082323bafa66fc448"", ""372b8d981e9a118724699820ec99464d3cef1b5afecb3504bd5984e0d20cf86e"", ""79f5841c81f7ac714712f4d3ef1979d7e41748673024dfc15606019cd63d3958""]",0.0,0.0,,,,"Helix AI Engineer, Training Performance","Helix AI Engineer, Training Performance | Helix AI Engineer, Generative AI | Helix AI Engineer, Video Pretraining | Helix AI Engineer, Pretraining | AI Training Infrastructure Engineer – Humanoid Whole Body Control","Helix AI Engineer, Training Performance | AI Training Infrastructure Engineer – Humanoid Whole Body Control | Demand Planner | Reinforcement Learning Engineer – Whole Body Control | Helix AI Engineer, Video Pretraining","Helix AI Engineer, Training Performance | AI Training Infrastructure Engineer – Humanoid Whole Body Control | Helix AI Engineer, Video Pretraining | Helix AI Engineer, Generative AI | Helix AI Engineer, Modeling","Helix AI Engineer, Training Performance | Helix AI Engineer, Video Pretraining | Helix AI Engineer, Pretraining | AI Training Infrastructure Engineer – Humanoid Whole Body Control | Helix AI Engineer, Generative AI"
official-14-1,"Helix AI Engineer, Video Pretraining","{""02f16aa9d32c2123cc848e69fa4f5a6acc5eaa789f5291dd40f0f63379c39974"": 3}","[""02f16aa9d32c2123cc848e69fa4f5a6acc5eaa789f5291dd40f0f63379c39974"", ""ea07724278be54b49fb0ffb4f22d5faf0b148d07979bb36082323bafa66fc448"", ""0a0fc1829659ebd979c603141aaea41d021b93f09dc893d3d9bbd68efaeefbdc"", ""c1c05a8ba13a2926c42f725703c98fe23d061fca1b941341c82c68fd09fc1527"", ""79f5841c81f7ac714712f4d3ef1979d7e41748673024dfc15606019cd63d3958""]","[""02f16aa9d32c2123cc848e69fa4f5a6acc5eaa789f5291dd40f0f63379c39974"", ""ea07724278be54b49fb0ffb4f22d5faf0b148d07979bb36082323bafa66fc448"", ""0a0fc1829659ebd979c603141aaea41d021b93f09dc893d3d9bbd68efaeefbdc"", ""0a8ae0080aed861331479e76665c99325ed73c480103a34202fab31735988354"", ""79f5841c81f7ac714712f4d3ef1979d7e41748673024dfc15606019cd63d3958""]","[""02f16aa9d32c2123cc848e69fa4f5a6acc5eaa789f5291dd40f0f63379c39974"", ""ea07724278be54b49fb0ffb4f22d5faf0b148d07979bb36082323bafa66fc448"", ""0a0fc1829659ebd979c603141aaea41d021b93f09dc893d3d9bbd68efaeefbdc"", ""79f5841c81f7ac714712f4d3ef1979d7e41748673024dfc15606019cd63d3958"", ""c1c05a8ba13a2926c42f725703c98fe23d061fca1b941341c82c68fd09fc1527""]","[""02f16aa9d32c2123cc848e69fa4f5a6acc5eaa789f5291dd40f0f63379c39974"", ""ea07724278be54b49fb0ffb4f22d5faf0b148d07979bb36082323bafa66fc448"", ""0a0fc1829659ebd979c603141aaea41d021b93f09dc893d3d9bbd68efaeefbdc"", ""c1c05a8ba13a2926c42f725703c98fe23d061fca1b941341c82c68fd09fc1527"", ""66a4c6d7e0904dd601e4054abef7eee96e6301da500323e2300ed9648b004074""]",0.0,0.0,,,,"Helix AI Engineer, Video Pretraining","Helix AI Engineer, Video Pretraining | Helix AI Engineer, Pretraining | Helix AI Engineer, Modeling | Helix AI Engineer, Reinforcement Learning | Helix AI Engineer, Generative AI","Helix AI Engineer, Video Pretraining | Helix AI Engineer, Pretraining | Helix AI Engineer, Modeling | Helix AI Engineer, Robot Learning | Helix AI Engineer, Generative AI","Helix AI Engineer, Video Pretraining | Helix AI Engineer, Pretraining | Helix AI Engineer, Modeling | Helix AI Engineer, Generative AI | Helix AI Engineer, Reinforcement Learning","Helix AI Engineer, Video Pretraining | Helix AI Engineer, Pretraining | Helix AI Engineer, Modeling | Helix AI Engineer, Reinforcement Learning | Helix AI Engineer, Training Performance"
official-14-2,Design and train large-scale video foundation models on diverse datasets spanning internet-scale video and robot-collected data,"{""02f16aa9d32c2123cc848e69fa4f5a6acc5eaa789f5291dd40f0f63379c39974"": 3}","[""02f16aa9d32c2123cc848e69fa4f5a6acc5eaa789f5291dd40f0f63379c39974"", ""ea07724278be54b49fb0ffb4f22d5faf0b148d07979bb36082323bafa66fc448"", ""79f5841c81f7ac714712f4d3ef1979d7e41748673024dfc15606019cd63d3958"", ""c1c05a8ba13a2926c42f725703c98fe23d061fca1b941341c82c68fd09fc1527"", ""0a0fc1829659ebd979c603141aaea41d021b93f09dc893d3d9bbd68efaeefbdc""]","[""02f16aa9d32c2123cc848e69fa4f5a6acc5eaa789f5291dd40f0f63379c39974"", ""ea07724278be54b49fb0ffb4f22d5faf0b148d07979bb36082323bafa66fc448"", ""79f5841c81f7ac714712f4d3ef1979d7e41748673024dfc15606019cd63d3958"", ""0a8ae0080aed861331479e76665c99325ed73c480103a34202fab31735988354"", ""372b8d981e9a118724699820ec99464d3cef1b5afecb3504bd5984e0d20cf86e""]","[""02f16aa9d32c2123cc848e69fa4f5a6acc5eaa789f5291dd40f0f63379c39974"", ""ea07724278be54b49fb0ffb4f22d5faf0b148d07979bb36082323bafa66fc448"", ""79f5841c81f7ac714712f4d3ef1979d7e41748673024dfc15606019cd63d3958"", ""372b8d981e9a118724699820ec99464d3cef1b5afecb3504bd5984e0d20cf86e"", ""0a8ae0080aed861331479e76665c99325ed73c480103a34202fab31735988354""]","[""02f16aa9d32c2123cc848e69fa4f5a6acc5eaa789f5291dd40f0f63379c39974"", ""ea07724278be54b49fb0ffb4f22d5faf0b148d07979bb36082323bafa66fc448"", ""79f5841c81f7ac714712f4d3ef1979d7e41748673024dfc15606019cd63d3958"", ""c1c05a8ba13a2926c42f725703c98fe23d061fca1b941341c82c68fd09fc1527"", ""b9e710fd1e21f126e880ef384cb63538083b0cd62695ed14e8a82e9d7ea2de46""]",0.0,0.0,,,,"Helix AI Engineer, Video Pretraining","Helix AI Engineer, Video Pretraining | Helix AI Engineer, Pretraining | Helix AI Engineer, Generative AI | Helix AI Engineer, Reinforcement Learning | Helix AI Engineer, Modeling","Helix AI Engineer, Video Pretraining | Helix AI Engineer, Pretraining | Helix AI Engineer, Generative AI | Helix AI Engineer, Robot Learning | AI Training Infrastructure Engineer – Humanoid Whole Body Control","Helix AI Engineer, Video Pretraining | Helix AI Engineer, Pretraining | Helix AI Engineer, Generative AI | AI Training Infrastructure Engineer – Humanoid Whole Body Control | Helix AI Engineer, Robot Learning","Helix AI Engineer, Video Pretraining | Helix AI Engineer, Pretraining | Helix AI Engineer, Generative AI | Helix AI Engineer, Reinforcement Learning | Helix AI Engineer, Localization and Mapping"
official-14-3,Experience training large-scale models on video data or other high-dimensional sequential modalities,"{""02f16aa9d32c2123cc848e69fa4f5a6acc5eaa789f5291dd40f0f63379c39974"": 3}","[""02f16aa9d32c2123cc848e69fa4f5a6acc5eaa789f5291dd40f0f63379c39974"", ""79f5841c81f7ac714712f4d3ef1979d7e41748673024dfc15606019cd63d3958"", ""ea07724278be54b49fb0ffb4f22d5faf0b148d07979bb36082323bafa66fc448"", ""819b7ab25d3641d3878a4f6e2dea005077f29528535c8a8aec9f727d904ed3c6"", ""0a0fc1829659ebd979c603141aaea41d021b93f09dc893d3d9bbd68efaeefbdc""]","[""02f16aa9d32c2123cc848e69fa4f5a6acc5eaa789f5291dd40f0f63379c39974"", ""79f5841c81f7ac714712f4d3ef1979d7e41748673024dfc15606019cd63d3958"", ""ea07724278be54b49fb0ffb4f22d5faf0b148d07979bb36082323bafa66fc448"", ""66a4c6d7e0904dd601e4054abef7eee96e6301da500323e2300ed9648b004074"", ""0a0fc1829659ebd979c603141aaea41d021b93f09dc893d3d9bbd68efaeefbdc""]","[""02f16aa9d32c2123cc848e69fa4f5a6acc5eaa789f5291dd40f0f63379c39974"", ""79f5841c81f7ac714712f4d3ef1979d7e41748673024dfc15606019cd63d3958"", ""ea07724278be54b49fb0ffb4f22d5faf0b148d07979bb36082323bafa66fc448"", ""66a4c6d7e0904dd601e4054abef7eee96e6301da500323e2300ed9648b004074"", ""0a0fc1829659ebd979c603141aaea41d021b93f09dc893d3d9bbd68efaeefbdc""]","[""02f16aa9d32c2123cc848e69fa4f5a6acc5eaa789f5291dd40f0f63379c39974"", ""ea07724278be54b49fb0ffb4f22d5faf0b148d07979bb36082323bafa66fc448"", ""79f5841c81f7ac714712f4d3ef1979d7e41748673024dfc15606019cd63d3958"", ""c1c05a8ba13a2926c42f725703c98fe23d061fca1b941341c82c68fd09fc1527"", ""372b8d981e9a118724699820ec99464d3cef1b5afecb3504bd5984e0d20cf86e""]",0.0,0.0,,,,"Helix AI Engineer, Video Pretraining","Helix AI Engineer, Video Pretraining | Helix AI Engineer, Generative AI | Helix AI Engineer, Pretraining | State Estimation Engineer - Data Collection Systems | Helix AI Engineer, Modeling","Helix AI Engineer, Video Pretraining | Helix AI Engineer, Generative AI | Helix AI Engineer, Pretraining | Helix AI Engineer, Training Performance | Helix AI Engineer, Modeling","Helix AI Engineer, Video Pretraining | Helix AI Engineer, Generative AI | Helix AI Engineer, Pretraining | Helix AI Engineer, Training Performance | Helix AI Engineer, Modeling","Helix AI Engineer, Video Pretraining | Helix AI Engineer, Pretraining | Helix AI Engineer, Generative AI | Helix AI Engineer, Reinforcement Learning | AI Training Infrastructure Engineer – Humanoid Whole Body Control"
official-14-4,"Find roles focused on Helix AI Engineer, Video Pretraining","{""02f16aa9d32c2123cc848e69fa4f5a6acc5eaa789f5291dd40f0f63379c39974"": 3}","[""02f16aa9d32c2123cc848e69fa4f5a6acc5eaa789f5291dd40f0f63379c39974"", ""ea07724278be54b49fb0ffb4f22d5faf0b148d07979bb36082323bafa66fc448"", ""0a0fc1829659ebd979c603141aaea41d021b93f09dc893d3d9bbd68efaeefbdc"", ""c1c05a8ba13a2926c42f725703c98fe23d061fca1b941341c82c68fd09fc1527"", ""79f5841c81f7ac714712f4d3ef1979d7e41748673024dfc15606019cd63d3958""]","[""02f16aa9d32c2123cc848e69fa4f5a6acc5eaa789f5291dd40f0f63379c39974"", ""ea07724278be54b49fb0ffb4f22d5faf0b148d07979bb36082323bafa66fc448"", ""0a0fc1829659ebd979c603141aaea41d021b93f09dc893d3d9bbd68efaeefbdc"", ""0a8ae0080aed861331479e76665c99325ed73c480103a34202fab31735988354"", ""79f5841c81f7ac714712f4d3ef1979d7e41748673024dfc15606019cd63d3958""]","[""02f16aa9d32c2123cc848e69fa4f5a6acc5eaa789f5291dd40f0f63379c39974"", ""ea07724278be54b49fb0ffb4f22d5faf0b148d07979bb36082323bafa66fc448"", ""0a0fc1829659ebd979c603141aaea41d021b93f09dc893d3d9bbd68efaeefbdc"", ""79f5841c81f7ac714712f4d3ef1979d7e41748673024dfc15606019cd63d3958"", ""c1c05a8ba13a2926c42f725703c98fe23d061fca1b941341c82c68fd09fc1527""]","[""02f16aa9d32c2123cc848e69fa4f5a6acc5eaa789f5291dd40f0f63379c39974"", ""ea07724278be54b49fb0ffb4f22d5faf0b148d07979bb36082323bafa66fc448"", ""0a0fc1829659ebd979c603141aaea41d021b93f09dc893d3d9bbd68efaeefbdc"", ""c1c05a8ba13a2926c42f725703c98fe23d061fca1b941341c82c68fd09fc1527"", ""66a4c6d7e0904dd601e4054abef7eee96e6301da500323e2300ed9648b004074""]",0.0,0.0,,,,"Helix AI Engineer, Video Pretraining","Helix AI Engineer, Video Pretraining | Helix AI Engineer, Pretraining | Helix AI Engineer, Modeling | Helix AI Engineer, Reinforcement Learning | Helix AI Engineer, Generative AI","Helix AI Engineer, Video Pretraining | Helix AI Engineer, Pretraining | Helix AI Engineer, Modeling | Helix AI Engineer, Robot Learning | Helix AI Engineer, Generative AI","Helix AI Engineer, Video Pretraining | Helix AI Engineer, Pretraining | Helix AI Engineer, Modeling | Helix AI Engineer, Generative AI | Helix AI Engineer, Reinforcement Learning","Helix AI Engineer, Video Pretraining | Helix AI Engineer, Pretraining | Helix AI Engineer, Modeling | Helix AI Engineer, Reinforcement Learning | Helix AI Engineer, Training Performance"
official-14-5,岗位职责匹配：Design and train large-scale video foundation models on diverse datasets spanning internet-scale video and robot-collected data,"{""02f16aa9d32c2123cc848e69fa4f5a6acc5eaa789f5291dd40f0f63379c39974"": 3}","[""02f16aa9d32c2123cc848e69fa4f5a6acc5eaa789f5291dd40f0f63379c39974"", ""ea07724278be54b49fb0ffb4f22d5faf0b148d07979bb36082323bafa66fc448"", ""79f5841c81f7ac714712f4d3ef1979d7e41748673024dfc15606019cd63d3958"", ""c1c05a8ba13a2926c42f725703c98fe23d061fca1b941341c82c68fd09fc1527"", ""0a0fc1829659ebd979c603141aaea41d021b93f09dc893d3d9bbd68efaeefbdc""]","[""02f16aa9d32c2123cc848e69fa4f5a6acc5eaa789f5291dd40f0f63379c39974"", ""ea07724278be54b49fb0ffb4f22d5faf0b148d07979bb36082323bafa66fc448"", ""79f5841c81f7ac714712f4d3ef1979d7e41748673024dfc15606019cd63d3958"", ""372b8d981e9a118724699820ec99464d3cef1b5afecb3504bd5984e0d20cf86e"", ""0a0fc1829659ebd979c603141aaea41d021b93f09dc893d3d9bbd68efaeefbdc""]","[""02f16aa9d32c2123cc848e69fa4f5a6acc5eaa789f5291dd40f0f63379c39974"", ""ea07724278be54b49fb0ffb4f22d5faf0b148d07979bb36082323bafa66fc448"", ""79f5841c81f7ac714712f4d3ef1979d7e41748673024dfc15606019cd63d3958"", ""372b8d981e9a118724699820ec99464d3cef1b5afecb3504bd5984e0d20cf86e"", ""0a0fc1829659ebd979c603141aaea41d021b93f09dc893d3d9bbd68efaeefbdc""]","[""02f16aa9d32c2123cc848e69fa4f5a6acc5eaa789f5291dd40f0f63379c39974"", ""ea07724278be54b49fb0ffb4f22d5faf0b148d07979bb36082323bafa66fc448"", ""79f5841c81f7ac714712f4d3ef1979d7e41748673024dfc15606019cd63d3958"", ""c1c05a8ba13a2926c42f725703c98fe23d061fca1b941341c82c68fd09fc1527"", ""b73b922f4af1b2a2e4a3167943581b60aef9cf2340f022877c17699262b879eb""]",0.0,0.0,,,,"Helix AI Engineer, Video Pretraining","Helix AI Engineer, Video Pretraining | Helix AI Engineer, Pretraining | Helix AI Engineer, Generative AI | Helix AI Engineer, Reinforcement Learning | Helix AI Engineer, Modeling","Helix AI Engineer, Video Pretraining | Helix AI Engineer, Pretraining | Helix AI Engineer, Generative AI | AI Training Infrastructure Engineer – Humanoid Whole Body Control | Helix AI Engineer, Modeling","Helix AI Engineer, Video Pretraining | Helix AI Engineer, Pretraining | Helix AI Engineer, Generative AI | AI Training Infrastructure Engineer – Humanoid Whole Body Control | Helix AI Engineer, Modeling","Helix AI Engineer, Video Pretraining | Helix AI Engineer, Pretraining | Helix AI Engineer, Generative AI | Helix AI Engineer, Reinforcement Learning | Data Strategy Associate"
official-15-1,Helix Data Creator,"{""23731858c455419d59ce5792533ec8a179c6327cdadbcf49ea15e73c1c081bba"": 3}","[""23731858c455419d59ce5792533ec8a179c6327cdadbcf49ea15e73c1c081bba"", ""1f9f2467de3e4708c9577641bda5d53235417f44365da66ec663e0915b9106e5"", ""b77e6b3d7caede0bfbcf4d62df9841a707956651099051cf4de62dd3a2a3599e"", ""79f5841c81f7ac714712f4d3ef1979d7e41748673024dfc15606019cd63d3958"", ""ea07724278be54b49fb0ffb4f22d5faf0b148d07979bb36082323bafa66fc448""]","[""1f9f2467de3e4708c9577641bda5d53235417f44365da66ec663e0915b9106e5"", ""23731858c455419d59ce5792533ec8a179c6327cdadbcf49ea15e73c1c081bba"", ""79f5841c81f7ac714712f4d3ef1979d7e41748673024dfc15606019cd63d3958"", ""0a59a8a5defd9d4d8667a85f36f511c6a9d787070af1f561d8de7060399ebb0c"", ""02f16aa9d32c2123cc848e69fa4f5a6acc5eaa789f5291dd40f0f63379c39974""]","[""1f9f2467de3e4708c9577641bda5d53235417f44365da66ec663e0915b9106e5"", ""23731858c455419d59ce5792533ec8a179c6327cdadbcf49ea15e73c1c081bba"", ""79f5841c81f7ac714712f4d3ef1979d7e41748673024dfc15606019cd63d3958"", ""0a59a8a5defd9d4d8667a85f36f511c6a9d787070af1f561d8de7060399ebb0c"", ""02f16aa9d32c2123cc848e69fa4f5a6acc5eaa789f5291dd40f0f63379c39974""]","[""23731858c455419d59ce5792533ec8a179c6327cdadbcf49ea15e73c1c081bba"", ""1f9f2467de3e4708c9577641bda5d53235417f44365da66ec663e0915b9106e5"", ""79f5841c81f7ac714712f4d3ef1979d7e41748673024dfc15606019cd63d3958"", ""0a59a8a5defd9d4d8667a85f36f511c6a9d787070af1f561d8de7060399ebb0c"", ""b77e6b3d7caede0bfbcf4d62df9841a707956651099051cf4de62dd3a2a3599e""]",0.0,0.0,,,,Helix Data Creator,"Helix Data Creator | Helix Data Creator | Humanoid Robot Operator & Data Creator — Fontana, CA (Customer Site) | Helix AI Engineer, Generative AI | Helix AI Engineer, Pretraining","Helix Data Creator | Helix Data Creator | Helix AI Engineer, Generative AI | Helix AI Engineer, Data Infrastructure | Helix AI Engineer, Video Pretraining","Helix Data Creator | Helix Data Creator | Helix AI Engineer, Generative AI | Helix AI Engineer, Data Infrastructure | Helix AI Engineer, Video Pretraining","Helix Data Creator | Helix Data Creator | Helix AI Engineer, Generative AI | Helix AI Engineer, Data Infrastructure | Humanoid Robot Operator & Data Creator — Fontana, CA (Customer Site)"
official-15-2,Wear sensor equipment to guide the robot through human-like motions,"{""23731858c455419d59ce5792533ec8a179c6327cdadbcf49ea15e73c1c081bba"": 3}","[""23731858c455419d59ce5792533ec8a179c6327cdadbcf49ea15e73c1c081bba"", ""1f9f2467de3e4708c9577641bda5d53235417f44365da66ec663e0915b9106e5"", ""b77e6b3d7caede0bfbcf4d62df9841a707956651099051cf4de62dd3a2a3599e"", ""0a0fc1829659ebd979c603141aaea41d021b93f09dc893d3d9bbd68efaeefbdc"", ""a39440f627d72dfbfc52ba5e4663f2857cfc04e4e8a0f1497e74d63990542df0""]","[""23731858c455419d59ce5792533ec8a179c6327cdadbcf49ea15e73c1c081bba"", ""1f9f2467de3e4708c9577641bda5d53235417f44365da66ec663e0915b9106e5"", ""372b8d981e9a118724699820ec99464d3cef1b5afecb3504bd5984e0d20cf86e"", ""a39440f627d72dfbfc52ba5e4663f2857cfc04e4e8a0f1497e74d63990542df0"", ""819b7ab25d3641d3878a4f6e2dea005077f29528535c8a8aec9f727d904ed3c6""]","[""23731858c455419d59ce5792533ec8a179c6327cdadbcf49ea15e73c1c081bba"", ""1f9f2467de3e4708c9577641bda5d53235417f44365da66ec663e0915b9106e5"", ""b77e6b3d7caede0bfbcf4d62df9841a707956651099051cf4de62dd3a2a3599e"", ""a39440f627d72dfbfc52ba5e4663f2857cfc04e4e8a0f1497e74d63990542df0"", ""819b7ab25d3641d3878a4f6e2dea005077f29528535c8a8aec9f727d904ed3c6""]","[""23731858c455419d59ce5792533ec8a179c6327cdadbcf49ea15e73c1c081bba"", ""1f9f2467de3e4708c9577641bda5d53235417f44365da66ec663e0915b9106e5"", ""b77e6b3d7caede0bfbcf4d62df9841a707956651099051cf4de62dd3a2a3599e"", ""819b7ab25d3641d3878a4f6e2dea005077f29528535c8a8aec9f727d904ed3c6"", ""b9e710fd1e21f126e880ef384cb63538083b0cd62695ed14e8a82e9d7ea2de46""]",0.0,0.0,,,,Helix Data Creator,"Helix Data Creator | Helix Data Creator | Humanoid Robot Operator & Data Creator — Fontana, CA (Customer Site) | Helix AI Engineer, Modeling | Deployment Logistics Lead",Helix Data Creator | Helix Data Creator | AI Training Infrastructure Engineer – Humanoid Whole Body Control | Deployment Logistics Lead | State Estimation Engineer - Data Collection Systems,"Helix Data Creator | Helix Data Creator | Humanoid Robot Operator & Data Creator — Fontana, CA (Customer Site) | Deployment Logistics Lead | State Estimation Engineer - Data Collection Systems","Helix Data Creator | Helix Data Creator | Humanoid Robot Operator & Data Creator — Fontana, CA (Customer Site) | State Estimation Engineer - Data Collection Systems | Helix AI Engineer, Localization and Mapping"
official-15-5,岗位职责匹配：Wear sensor equipment to guide the robot through human-like motions,"{""23731858c455419d59ce5792533ec8a179c6327cdadbcf49ea15e73c1c081bba"": 3}","[""23731858c455419d59ce5792533ec8a179c6327cdadbcf49ea15e73c1c081bba"", ""1f9f2467de3e4708c9577641bda5d53235417f44365da66ec663e0915b9106e5"", ""b77e6b3d7caede0bfbcf4d62df9841a707956651099051cf4de62dd3a2a3599e"", ""0a0fc1829659ebd979c603141aaea41d021b93f09dc893d3d9bbd68efaeefbdc"", ""a39440f627d72dfbfc52ba5e4663f2857cfc04e4e8a0f1497e74d63990542df0""]","[""23731858c455419d59ce5792533ec8a179c6327cdadbcf49ea15e73c1c081bba"", ""1f9f2467de3e4708c9577641bda5d53235417f44365da66ec663e0915b9106e5"", ""372b8d981e9a118724699820ec99464d3cef1b5afecb3504bd5984e0d20cf86e"", ""819b7ab25d3641d3878a4f6e2dea005077f29528535c8a8aec9f727d904ed3c6"", ""a39440f627d72dfbfc52ba5e4663f2857cfc04e4e8a0f1497e74d63990542df0""]","[""23731858c455419d59ce5792533ec8a179c6327cdadbcf49ea15e73c1c081bba"", ""1f9f2467de3e4708c9577641bda5d53235417f44365da66ec663e0915b9106e5"", ""b77e6b3d7caede0bfbcf4d62df9841a707956651099051cf4de62dd3a2a3599e"", ""819b7ab25d3641d3878a4f6e2dea005077f29528535c8a8aec9f727d904ed3c6"", ""a39440f627d72dfbfc52ba5e4663f2857cfc04e4e8a0f1497e74d63990542df0""]","[""23731858c455419d59ce5792533ec8a179c6327cdadbcf49ea15e73c1c081bba"", ""1f9f2467de3e4708c9577641bda5d53235417f44365da66ec663e0915b9106e5"", ""b77e6b3d7caede0bfbcf4d62df9841a707956651099051cf4de62dd3a2a3599e"", ""b9e710fd1e21f126e880ef384cb63538083b0cd62695ed14e8a82e9d7ea2de46"", ""819b7ab25d3641d3878a4f6e2dea005077f29528535c8a8aec9f727d904ed3c6""]",0.0,0.0,,,,Helix Data Creator,"Helix Data Creator | Helix Data Creator | Humanoid Robot Operator & Data Creator — Fontana, CA (Customer Site) | Helix AI Engineer, Modeling | Deployment Logistics Lead",Helix Data Creator | Helix Data Creator | AI Training Infrastructure Engineer – Humanoid Whole Body Control | State Estimation Engineer - Data Collection Systems | Deployment Logistics Lead,"Helix Data Creator | Helix Data Creator | Humanoid Robot Operator & Data Creator — Fontana, CA (Customer Site) | State Estimation Engineer - Data Collection Systems | Deployment Logistics Lead","Helix Data Creator | Helix Data Creator | Humanoid Robot Operator & Data Creator — Fontana, CA (Customer Site) | Helix AI Engineer, Localization and Mapping | State Estimation Engineer - Data Collection Systems"
official-16-1,Helix Data Creator,"{""1f9f2467de3e4708c9577641bda5d53235417f44365da66ec663e0915b9106e5"": 3}","[""23731858c455419d59ce5792533ec8a179c6327cdadbcf49ea15e73c1c081bba"", ""1f9f2467de3e4708c9577641bda5d53235417f44365da66ec663e0915b9106e5"", ""b77e6b3d7caede0bfbcf4d62df9841a707956651099051cf4de62dd3a2a3599e"", ""79f5841c81f7ac714712f4d3ef1979d7e41748673024dfc15606019cd63d3958"", ""ea07724278be54b49fb0ffb4f22d5faf0b148d07979bb36082323bafa66fc448""]","[""1f9f2467de3e4708c9577641bda5d53235417f44365da66ec663e0915b9106e5"", ""23731858c455419d59ce5792533ec8a179c6327cdadbcf49ea15e73c1c081bba"", ""79f5841c81f7ac714712f4d3ef1979d7e41748673024dfc15606019cd63d3958"", ""0a59a8a5defd9d4d8667a85f36f511c6a9d787070af1f561d8de7060399ebb0c"", ""02f16aa9d32c2123cc848e69fa4f5a6acc5eaa789f5291dd40f0f63379c39974""]","[""1f9f2467de3e4708c9577641bda5d53235417f44365da66ec663e0915b9106e5"", ""23731858c455419d59ce5792533ec8a179c6327cdadbcf49ea15e73c1c081bba"", ""79f5841c81f7ac714712f4d3ef1979d7e41748673024dfc15606019cd63d3958"", ""0a59a8a5defd9d4d8667a85f36f511c6a9d787070af1f561d8de7060399ebb0c"", ""02f16aa9d32c2123cc848e69fa4f5a6acc5eaa789f5291dd40f0f63379c39974""]","[""23731858c455419d59ce5792533ec8a179c6327cdadbcf49ea15e73c1c081bba"", ""1f9f2467de3e4708c9577641bda5d53235417f44365da66ec663e0915b9106e5"", ""79f5841c81f7ac714712f4d3ef1979d7e41748673024dfc15606019cd63d3958"", ""0a59a8a5defd9d4d8667a85f36f511c6a9d787070af1f561d8de7060399ebb0c"", ""b77e6b3d7caede0bfbcf4d62df9841a707956651099051cf4de62dd3a2a3599e""]",0.0,0.0,,,,Helix Data Creator,"Helix Data Creator | Helix Data Creator | Humanoid Robot Operator & Data Creator — Fontana, CA (Customer Site) | Helix AI Engineer, Generative AI | Helix AI Engineer, Pretraining","Helix Data Creator | Helix Data Creator | Helix AI Engineer, Generative AI | Helix AI Engineer, Data Infrastructure | Helix AI Engineer, Video Pretraining","Helix Data Creator | Helix Data Creator | Helix AI Engineer, Generative AI | Helix AI Engineer, Data Infrastructure | Helix AI Engineer, Video Pretraining","Helix Data Creator | Helix Data Creator | Helix AI Engineer, Generative AI | Helix AI Engineer, Data Infrastructure | Humanoid Robot Operator & Data Creator — Fontana, CA (Customer Site)"
official-16-3,"Able to perform repetitive standing, walking, lifting, reaching, and full-range limb motions required for motion-capture across an 8+ hour shift","{""1f9f2467de3e4708c9577641bda5d53235417f44365da66ec663e0915b9106e5"": 3}","[""1f9f2467de3e4708c9577641bda5d53235417f44365da66ec663e0915b9106e5"", ""23731858c455419d59ce5792533ec8a179c6327cdadbcf49ea15e73c1c081bba"", ""b77e6b3d7caede0bfbcf4d62df9841a707956651099051cf4de62dd3a2a3599e"", ""b9e710fd1e21f126e880ef384cb63538083b0cd62695ed14e8a82e9d7ea2de46"", ""02f16aa9d32c2123cc848e69fa4f5a6acc5eaa789f5291dd40f0f63379c39974""]","[""1f9f2467de3e4708c9577641bda5d53235417f44365da66ec663e0915b9106e5"", ""23731858c455419d59ce5792533ec8a179c6327cdadbcf49ea15e73c1c081bba"", ""b9e710fd1e21f126e880ef384cb63538083b0cd62695ed14e8a82e9d7ea2de46"", ""819b7ab25d3641d3878a4f6e2dea005077f29528535c8a8aec9f727d904ed3c6"", ""372b8d981e9a118724699820ec99464d3cef1b5afecb3504bd5984e0d20cf86e""]","[""1f9f2467de3e4708c9577641bda5d53235417f44365da66ec663e0915b9106e5"", ""23731858c455419d59ce5792533ec8a179c6327cdadbcf49ea15e73c1c081bba"", ""b9e710fd1e21f126e880ef384cb63538083b0cd62695ed14e8a82e9d7ea2de46"", ""819b7ab25d3641d3878a4f6e2dea005077f29528535c8a8aec9f727d904ed3c6"", ""02f16aa9d32c2123cc848e69fa4f5a6acc5eaa789f5291dd40f0f63379c39974""]","[""1f9f2467de3e4708c9577641bda5d53235417f44365da66ec663e0915b9106e5"", ""23731858c455419d59ce5792533ec8a179c6327cdadbcf49ea15e73c1c081bba"", ""b77e6b3d7caede0bfbcf4d62df9841a707956651099051cf4de62dd3a2a3599e"", ""b9e710fd1e21f126e880ef384cb63538083b0cd62695ed14e8a82e9d7ea2de46"", ""02f16aa9d32c2123cc848e69fa4f5a6acc5eaa789f5291dd40f0f63379c39974""]",0.0,0.0,,,,Helix Data Creator,"Helix Data Creator | Helix Data Creator | Humanoid Robot Operator & Data Creator — Fontana, CA (Customer Site) | Helix AI Engineer, Localization and Mapping | Helix AI Engineer, Video Pretraining","Helix Data Creator | Helix Data Creator | Helix AI Engineer, Localization and Mapping | State Estimation Engineer - Data Collection Systems | AI Training Infrastructure Engineer – Humanoid Whole Body Control","Helix Data Creator | Helix Data Creator | Helix AI Engineer, Localization and Mapping | State Estimation Engineer - Data Collection Systems | Helix AI Engineer, Video Pretraining","Helix Data Creator | Helix Data Creator | Humanoid Robot Operator & Data Creator — Fontana, CA (Customer Site) | Helix AI Engineer, Localization and Mapping | Helix AI Engineer, Video Pretraining"
official-16-5,"岗位职责匹配：Data collection: Wear sensor suits to perform repetitive, precise physical movements (walking, lifting, reaching) that guide the robot and generate training data, for up to 8 hours per shift.","{""1f9f2467de3e4708c9577641bda5d53235417f44365da66ec663e0915b9106e5"": 3}","[""1f9f2467de3e4708c9577641bda5d53235417f44365da66ec663e0915b9106e5"", ""23731858c455419d59ce5792533ec8a179c6327cdadbcf49ea15e73c1c081bba"", ""b77e6b3d7caede0bfbcf4d62df9841a707956651099051cf4de62dd3a2a3599e"", ""a39440f627d72dfbfc52ba5e4663f2857cfc04e4e8a0f1497e74d63990542df0"", ""66a4c6d7e0904dd601e4054abef7eee96e6301da500323e2300ed9648b004074""]","[""1f9f2467de3e4708c9577641bda5d53235417f44365da66ec663e0915b9106e5"", ""23731858c455419d59ce5792533ec8a179c6327cdadbcf49ea15e73c1c081bba"", ""819b7ab25d3641d3878a4f6e2dea005077f29528535c8a8aec9f727d904ed3c6"", ""b73b922f4af1b2a2e4a3167943581b60aef9cf2340f022877c17699262b879eb"", ""e06e31c66b7ffa4e84f45cff09e46a9f58c4828c0a53239e6022a8011e6731c7""]","[""1f9f2467de3e4708c9577641bda5d53235417f44365da66ec663e0915b9106e5"", ""23731858c455419d59ce5792533ec8a179c6327cdadbcf49ea15e73c1c081bba"", ""819b7ab25d3641d3878a4f6e2dea005077f29528535c8a8aec9f727d904ed3c6"", ""a39440f627d72dfbfc52ba5e4663f2857cfc04e4e8a0f1497e74d63990542df0"", ""b77e6b3d7caede0bfbcf4d62df9841a707956651099051cf4de62dd3a2a3599e""]","[""1f9f2467de3e4708c9577641bda5d53235417f44365da66ec663e0915b9106e5"", ""23731858c455419d59ce5792533ec8a179c6327cdadbcf49ea15e73c1c081bba"", ""b77e6b3d7caede0bfbcf4d62df9841a707956651099051cf4de62dd3a2a3599e"", ""b73b922f4af1b2a2e4a3167943581b60aef9cf2340f022877c17699262b879eb"", ""e06e31c66b7ffa4e84f45cff09e46a9f58c4828c0a53239e6022a8011e6731c7""]",0.0,0.0,,,,Helix Data Creator,"Helix Data Creator | Helix Data Creator | Humanoid Robot Operator & Data Creator — Fontana, CA (Customer Site) | Deployment Logistics Lead | Helix AI Engineer, Training Performance",Helix Data Creator | Helix Data Creator | State Estimation Engineer - Data Collection Systems | Data Strategy Associate | Deployment Engineer (Data Collection),"Helix Data Creator | Helix Data Creator | State Estimation Engineer - Data Collection Systems | Deployment Logistics Lead | Humanoid Robot Operator & Data Creator — Fontana, CA (Customer Site)","Helix Data Creator | Helix Data Creator | Humanoid Robot Operator & Data Creator — Fontana, CA (Customer Site) | Data Strategy Associate | Deployment Engineer (Data Collection)"
official-17-1,"Humanoid Robot Operator & Data Creator — Fontana, CA (Customer Site)","{""b77e6b3d7caede0bfbcf4d62df9841a707956651099051cf4de62dd3a2a3599e"": 3}","[""b77e6b3d7caede0bfbcf4d62df9841a707956651099051cf4de62dd3a2a3599e"", ""0510f179c62b00682e302dc68cd73707b475417d78001a1955e46bb5361b8242"", ""7e180bb84925d86b67a37d44448c9e76ee9559555a0a794046a80088ba50abbe"", ""e06e31c66b7ffa4e84f45cff09e46a9f58c4828c0a53239e6022a8011e6731c7"", ""23731858c455419d59ce5792533ec8a179c6327cdadbcf49ea15e73c1c081bba""]","[""b77e6b3d7caede0bfbcf4d62df9841a707956651099051cf4de62dd3a2a3599e"", ""23731858c455419d59ce5792533ec8a179c6327cdadbcf49ea15e73c1c081bba"", ""1f9f2467de3e4708c9577641bda5d53235417f44365da66ec663e0915b9106e5"", ""b73b922f4af1b2a2e4a3167943581b60aef9cf2340f022877c17699262b879eb"", ""0510f179c62b00682e302dc68cd73707b475417d78001a1955e46bb5361b8242""]","[""b77e6b3d7caede0bfbcf4d62df9841a707956651099051cf4de62dd3a2a3599e"", ""0510f179c62b00682e302dc68cd73707b475417d78001a1955e46bb5361b8242"", ""23731858c455419d59ce5792533ec8a179c6327cdadbcf49ea15e73c1c081bba"", ""1f9f2467de3e4708c9577641bda5d53235417f44365da66ec663e0915b9106e5"", ""b73b922f4af1b2a2e4a3167943581b60aef9cf2340f022877c17699262b879eb""]","[""b77e6b3d7caede0bfbcf4d62df9841a707956651099051cf4de62dd3a2a3599e"", ""23731858c455419d59ce5792533ec8a179c6327cdadbcf49ea15e73c1c081bba"", ""1f9f2467de3e4708c9577641bda5d53235417f44365da66ec663e0915b9106e5"", ""0510f179c62b00682e302dc68cd73707b475417d78001a1955e46bb5361b8242"", ""b73b922f4af1b2a2e4a3167943581b60aef9cf2340f022877c17699262b879eb""]",0.0,0.0,,,,"Humanoid Robot Operator & Data Creator — Fontana, CA (Customer Site)","Humanoid Robot Operator & Data Creator — Fontana, CA (Customer Site) | Deployment Engineer - Commercial Site Team | Deployment Engineer - Commercial Site Team | Deployment Engineer (Data Collection) | Helix Data Creator","Humanoid Robot Operator & Data Creator — Fontana, CA (Customer Site) | Helix Data Creator | Helix Data Creator | Data Strategy Associate | Deployment Engineer - Commercial Site Team","Humanoid Robot Operator & Data Creator — Fontana, CA (Customer Site) | Deployment Engineer - Commercial Site Team | Helix Data Creator | Helix Data Creator | Data Strategy Associate","Humanoid Robot Operator & Data Creator — Fontana, CA (Customer Site) | Helix Data Creator | Helix Data Creator | Deployment Engineer - Commercial Site Team | Data Strategy Associate"
official-17-2,Ensure successful day-to-day operations of the robot(s) on the customer site,"{""b77e6b3d7caede0bfbcf4d62df9841a707956651099051cf4de62dd3a2a3599e"": 3}","[""b77e6b3d7caede0bfbcf4d62df9841a707956651099051cf4de62dd3a2a3599e"", ""a39440f627d72dfbfc52ba5e4663f2857cfc04e4e8a0f1497e74d63990542df0"", ""7e180bb84925d86b67a37d44448c9e76ee9559555a0a794046a80088ba50abbe"", ""0510f179c62b00682e302dc68cd73707b475417d78001a1955e46bb5361b8242"", ""e06e31c66b7ffa4e84f45cff09e46a9f58c4828c0a53239e6022a8011e6731c7""]","[""b77e6b3d7caede0bfbcf4d62df9841a707956651099051cf4de62dd3a2a3599e"", ""372b8d981e9a118724699820ec99464d3cef1b5afecb3504bd5984e0d20cf86e"", ""1f9f2467de3e4708c9577641bda5d53235417f44365da66ec663e0915b9106e5"", ""c157b426dd7167bc1359eecf26ec5fbc98b35e4202a41de9d6650964f9df3c17"", ""5947300e1b20bb57f96311cc34e326bcc1ede855e9541ec6a204856612468417""]","[""b77e6b3d7caede0bfbcf4d62df9841a707956651099051cf4de62dd3a2a3599e"", ""a39440f627d72dfbfc52ba5e4663f2857cfc04e4e8a0f1497e74d63990542df0"", ""c157b426dd7167bc1359eecf26ec5fbc98b35e4202a41de9d6650964f9df3c17"", ""372b8d981e9a118724699820ec99464d3cef1b5afecb3504bd5984e0d20cf86e"", ""7e180bb84925d86b67a37d44448c9e76ee9559555a0a794046a80088ba50abbe""]","[""b77e6b3d7caede0bfbcf4d62df9841a707956651099051cf4de62dd3a2a3599e"", ""a39440f627d72dfbfc52ba5e4663f2857cfc04e4e8a0f1497e74d63990542df0"", ""7e180bb84925d86b67a37d44448c9e76ee9559555a0a794046a80088ba50abbe"", ""0510f179c62b00682e302dc68cd73707b475417d78001a1955e46bb5361b8242"", ""e06e31c66b7ffa4e84f45cff09e46a9f58c4828c0a53239e6022a8011e6731c7""]",0.0,0.0,,,,"Humanoid Robot Operator & Data Creator — Fontana, CA (Customer Site)","Humanoid Robot Operator & Data Creator — Fontana, CA (Customer Site) | Deployment Logistics Lead | Deployment Engineer - Commercial Site Team | Deployment Engineer - Commercial Site Team | Deployment Engineer (Data Collection)","Humanoid Robot Operator & Data Creator — Fontana, CA (Customer Site) | AI Training Infrastructure Engineer – Humanoid Whole Body Control | Helix Data Creator | Lead, Data Operations Global Expansion | Project Coordinator, Data Quality","Humanoid Robot Operator & Data Creator — Fontana, CA (Customer Site) | Deployment Logistics Lead | Lead, Data Operations Global Expansion | AI Training Infrastructure Engineer – Humanoid Whole Body Control | Deployment Engineer - Commercial Site Team","Humanoid Robot Operator & Data Creator — Fontana, CA (Customer Site) | Deployment Logistics Lead | Deployment Engineer - Commercial Site Team | Deployment Engineer - Commercial Site Team | Deployment Engineer (Data Collection)"
official-17-3,Willing and able to travel throughout the US,"{""b77e6b3d7caede0bfbcf4d62df9841a707956651099051cf4de62dd3a2a3599e"": 3}","[""b77e6b3d7caede0bfbcf4d62df9841a707956651099051cf4de62dd3a2a3599e"", ""1f9f2467de3e4708c9577641bda5d53235417f44365da66ec663e0915b9106e5"", ""e06e31c66b7ffa4e84f45cff09e46a9f58c4828c0a53239e6022a8011e6731c7"", ""b73b922f4af1b2a2e4a3167943581b60aef9cf2340f022877c17699262b879eb"", ""0510f179c62b00682e302dc68cd73707b475417d78001a1955e46bb5361b8242""]","[""372b8d981e9a118724699820ec99464d3cef1b5afecb3504bd5984e0d20cf86e"", ""75607eba04e4875b1dd4b218186a8a81de822a26baa6964e95582795cf4f282e"", ""0ee9c05cd018d22c3efa9f1a4c05e212a812157fd1c750bcf313cefe6035baa7"", ""b9e710fd1e21f126e880ef384cb63538083b0cd62695ed14e8a82e9d7ea2de46"", ""c157b426dd7167bc1359eecf26ec5fbc98b35e4202a41de9d6650964f9df3c17""]","[""1f9f2467de3e4708c9577641bda5d53235417f44365da66ec663e0915b9106e5"", ""b77e6b3d7caede0bfbcf4d62df9841a707956651099051cf4de62dd3a2a3599e"", ""75607eba04e4875b1dd4b218186a8a81de822a26baa6964e95582795cf4f282e"", ""e06e31c66b7ffa4e84f45cff09e46a9f58c4828c0a53239e6022a8011e6731c7"", ""c157b426dd7167bc1359eecf26ec5fbc98b35e4202a41de9d6650964f9df3c17""]","[""b77e6b3d7caede0bfbcf4d62df9841a707956651099051cf4de62dd3a2a3599e"", ""e06e31c66b7ffa4e84f45cff09e46a9f58c4828c0a53239e6022a8011e6731c7"", ""7e180bb84925d86b67a37d44448c9e76ee9559555a0a794046a80088ba50abbe"", ""0510f179c62b00682e302dc68cd73707b475417d78001a1955e46bb5361b8242"", ""1f9f2467de3e4708c9577641bda5d53235417f44365da66ec663e0915b9106e5""]",0.0,0.0,,,,"Humanoid Robot Operator & Data Creator — Fontana, CA (Customer Site)","Humanoid Robot Operator & Data Creator — Fontana, CA (Customer Site) | Helix Data Creator | Deployment Engineer (Data Collection) | Data Strategy Associate | Deployment Engineer - Commercial Site Team","AI Training Infrastructure Engineer – Humanoid Whole Body Control | Associate General Counsel, Commercial | Reinforcement Learning Engineer – Whole Body Control | Helix AI Engineer, Localization and Mapping | Lead, Data Operations Global Expansion","Helix Data Creator | Humanoid Robot Operator & Data Creator — Fontana, CA (Customer Site) | Associate General Counsel, Commercial | Deployment Engineer (Data Collection) | Lead, Data Operations Global Expansion","Humanoid Robot Operator & Data Creator — Fontana, CA (Customer Site) | Deployment Engineer (Data Collection) | Deployment Engineer - Commercial Site Team | Deployment Engineer - Commercial Site Team | Helix Data Creator"
official-17-4,"Find roles focused on Humanoid Robot Operator & Data Creator — Fontana, CA (Customer Site)","{""b77e6b3d7caede0bfbcf4d62df9841a707956651099051cf4de62dd3a2a3599e"": 3}","[""b77e6b3d7caede0bfbcf4d62df9841a707956651099051cf4de62dd3a2a3599e"", ""0510f179c62b00682e302dc68cd73707b475417d78001a1955e46bb5361b8242"", ""7e180bb84925d86b67a37d44448c9e76ee9559555a0a794046a80088ba50abbe"", ""23731858c455419d59ce5792533ec8a179c6327cdadbcf49ea15e73c1c081bba"", ""e06e31c66b7ffa4e84f45cff09e46a9f58c4828c0a53239e6022a8011e6731c7""]","[""b77e6b3d7caede0bfbcf4d62df9841a707956651099051cf4de62dd3a2a3599e"", ""23731858c455419d59ce5792533ec8a179c6327cdadbcf49ea15e73c1c081bba"", ""1f9f2467de3e4708c9577641bda5d53235417f44365da66ec663e0915b9106e5"", ""b73b922f4af1b2a2e4a3167943581b60aef9cf2340f022877c17699262b879eb"", ""c157b426dd7167bc1359eecf26ec5fbc98b35e4202a41de9d6650964f9df3c17""]","[""b77e6b3d7caede0bfbcf4d62df9841a707956651099051cf4de62dd3a2a3599e"", ""23731858c455419d59ce5792533ec8a179c6327cdadbcf49ea15e73c1c081bba"", ""0510f179c62b00682e302dc68cd73707b475417d78001a1955e46bb5361b8242"", ""1f9f2467de3e4708c9577641bda5d53235417f44365da66ec663e0915b9106e5"", ""b73b922f4af1b2a2e4a3167943581b60aef9cf2340f022877c17699262b879eb""]","[""b77e6b3d7caede0bfbcf4d62df9841a707956651099051cf4de62dd3a2a3599e"", ""23731858c455419d59ce5792533ec8a179c6327cdadbcf49ea15e73c1c081bba"", ""1f9f2467de3e4708c9577641bda5d53235417f44365da66ec663e0915b9106e5"", ""0510f179c62b00682e302dc68cd73707b475417d78001a1955e46bb5361b8242"", ""3bf666c253c19894dbe27deb07d68ce3bd68efbe46903f1292a3806c56be640b""]",0.0,0.0,,,,"Humanoid Robot Operator & Data Creator — Fontana, CA (Customer Site)","Humanoid Robot Operator & Data Creator — Fontana, CA (Customer Site) | Deployment Engineer - Commercial Site Team | Deployment Engineer - Commercial Site Team | Helix Data Creator | Deployment Engineer (Data Collection)","Humanoid Robot Operator & Data Creator — Fontana, CA (Customer Site) | Helix Data Creator | Helix Data Creator | Data Strategy Associate | Lead, Data Operations Global Expansion","Humanoid Robot Operator & Data Creator — Fontana, CA (Customer Site) | Helix Data Creator | Deployment Engineer - Commercial Site Team | Helix Data Creator | Data Strategy Associate","Humanoid Robot Operator & Data Creator — Fontana, CA (Customer Site) | Helix Data Creator | Helix Data Creator | Deployment Engineer - Commercial Site Team | Software Engineer, Privacy & Data Governance"
official-17-5,岗位职责匹配：Ensure successful day-to-day operations of the robot(s) on the customer site,"{""b77e6b3d7caede0bfbcf4d62df9841a707956651099051cf4de62dd3a2a3599e"": 3}","[""b77e6b3d7caede0bfbcf4d62df9841a707956651099051cf4de62dd3a2a3599e"", ""a39440f627d72dfbfc52ba5e4663f2857cfc04e4e8a0f1497e74d63990542df0"", ""7e180bb84925d86b67a37d44448c9e76ee9559555a0a794046a80088ba50abbe"", ""0510f179c62b00682e302dc68cd73707b475417d78001a1955e46bb5361b8242"", ""e06e31c66b7ffa4e84f45cff09e46a9f58c4828c0a53239e6022a8011e6731c7""]","[""372b8d981e9a118724699820ec99464d3cef1b5afecb3504bd5984e0d20cf86e"", ""5947300e1b20bb57f96311cc34e326bcc1ede855e9541ec6a204856612468417"", ""b77e6b3d7caede0bfbcf4d62df9841a707956651099051cf4de62dd3a2a3599e"", ""2f0e3d2ed63dc83a4e3a6796d1e94a52d14431be5936849666e4872e9a0e5a73"", ""819b7ab25d3641d3878a4f6e2dea005077f29528535c8a8aec9f727d904ed3c6""]","[""b77e6b3d7caede0bfbcf4d62df9841a707956651099051cf4de62dd3a2a3599e"", ""a39440f627d72dfbfc52ba5e4663f2857cfc04e4e8a0f1497e74d63990542df0"", ""372b8d981e9a118724699820ec99464d3cef1b5afecb3504bd5984e0d20cf86e"", ""c157b426dd7167bc1359eecf26ec5fbc98b35e4202a41de9d6650964f9df3c17"", ""7e180bb84925d86b67a37d44448c9e76ee9559555a0a794046a80088ba50abbe""]","[""b77e6b3d7caede0bfbcf4d62df9841a707956651099051cf4de62dd3a2a3599e"", ""0510f179c62b00682e302dc68cd73707b475417d78001a1955e46bb5361b8242"", ""7e180bb84925d86b67a37d44448c9e76ee9559555a0a794046a80088ba50abbe"", ""a39440f627d72dfbfc52ba5e4663f2857cfc04e4e8a0f1497e74d63990542df0"", ""e06e31c66b7ffa4e84f45cff09e46a9f58c4828c0a53239e6022a8011e6731c7""]",0.0,0.0,,,,"Humanoid Robot Operator & Data Creator — Fontana, CA (Customer Site)","Humanoid Robot Operator & Data Creator — Fontana, CA (Customer Site) | Deployment Logistics Lead | Deployment Engineer - Commercial Site Team | Deployment Engineer - Commercial Site Team | Deployment Engineer (Data Collection)","AI Training Infrastructure Engineer – Humanoid Whole Body Control | Project Coordinator, Data Quality | Humanoid Robot Operator & Data Creator — Fontana, CA (Customer Site) | Demand Planner | State Estimation Engineer - Data Collection Systems","Humanoid Robot Operator & Data Creator — Fontana, CA (Customer Site) | Deployment Logistics Lead | AI Training Infrastructure Engineer – Humanoid Whole Body Control | Lead, Data Operations Global Expansion | Deployment Engineer - Commercial Site Team","Humanoid Robot Operator & Data Creator — Fontana, CA (Customer Site) | Deployment Engineer - Commercial Site Team | Deployment Engineer - Commercial Site Team | Deployment Logistics Lead | Deployment Engineer (Data Collection)"
official-18-1,"Lead, Data Operations Global Expansion","{""c157b426dd7167bc1359eecf26ec5fbc98b35e4202a41de9d6650964f9df3c17"": 3}","[""c157b426dd7167bc1359eecf26ec5fbc98b35e4202a41de9d6650964f9df3c17"", ""75607eba04e4875b1dd4b218186a8a81de822a26baa6964e95582795cf4f282e"", ""a39440f627d72dfbfc52ba5e4663f2857cfc04e4e8a0f1497e74d63990542df0"", ""2f0e3d2ed63dc83a4e3a6796d1e94a52d14431be5936849666e4872e9a0e5a73"", ""3cff0238e9827ea8937e6bcbb0a6cc3e2cc5e5ea7ba7597bacb353d3de745bbe""]","[""c157b426dd7167bc1359eecf26ec5fbc98b35e4202a41de9d6650964f9df3c17"", ""9658a47149b0ab24fc3f77d0f9fdaafaff266b273215443058230f74271f9549"", ""a39440f627d72dfbfc52ba5e4663f2857cfc04e4e8a0f1497e74d63990542df0"", ""b73b922f4af1b2a2e4a3167943581b60aef9cf2340f022877c17699262b879eb"", ""e06e31c66b7ffa4e84f45cff09e46a9f58c4828c0a53239e6022a8011e6731c7""]","[""c157b426dd7167bc1359eecf26ec5fbc98b35e4202a41de9d6650964f9df3c17"", ""a39440f627d72dfbfc52ba5e4663f2857cfc04e4e8a0f1497e74d63990542df0"", ""9658a47149b0ab24fc3f77d0f9fdaafaff266b273215443058230f74271f9549"", ""75607eba04e4875b1dd4b218186a8a81de822a26baa6964e95582795cf4f282e"", ""2f0e3d2ed63dc83a4e3a6796d1e94a52d14431be5936849666e4872e9a0e5a73""]","[""c157b426dd7167bc1359eecf26ec5fbc98b35e4202a41de9d6650964f9df3c17"", ""a39440f627d72dfbfc52ba5e4663f2857cfc04e4e8a0f1497e74d63990542df0"", ""9658a47149b0ab24fc3f77d0f9fdaafaff266b273215443058230f74271f9549"", ""75607eba04e4875b1dd4b218186a8a81de822a26baa6964e95582795cf4f282e"", ""2f0e3d2ed63dc83a4e3a6796d1e94a52d14431be5936849666e4872e9a0e5a73""]",0.0,0.0,,,,"Lead, Data Operations Global Expansion","Lead, Data Operations Global Expansion | Associate General Counsel, Commercial | Deployment Logistics Lead | Demand Planner | Helix AI Engineer, Perception","Lead, Data Operations Global Expansion | AI Data Operations Manager | Deployment Logistics Lead | Data Strategy Associate | Deployment Engineer (Data Collection)","Lead, Data Operations Global Expansion | Deployment Logistics Lead | AI Data Operations Manager | Associate General Counsel, Commercial | Demand Planner","Lead, Data Operations Global Expansion | Deployment Logistics Lead | AI Data Operations Manager | Associate General Counsel, Commercial | Demand Planner"
official-18-4,"Find roles focused on Lead, Data Operations Global Expansion","{""c157b426dd7167bc1359eecf26ec5fbc98b35e4202a41de9d6650964f9df3c17"": 3}","[""c157b426dd7167bc1359eecf26ec5fbc98b35e4202a41de9d6650964f9df3c17"", ""75607eba04e4875b1dd4b218186a8a81de822a26baa6964e95582795cf4f282e"", ""23731858c455419d59ce5792533ec8a179c6327cdadbcf49ea15e73c1c081bba"", ""66a4c6d7e0904dd601e4054abef7eee96e6301da500323e2300ed9648b004074"", ""0a59a8a5defd9d4d8667a85f36f511c6a9d787070af1f561d8de7060399ebb0c""]","[""c157b426dd7167bc1359eecf26ec5fbc98b35e4202a41de9d6650964f9df3c17"", ""9658a47149b0ab24fc3f77d0f9fdaafaff266b273215443058230f74271f9549"", ""a39440f627d72dfbfc52ba5e4663f2857cfc04e4e8a0f1497e74d63990542df0"", ""b73b922f4af1b2a2e4a3167943581b60aef9cf2340f022877c17699262b879eb"", ""e06e31c66b7ffa4e84f45cff09e46a9f58c4828c0a53239e6022a8011e6731c7""]","[""c157b426dd7167bc1359eecf26ec5fbc98b35e4202a41de9d6650964f9df3c17"", ""a39440f627d72dfbfc52ba5e4663f2857cfc04e4e8a0f1497e74d63990542df0"", ""23731858c455419d59ce5792533ec8a179c6327cdadbcf49ea15e73c1c081bba"", ""75607eba04e4875b1dd4b218186a8a81de822a26baa6964e95582795cf4f282e"", ""b77e6b3d7caede0bfbcf4d62df9841a707956651099051cf4de62dd3a2a3599e""]","[""c157b426dd7167bc1359eecf26ec5fbc98b35e4202a41de9d6650964f9df3c17"", ""a39440f627d72dfbfc52ba5e4663f2857cfc04e4e8a0f1497e74d63990542df0"", ""2f0e3d2ed63dc83a4e3a6796d1e94a52d14431be5936849666e4872e9a0e5a73"", ""9658a47149b0ab24fc3f77d0f9fdaafaff266b273215443058230f74271f9549"", ""23731858c455419d59ce5792533ec8a179c6327cdadbcf49ea15e73c1c081bba""]",0.0,0.0,,,,"Lead, Data Operations Global Expansion","Lead, Data Operations Global Expansion | Associate General Counsel, Commercial | Helix Data Creator | Helix AI Engineer, Training Performance | Helix AI Engineer, Data Infrastructure","Lead, Data Operations Global Expansion | AI Data Operations Manager | Deployment Logistics Lead | Data Strategy Associate | Deployment Engineer (Data Collection)","Lead, Data Operations Global Expansion | Deployment Logistics Lead | Helix Data Creator | Associate General Counsel, Commercial | Humanoid Robot Operator & Data Creator — Fontana, CA (Customer Site)","Lead, Data Operations Global Expansion | Deployment Logistics Lead | Demand Planner | AI Data Operations Manager | Helix Data Creator"
official-19-1,Manufacturing Software Test Engineer,"{""b703c687faa83dff0253c44ec411d68cccda459db840e29fef3ad4f403e84f08"": 3}","[""b703c687faa83dff0253c44ec411d68cccda459db840e29fef3ad4f403e84f08"", ""a348c6f5c005df2d721f2c06b4c51aa3c9caafade8e604315110fc5b4ed822b5"", ""2f0e3d2ed63dc83a4e3a6796d1e94a52d14431be5936849666e4872e9a0e5a73"", ""186cda7db8c456bcf680e72f263bd4f0e8cda1ceb47984f0502a119b6cf30d67"", ""0ee9c05cd018d22c3efa9f1a4c05e212a812157fd1c750bcf313cefe6035baa7""]","[""b703c687faa83dff0253c44ec411d68cccda459db840e29fef3ad4f403e84f08"", ""a348c6f5c005df2d721f2c06b4c51aa3c9caafade8e604315110fc5b4ed822b5"", ""186cda7db8c456bcf680e72f263bd4f0e8cda1ceb47984f0502a119b6cf30d67"", ""819b7ab25d3641d3878a4f6e2dea005077f29528535c8a8aec9f727d904ed3c6"", ""3bf666c253c19894dbe27deb07d68ce3bd68efbe46903f1292a3806c56be640b""]","[""b703c687faa83dff0253c44ec411d68cccda459db840e29fef3ad4f403e84f08"", ""a348c6f5c005df2d721f2c06b4c51aa3c9caafade8e604315110fc5b4ed822b5"", ""186cda7db8c456bcf680e72f263bd4f0e8cda1ceb47984f0502a119b6cf30d67"", ""7e180bb84925d86b67a37d44448c9e76ee9559555a0a794046a80088ba50abbe"", ""0ee9c05cd018d22c3efa9f1a4c05e212a812157fd1c750bcf313cefe6035baa7""]","[""b703c687faa83dff0253c44ec411d68cccda459db840e29fef3ad4f403e84f08"", ""a348c6f5c005df2d721f2c06b4c51aa3c9caafade8e604315110fc5b4ed822b5"", ""2f0e3d2ed63dc83a4e3a6796d1e94a52d14431be5936849666e4872e9a0e5a73"", ""b9e710fd1e21f126e880ef384cb63538083b0cd62695ed14e8a82e9d7ea2de46"", ""186cda7db8c456bcf680e72f263bd4f0e8cda1ceb47984f0502a119b6cf30d67""]",0.0,0.0,,,,Manufacturing Software Test Engineer,"Manufacturing Software Test Engineer | Software Engineer, Manufacturing Systems | Demand Planner | Connector & Interconnect Design Engineer | Reinforcement Learning Engineer – Whole Body Control","Manufacturing Software Test Engineer | Software Engineer, Manufacturing Systems | Connector & Interconnect Design Engineer | State Estimation Engineer - Data Collection Systems | Software Engineer, Privacy & Data Governance","Manufacturing Software Test Engineer | Software Engineer, Manufacturing Systems | Connector & Interconnect Design Engineer | Deployment Engineer - Commercial Site Team | Reinforcement Learning Engineer – Whole Body Control","Manufacturing Software Test Engineer | Software Engineer, Manufacturing Systems | Demand Planner | Helix AI Engineer, Localization and Mapping | Connector & Interconnect Design Engineer"
official-19-2,Implement improvements to our existing end of line automation software,"{""b703c687faa83dff0253c44ec411d68cccda459db840e29fef3ad4f403e84f08"": 3}","[""b703c687faa83dff0253c44ec411d68cccda459db840e29fef3ad4f403e84f08"", ""a348c6f5c005df2d721f2c06b4c51aa3c9caafade8e604315110fc5b4ed822b5"", ""e06e31c66b7ffa4e84f45cff09e46a9f58c4828c0a53239e6022a8011e6731c7"", ""c157b426dd7167bc1359eecf26ec5fbc98b35e4202a41de9d6650964f9df3c17"", ""0a59a8a5defd9d4d8667a85f36f511c6a9d787070af1f561d8de7060399ebb0c""]","[""b703c687faa83dff0253c44ec411d68cccda459db840e29fef3ad4f403e84f08"", ""a348c6f5c005df2d721f2c06b4c51aa3c9caafade8e604315110fc5b4ed822b5"", ""819b7ab25d3641d3878a4f6e2dea005077f29528535c8a8aec9f727d904ed3c6"", ""66a4c6d7e0904dd601e4054abef7eee96e6301da500323e2300ed9648b004074"", ""c1c05a8ba13a2926c42f725703c98fe23d061fca1b941341c82c68fd09fc1527""]","[""b703c687faa83dff0253c44ec411d68cccda459db840e29fef3ad4f403e84f08"", ""a348c6f5c005df2d721f2c06b4c51aa3c9caafade8e604315110fc5b4ed822b5"", ""819b7ab25d3641d3878a4f6e2dea005077f29528535c8a8aec9f727d904ed3c6"", ""c157b426dd7167bc1359eecf26ec5fbc98b35e4202a41de9d6650964f9df3c17"", ""e06e31c66b7ffa4e84f45cff09e46a9f58c4828c0a53239e6022a8011e6731c7""]","[""b703c687faa83dff0253c44ec411d68cccda459db840e29fef3ad4f403e84f08"", ""a348c6f5c005df2d721f2c06b4c51aa3c9caafade8e604315110fc5b4ed822b5"", ""3bf666c253c19894dbe27deb07d68ce3bd68efbe46903f1292a3806c56be640b"", ""7e180bb84925d86b67a37d44448c9e76ee9559555a0a794046a80088ba50abbe"", ""0510f179c62b00682e302dc68cd73707b475417d78001a1955e46bb5361b8242""]",0.0,0.0,,,,Manufacturing Software Test Engineer,"Manufacturing Software Test Engineer | Software Engineer, Manufacturing Systems | Deployment Engineer (Data Collection) | Lead, Data Operations Global Expansion | Helix AI Engineer, Data Infrastructure","Manufacturing Software Test Engineer | Software Engineer, Manufacturing Systems | State Estimation Engineer - Data Collection Systems | Helix AI Engineer, Training Performance | Helix AI Engineer, Reinforcement Learning","Manufacturing Software Test Engineer | Software Engineer, Manufacturing Systems | State Estimation Engineer - Data Collection Systems | Lead, Data Operations Global Expansion | Deployment Engineer (Data Collection)","Manufacturing Software Test Engineer | Software Engineer, Manufacturing Systems | Software Engineer, Privacy & Data Governance | Deployment Engineer - Commercial Site Team | Deployment Engineer - Commercial Site Team"
official-19-3,5+ years of industry experience.,"{""b703c687faa83dff0253c44ec411d68cccda459db840e29fef3ad4f403e84f08"": 3}","[""b703c687faa83dff0253c44ec411d68cccda459db840e29fef3ad4f403e84f08"", ""a348c6f5c005df2d721f2c06b4c51aa3c9caafade8e604315110fc5b4ed822b5"", ""3bf666c253c19894dbe27deb07d68ce3bd68efbe46903f1292a3806c56be640b"", ""b73b922f4af1b2a2e4a3167943581b60aef9cf2340f022877c17699262b879eb"", ""7e180bb84925d86b67a37d44448c9e76ee9559555a0a794046a80088ba50abbe""]","[""a348c6f5c005df2d721f2c06b4c51aa3c9caafade8e604315110fc5b4ed822b5"", ""819b7ab25d3641d3878a4f6e2dea005077f29528535c8a8aec9f727d904ed3c6"", ""b703c687faa83dff0253c44ec411d68cccda459db840e29fef3ad4f403e84f08"", ""372b8d981e9a118724699820ec99464d3cef1b5afecb3504bd5984e0d20cf86e"", ""a39440f627d72dfbfc52ba5e4663f2857cfc04e4e8a0f1497e74d63990542df0""]","[""a348c6f5c005df2d721f2c06b4c51aa3c9caafade8e604315110fc5b4ed822b5"", ""b703c687faa83dff0253c44ec411d68cccda459db840e29fef3ad4f403e84f08"", ""819b7ab25d3641d3878a4f6e2dea005077f29528535c8a8aec9f727d904ed3c6"", ""e06e31c66b7ffa4e84f45cff09e46a9f58c4828c0a53239e6022a8011e6731c7"", ""3bf666c253c19894dbe27deb07d68ce3bd68efbe46903f1292a3806c56be640b""]","[""b703c687faa83dff0253c44ec411d68cccda459db840e29fef3ad4f403e84f08"", ""0510f179c62b00682e302dc68cd73707b475417d78001a1955e46bb5361b8242"", ""7e180bb84925d86b67a37d44448c9e76ee9559555a0a794046a80088ba50abbe"", ""e06e31c66b7ffa4e84f45cff09e46a9f58c4828c0a53239e6022a8011e6731c7"", ""186cda7db8c456bcf680e72f263bd4f0e8cda1ceb47984f0502a119b6cf30d67""]",0.0,0.0,,,,Manufacturing Software Test Engineer,"Manufacturing Software Test Engineer | Software Engineer, Manufacturing Systems | Software Engineer, Privacy & Data Governance | Data Strategy Associate | Deployment Engineer - Commercial Site Team","Software Engineer, Manufacturing Systems | State Estimation Engineer - Data Collection Systems | Manufacturing Software Test Engineer | AI Training Infrastructure Engineer – Humanoid Whole Body Control | Deployment Logistics Lead","Software Engineer, Manufacturing Systems | Manufacturing Software Test Engineer | State Estimation Engineer - Data Collection Systems | Deployment Engineer (Data Collection) | Software Engineer, Privacy & Data Governance",Manufacturing Software Test Engineer | Deployment Engineer - Commercial Site Team | Deployment Engineer - Commercial Site Team | Deployment Engineer (Data Collection) | Connector & Interconnect Design Engineer
official-19-4,Find roles focused on Manufacturing Software Test Engineer,"{""b703c687faa83dff0253c44ec411d68cccda459db840e29fef3ad4f403e84f08"": 3}","[""b703c687faa83dff0253c44ec411d68cccda459db840e29fef3ad4f403e84f08"", ""a348c6f5c005df2d721f2c06b4c51aa3c9caafade8e604315110fc5b4ed822b5"", ""2f0e3d2ed63dc83a4e3a6796d1e94a52d14431be5936849666e4872e9a0e5a73"", ""186cda7db8c456bcf680e72f263bd4f0e8cda1ceb47984f0502a119b6cf30d67"", ""75607eba04e4875b1dd4b218186a8a81de822a26baa6964e95582795cf4f282e""]","[""b703c687faa83dff0253c44ec411d68cccda459db840e29fef3ad4f403e84f08"", ""a348c6f5c005df2d721f2c06b4c51aa3c9caafade8e604315110fc5b4ed822b5"", ""819b7ab25d3641d3878a4f6e2dea005077f29528535c8a8aec9f727d904ed3c6"", ""186cda7db8c456bcf680e72f263bd4f0e8cda1ceb47984f0502a119b6cf30d67"", ""0a0fc1829659ebd979c603141aaea41d021b93f09dc893d3d9bbd68efaeefbdc""]","[""b703c687faa83dff0253c44ec411d68cccda459db840e29fef3ad4f403e84f08"", ""a348c6f5c005df2d721f2c06b4c51aa3c9caafade8e604315110fc5b4ed822b5"", ""186cda7db8c456bcf680e72f263bd4f0e8cda1ceb47984f0502a119b6cf30d67"", ""66a4c6d7e0904dd601e4054abef7eee96e6301da500323e2300ed9648b004074"", ""7e180bb84925d86b67a37d44448c9e76ee9559555a0a794046a80088ba50abbe""]","[""b703c687faa83dff0253c44ec411d68cccda459db840e29fef3ad4f403e84f08"", ""a348c6f5c005df2d721f2c06b4c51aa3c9caafade8e604315110fc5b4ed822b5"", ""2f0e3d2ed63dc83a4e3a6796d1e94a52d14431be5936849666e4872e9a0e5a73"", ""0510f179c62b00682e302dc68cd73707b475417d78001a1955e46bb5361b8242"", ""7e180bb84925d86b67a37d44448c9e76ee9559555a0a794046a80088ba50abbe""]",0.0,0.0,,,,Manufacturing Software Test Engineer,"Manufacturing Software Test Engineer | Software Engineer, Manufacturing Systems | Demand Planner | Connector & Interconnect Design Engineer | Associate General Counsel, Commercial","Manufacturing Software Test Engineer | Software Engineer, Manufacturing Systems | State Estimation Engineer - Data Collection Systems | Connector & Interconnect Design Engineer | Helix AI Engineer, Modeling","Manufacturing Software Test Engineer | Software Engineer, Manufacturing Systems | Connector & Interconnect Design Engineer | Helix AI Engineer, Training Performance | Deployment Engineer - Commercial Site Team","Manufacturing Software Test Engineer | Software Engineer, Manufacturing Systems | Demand Planner | Deployment Engineer - Commercial Site Team | Deployment Engineer - Commercial Site Team"
official-19-5,岗位职责匹配：Implement improvements to our existing end of line automation software,"{""b703c687faa83dff0253c44ec411d68cccda459db840e29fef3ad4f403e84f08"": 3}","[""b703c687faa83dff0253c44ec411d68cccda459db840e29fef3ad4f403e84f08"", ""a348c6f5c005df2d721f2c06b4c51aa3c9caafade8e604315110fc5b4ed822b5"", ""e06e31c66b7ffa4e84f45cff09e46a9f58c4828c0a53239e6022a8011e6731c7"", ""c157b426dd7167bc1359eecf26ec5fbc98b35e4202a41de9d6650964f9df3c17"", ""0a59a8a5defd9d4d8667a85f36f511c6a9d787070af1f561d8de7060399ebb0c""]","[""b703c687faa83dff0253c44ec411d68cccda459db840e29fef3ad4f403e84f08"", ""819b7ab25d3641d3878a4f6e2dea005077f29528535c8a8aec9f727d904ed3c6"", ""2f0e3d2ed63dc83a4e3a6796d1e94a52d14431be5936849666e4872e9a0e5a73"", ""66a4c6d7e0904dd601e4054abef7eee96e6301da500323e2300ed9648b004074"", ""186cda7db8c456bcf680e72f263bd4f0e8cda1ceb47984f0502a119b6cf30d67""]","[""b703c687faa83dff0253c44ec411d68cccda459db840e29fef3ad4f403e84f08"", ""a348c6f5c005df2d721f2c06b4c51aa3c9caafade8e604315110fc5b4ed822b5"", ""819b7ab25d3641d3878a4f6e2dea005077f29528535c8a8aec9f727d904ed3c6"", ""e06e31c66b7ffa4e84f45cff09e46a9f58c4828c0a53239e6022a8011e6731c7"", ""2f0e3d2ed63dc83a4e3a6796d1e94a52d14431be5936849666e4872e9a0e5a73""]","[""b703c687faa83dff0253c44ec411d68cccda459db840e29fef3ad4f403e84f08"", ""a348c6f5c005df2d721f2c06b4c51aa3c9caafade8e604315110fc5b4ed822b5"", ""7e180bb84925d86b67a37d44448c9e76ee9559555a0a794046a80088ba50abbe"", ""3bf666c253c19894dbe27deb07d68ce3bd68efbe46903f1292a3806c56be640b"", ""0510f179c62b00682e302dc68cd73707b475417d78001a1955e46bb5361b8242""]",0.0,0.0,,,,Manufacturing Software Test Engineer,"Manufacturing Software Test Engineer | Software Engineer, Manufacturing Systems | Deployment Engineer (Data Collection) | Lead, Data Operations Global Expansion | Helix AI Engineer, Data Infrastructure","Manufacturing Software Test Engineer | State Estimation Engineer - Data Collection Systems | Demand Planner | Helix AI Engineer, Training Performance | Connector & Interconnect Design Engineer","Manufacturing Software Test Engineer | Software Engineer, Manufacturing Systems | State Estimation Engineer - Data Collection Systems | Deployment Engineer (Data Collection) | Demand Planner","Manufacturing Software Test Engineer | Software Engineer, Manufacturing Systems | Deployment Engineer - Commercial Site Team | Software Engineer, Privacy & Data Governance | Deployment Engineer - Commercial Site Team"
official-20-1,"Project Coordinator, Data Quality","{""5947300e1b20bb57f96311cc34e326bcc1ede855e9541ec6a204856612468417"": 3}","[""5947300e1b20bb57f96311cc34e326bcc1ede855e9541ec6a204856612468417"", ""9658a47149b0ab24fc3f77d0f9fdaafaff266b273215443058230f74271f9549"", ""c157b426dd7167bc1359eecf26ec5fbc98b35e4202a41de9d6650964f9df3c17"", ""b73b922f4af1b2a2e4a3167943581b60aef9cf2340f022877c17699262b879eb"", ""7e180bb84925d86b67a37d44448c9e76ee9559555a0a794046a80088ba50abbe""]","[""5947300e1b20bb57f96311cc34e326bcc1ede855e9541ec6a204856612468417"", ""b73b922f4af1b2a2e4a3167943581b60aef9cf2340f022877c17699262b879eb"", ""c157b426dd7167bc1359eecf26ec5fbc98b35e4202a41de9d6650964f9df3c17"", ""819b7ab25d3641d3878a4f6e2dea005077f29528535c8a8aec9f727d904ed3c6"", ""9658a47149b0ab24fc3f77d0f9fdaafaff266b273215443058230f74271f9549""]","[""5947300e1b20bb57f96311cc34e326bcc1ede855e9541ec6a204856612468417"", ""c157b426dd7167bc1359eecf26ec5fbc98b35e4202a41de9d6650964f9df3c17"", ""b73b922f4af1b2a2e4a3167943581b60aef9cf2340f022877c17699262b879eb"", ""9658a47149b0ab24fc3f77d0f9fdaafaff266b273215443058230f74271f9549"", ""e06e31c66b7ffa4e84f45cff09e46a9f58c4828c0a53239e6022a8011e6731c7""]","[""5947300e1b20bb57f96311cc34e326bcc1ede855e9541ec6a204856612468417"", ""9658a47149b0ab24fc3f77d0f9fdaafaff266b273215443058230f74271f9549"", ""1f9f2467de3e4708c9577641bda5d53235417f44365da66ec663e0915b9106e5"", ""c157b426dd7167bc1359eecf26ec5fbc98b35e4202a41de9d6650964f9df3c17"", ""23731858c455419d59ce5792533ec8a179c6327cdadbcf49ea15e73c1c081bba""]",0.0,0.0,,,,"Project Coordinator, Data Quality","Project Coordinator, Data Quality | AI Data Operations Manager | Lead, Data Operations Global Expansion | Data Strategy Associate | Deployment Engineer - Commercial Site Team","Project Coordinator, Data Quality | Data Strategy Associate | Lead, Data Operations Global Expansion | State Estimation Engineer - Data Collection Systems | AI Data Operations Manager","Project Coordinator, Data Quality | Lead, Data Operations Global Expansion | Data Strategy Associate | AI Data Operations Manager | Deployment Engineer (Data Collection)","Project Coordinator, Data Quality | AI Data Operations Manager | Helix Data Creator | Lead, Data Operations Global Expansion | Helix Data Creator"
official-20-2,Own review guidelines and acceptance criteria for your project; handle escalated edge cases that fall outside existing guidance.,"{""5947300e1b20bb57f96311cc34e326bcc1ede855e9541ec6a204856612468417"": 3}","[""5947300e1b20bb57f96311cc34e326bcc1ede855e9541ec6a204856612468417"", ""186cda7db8c456bcf680e72f263bd4f0e8cda1ceb47984f0502a119b6cf30d67"", ""819b7ab25d3641d3878a4f6e2dea005077f29528535c8a8aec9f727d904ed3c6"", ""9658a47149b0ab24fc3f77d0f9fdaafaff266b273215443058230f74271f9549"", ""1f9f2467de3e4708c9577641bda5d53235417f44365da66ec663e0915b9106e5""]","[""5947300e1b20bb57f96311cc34e326bcc1ede855e9541ec6a204856612468417"", ""75607eba04e4875b1dd4b218186a8a81de822a26baa6964e95582795cf4f282e"", ""c157b426dd7167bc1359eecf26ec5fbc98b35e4202a41de9d6650964f9df3c17"", ""2f0e3d2ed63dc83a4e3a6796d1e94a52d14431be5936849666e4872e9a0e5a73"", ""66a4c6d7e0904dd601e4054abef7eee96e6301da500323e2300ed9648b004074""]","[""5947300e1b20bb57f96311cc34e326bcc1ede855e9541ec6a204856612468417"", ""c157b426dd7167bc1359eecf26ec5fbc98b35e4202a41de9d6650964f9df3c17"", ""186cda7db8c456bcf680e72f263bd4f0e8cda1ceb47984f0502a119b6cf30d67"", ""819b7ab25d3641d3878a4f6e2dea005077f29528535c8a8aec9f727d904ed3c6"", ""2f0e3d2ed63dc83a4e3a6796d1e94a52d14431be5936849666e4872e9a0e5a73""]","[""5947300e1b20bb57f96311cc34e326bcc1ede855e9541ec6a204856612468417"", ""186cda7db8c456bcf680e72f263bd4f0e8cda1ceb47984f0502a119b6cf30d67"", ""9658a47149b0ab24fc3f77d0f9fdaafaff266b273215443058230f74271f9549"", ""c157b426dd7167bc1359eecf26ec5fbc98b35e4202a41de9d6650964f9df3c17"", ""b73b922f4af1b2a2e4a3167943581b60aef9cf2340f022877c17699262b879eb""]",0.0,0.0,,,,"Project Coordinator, Data Quality","Project Coordinator, Data Quality | Connector & Interconnect Design Engineer | State Estimation Engineer - Data Collection Systems | AI Data Operations Manager | Helix Data Creator","Project Coordinator, Data Quality | Associate General Counsel, Commercial | Lead, Data Operations Global Expansion | Demand Planner | Helix AI Engineer, Training Performance","Project Coordinator, Data Quality | Lead, Data Operations Global Expansion | Connector & Interconnect Design Engineer | State Estimation Engineer - Data Collection Systems | Demand Planner","Project Coordinator, Data Quality | Connector & Interconnect Design Engineer | AI Data Operations Manager | Lead, Data Operations Global Expansion | Data Strategy Associate"
official-20-3,"4+ years of experience in data quality, data labeling operations, or content/data review roles, with demonstrated ownership of a project or workstream end-to-end.","{""5947300e1b20bb57f96311cc34e326bcc1ede855e9541ec6a204856612468417"": 3}","[""5947300e1b20bb57f96311cc34e326bcc1ede855e9541ec6a204856612468417"", ""9658a47149b0ab24fc3f77d0f9fdaafaff266b273215443058230f74271f9549"", ""c157b426dd7167bc1359eecf26ec5fbc98b35e4202a41de9d6650964f9df3c17"", ""b73b922f4af1b2a2e4a3167943581b60aef9cf2340f022877c17699262b879eb"", ""2f0e3d2ed63dc83a4e3a6796d1e94a52d14431be5936849666e4872e9a0e5a73""]","[""5947300e1b20bb57f96311cc34e326bcc1ede855e9541ec6a204856612468417"", ""819b7ab25d3641d3878a4f6e2dea005077f29528535c8a8aec9f727d904ed3c6"", ""9658a47149b0ab24fc3f77d0f9fdaafaff266b273215443058230f74271f9549"", ""0a59a8a5defd9d4d8667a85f36f511c6a9d787070af1f561d8de7060399ebb0c"", ""a348c6f5c005df2d721f2c06b4c51aa3c9caafade8e604315110fc5b4ed822b5""]","[""5947300e1b20bb57f96311cc34e326bcc1ede855e9541ec6a204856612468417"", ""9658a47149b0ab24fc3f77d0f9fdaafaff266b273215443058230f74271f9549"", ""c157b426dd7167bc1359eecf26ec5fbc98b35e4202a41de9d6650964f9df3c17"", ""b73b922f4af1b2a2e4a3167943581b60aef9cf2340f022877c17699262b879eb"", ""a348c6f5c005df2d721f2c06b4c51aa3c9caafade8e604315110fc5b4ed822b5""]","[""5947300e1b20bb57f96311cc34e326bcc1ede855e9541ec6a204856612468417"", ""9658a47149b0ab24fc3f77d0f9fdaafaff266b273215443058230f74271f9549"", ""a348c6f5c005df2d721f2c06b4c51aa3c9caafade8e604315110fc5b4ed822b5"", ""b73b922f4af1b2a2e4a3167943581b60aef9cf2340f022877c17699262b879eb"", ""0a59a8a5defd9d4d8667a85f36f511c6a9d787070af1f561d8de7060399ebb0c""]",0.0,0.0,,,,"Project Coordinator, Data Quality","Project Coordinator, Data Quality | AI Data Operations Manager | Lead, Data Operations Global Expansion | Data Strategy Associate | Demand Planner","Project Coordinator, Data Quality | State Estimation Engineer - Data Collection Systems | AI Data Operations Manager | Helix AI Engineer, Data Infrastructure | Software Engineer, Manufacturing Systems","Project Coordinator, Data Quality | AI Data Operations Manager | Lead, Data Operations Global Expansion | Data Strategy Associate | Software Engineer, Manufacturing Systems","Project Coordinator, Data Quality | AI Data Operations Manager | Software Engineer, Manufacturing Systems | Data Strategy Associate | Helix AI Engineer, Data Infrastructure"
official-20-4,"Find roles focused on Project Coordinator, Data Quality","{""5947300e1b20bb57f96311cc34e326bcc1ede855e9541ec6a204856612468417"": 3}","[""5947300e1b20bb57f96311cc34e326bcc1ede855e9541ec6a204856612468417"", ""9658a47149b0ab24fc3f77d0f9fdaafaff266b273215443058230f74271f9549"", ""c157b426dd7167bc1359eecf26ec5fbc98b35e4202a41de9d6650964f9df3c17"", ""23731858c455419d59ce5792533ec8a179c6327cdadbcf49ea15e73c1c081bba"", ""7e180bb84925d86b67a37d44448c9e76ee9559555a0a794046a80088ba50abbe""]","[""5947300e1b20bb57f96311cc34e326bcc1ede855e9541ec6a204856612468417"", ""b73b922f4af1b2a2e4a3167943581b60aef9cf2340f022877c17699262b879eb"", ""9658a47149b0ab24fc3f77d0f9fdaafaff266b273215443058230f74271f9549"", ""c157b426dd7167bc1359eecf26ec5fbc98b35e4202a41de9d6650964f9df3c17"", ""819b7ab25d3641d3878a4f6e2dea005077f29528535c8a8aec9f727d904ed3c6""]","[""5947300e1b20bb57f96311cc34e326bcc1ede855e9541ec6a204856612468417"", ""9658a47149b0ab24fc3f77d0f9fdaafaff266b273215443058230f74271f9549"", ""c157b426dd7167bc1359eecf26ec5fbc98b35e4202a41de9d6650964f9df3c17"", ""b73b922f4af1b2a2e4a3167943581b60aef9cf2340f022877c17699262b879eb"", ""23731858c455419d59ce5792533ec8a179c6327cdadbcf49ea15e73c1c081bba""]","[""5947300e1b20bb57f96311cc34e326bcc1ede855e9541ec6a204856612468417"", ""9658a47149b0ab24fc3f77d0f9fdaafaff266b273215443058230f74271f9549"", ""c157b426dd7167bc1359eecf26ec5fbc98b35e4202a41de9d6650964f9df3c17"", ""23731858c455419d59ce5792533ec8a179c6327cdadbcf49ea15e73c1c081bba"", ""0510f179c62b00682e302dc68cd73707b475417d78001a1955e46bb5361b8242""]",0.0,0.0,,,,"Project Coordinator, Data Quality","Project Coordinator, Data Quality | AI Data Operations Manager | Lead, Data Operations Global Expansion | Helix Data Creator | Deployment Engineer - Commercial Site Team","Project Coordinator, Data Quality | Data Strategy Associate | AI Data Operations Manager | Lead, Data Operations Global Expansion | State Estimation Engineer - Data Collection Systems","Project Coordinator, Data Quality | AI Data Operations Manager | Lead, Data Operations Global Expansion | Data Strategy Associate | Helix Data Creator","Project Coordinator, Data Quality | AI Data Operations Manager | Lead, Data Operations Global Expansion | Helix Data Creator | Deployment Engineer - Commercial Site Team"
official-20-5,岗位职责匹配：Own review guidelines and acceptance criteria for your project; handle escalated edge cases that fall outside existing guidance.,"{""5947300e1b20bb57f96311cc34e326bcc1ede855e9541ec6a204856612468417"": 3}","[""5947300e1b20bb57f96311cc34e326bcc1ede855e9541ec6a204856612468417"", ""186cda7db8c456bcf680e72f263bd4f0e8cda1ceb47984f0502a119b6cf30d67"", ""819b7ab25d3641d3878a4f6e2dea005077f29528535c8a8aec9f727d904ed3c6"", ""9658a47149b0ab24fc3f77d0f9fdaafaff266b273215443058230f74271f9549"", ""1f9f2467de3e4708c9577641bda5d53235417f44365da66ec663e0915b9106e5""]","[""5947300e1b20bb57f96311cc34e326bcc1ede855e9541ec6a204856612468417"", ""2f0e3d2ed63dc83a4e3a6796d1e94a52d14431be5936849666e4872e9a0e5a73"", ""186cda7db8c456bcf680e72f263bd4f0e8cda1ceb47984f0502a119b6cf30d67"", ""c157b426dd7167bc1359eecf26ec5fbc98b35e4202a41de9d6650964f9df3c17"", ""819b7ab25d3641d3878a4f6e2dea005077f29528535c8a8aec9f727d904ed3c6""]","[""5947300e1b20bb57f96311cc34e326bcc1ede855e9541ec6a204856612468417"", ""186cda7db8c456bcf680e72f263bd4f0e8cda1ceb47984f0502a119b6cf30d67"", ""819b7ab25d3641d3878a4f6e2dea005077f29528535c8a8aec9f727d904ed3c6"", ""2f0e3d2ed63dc83a4e3a6796d1e94a52d14431be5936849666e4872e9a0e5a73"", ""c157b426dd7167bc1359eecf26ec5fbc98b35e4202a41de9d6650964f9df3c17""]","[""5947300e1b20bb57f96311cc34e326bcc1ede855e9541ec6a204856612468417"", ""9658a47149b0ab24fc3f77d0f9fdaafaff266b273215443058230f74271f9549"", ""b73b922f4af1b2a2e4a3167943581b60aef9cf2340f022877c17699262b879eb"", ""186cda7db8c456bcf680e72f263bd4f0e8cda1ceb47984f0502a119b6cf30d67"", ""c157b426dd7167bc1359eecf26ec5fbc98b35e4202a41de9d6650964f9df3c17""]",0.0,0.0,,,,"Project Coordinator, Data Quality","Project Coordinator, Data Quality | Connector & Interconnect Design Engineer | State Estimation Engineer - Data Collection Systems | AI Data Operations Manager | Helix Data Creator","Project Coordinator, Data Quality | Demand Planner | Connector & Interconnect Design Engineer | Lead, Data Operations Global Expansion | State Estimation Engineer - Data Collection Systems","Project Coordinator, Data Quality | Connector & Interconnect Design Engineer | State Estimation Engineer - Data Collection Systems | Demand Planner | Lead, Data Operations Global Expansion","Project Coordinator, Data Quality | AI Data Operations Manager | Data Strategy Associate | Connector & Interconnect Design Engineer | Lead, Data Operations Global Expansion"
official-21-1,Reinforcement Learning Engineer – Whole Body Control,"{""0ee9c05cd018d22c3efa9f1a4c05e212a812157fd1c750bcf313cefe6035baa7"": 3}","[""0ee9c05cd018d22c3efa9f1a4c05e212a812157fd1c750bcf313cefe6035baa7"", ""372b8d981e9a118724699820ec99464d3cef1b5afecb3504bd5984e0d20cf86e"", ""c1c05a8ba13a2926c42f725703c98fe23d061fca1b941341c82c68fd09fc1527"", ""0a8ae0080aed861331479e76665c99325ed73c480103a34202fab31735988354"", ""819b7ab25d3641d3878a4f6e2dea005077f29528535c8a8aec9f727d904ed3c6""]","[""0ee9c05cd018d22c3efa9f1a4c05e212a812157fd1c750bcf313cefe6035baa7"", ""372b8d981e9a118724699820ec99464d3cef1b5afecb3504bd5984e0d20cf86e"", ""c1c05a8ba13a2926c42f725703c98fe23d061fca1b941341c82c68fd09fc1527"", ""0a8ae0080aed861331479e76665c99325ed73c480103a34202fab31735988354"", ""ea07724278be54b49fb0ffb4f22d5faf0b148d07979bb36082323bafa66fc448""]","[""0ee9c05cd018d22c3efa9f1a4c05e212a812157fd1c750bcf313cefe6035baa7"", ""372b8d981e9a118724699820ec99464d3cef1b5afecb3504bd5984e0d20cf86e"", ""c1c05a8ba13a2926c42f725703c98fe23d061fca1b941341c82c68fd09fc1527"", ""0a8ae0080aed861331479e76665c99325ed73c480103a34202fab31735988354"", ""02f16aa9d32c2123cc848e69fa4f5a6acc5eaa789f5291dd40f0f63379c39974""]","[""0ee9c05cd018d22c3efa9f1a4c05e212a812157fd1c750bcf313cefe6035baa7"", ""372b8d981e9a118724699820ec99464d3cef1b5afecb3504bd5984e0d20cf86e"", ""c1c05a8ba13a2926c42f725703c98fe23d061fca1b941341c82c68fd09fc1527"", ""0a8ae0080aed861331479e76665c99325ed73c480103a34202fab31735988354"", ""02f16aa9d32c2123cc848e69fa4f5a6acc5eaa789f5291dd40f0f63379c39974""]",0.0,0.0,,,,Reinforcement Learning Engineer – Whole Body Control,"Reinforcement Learning Engineer – Whole Body Control | AI Training Infrastructure Engineer – Humanoid Whole Body Control | Helix AI Engineer, Reinforcement Learning | Helix AI Engineer, Robot Learning | State Estimation Engineer - Data Collection Systems","Reinforcement Learning Engineer – Whole Body Control | AI Training Infrastructure Engineer – Humanoid Whole Body Control | Helix AI Engineer, Reinforcement Learning | Helix AI Engineer, Robot Learning | Helix AI Engineer, Pretraining","Reinforcement Learning Engineer – Whole Body Control | AI Training Infrastructure Engineer – Humanoid Whole Body Control | Helix AI Engineer, Reinforcement Learning | Helix AI Engineer, Robot Learning | Helix AI Engineer, Video Pretraining","Reinforcement Learning Engineer – Whole Body Control | AI Training Infrastructure Engineer – Humanoid Whole Body Control | Helix AI Engineer, Reinforcement Learning | Helix AI Engineer, Robot Learning | Helix AI Engineer, Video Pretraining"
official-21-2,"Develop, train, and deploy reinforcement learning algorithms for whole body control","{""0ee9c05cd018d22c3efa9f1a4c05e212a812157fd1c750bcf313cefe6035baa7"": 3}","[""0ee9c05cd018d22c3efa9f1a4c05e212a812157fd1c750bcf313cefe6035baa7"", ""372b8d981e9a118724699820ec99464d3cef1b5afecb3504bd5984e0d20cf86e"", ""c1c05a8ba13a2926c42f725703c98fe23d061fca1b941341c82c68fd09fc1527"", ""819b7ab25d3641d3878a4f6e2dea005077f29528535c8a8aec9f727d904ed3c6"", ""0a8ae0080aed861331479e76665c99325ed73c480103a34202fab31735988354""]","[""0ee9c05cd018d22c3efa9f1a4c05e212a812157fd1c750bcf313cefe6035baa7"", ""c1c05a8ba13a2926c42f725703c98fe23d061fca1b941341c82c68fd09fc1527"", ""372b8d981e9a118724699820ec99464d3cef1b5afecb3504bd5984e0d20cf86e"", ""0a8ae0080aed861331479e76665c99325ed73c480103a34202fab31735988354"", ""66a4c6d7e0904dd601e4054abef7eee96e6301da500323e2300ed9648b004074""]","[""0ee9c05cd018d22c3efa9f1a4c05e212a812157fd1c750bcf313cefe6035baa7"", ""372b8d981e9a118724699820ec99464d3cef1b5afecb3504bd5984e0d20cf86e"", ""c1c05a8ba13a2926c42f725703c98fe23d061fca1b941341c82c68fd09fc1527"", ""0a8ae0080aed861331479e76665c99325ed73c480103a34202fab31735988354"", ""02f16aa9d32c2123cc848e69fa4f5a6acc5eaa789f5291dd40f0f63379c39974""]","[""0ee9c05cd018d22c3efa9f1a4c05e212a812157fd1c750bcf313cefe6035baa7"", ""372b8d981e9a118724699820ec99464d3cef1b5afecb3504bd5984e0d20cf86e"", ""0a8ae0080aed861331479e76665c99325ed73c480103a34202fab31735988354"", ""c1c05a8ba13a2926c42f725703c98fe23d061fca1b941341c82c68fd09fc1527"", ""79f5841c81f7ac714712f4d3ef1979d7e41748673024dfc15606019cd63d3958""]",0.0,0.0,,,,Reinforcement Learning Engineer – Whole Body Control,"Reinforcement Learning Engineer – Whole Body Control | AI Training Infrastructure Engineer – Humanoid Whole Body Control | Helix AI Engineer, Reinforcement Learning | State Estimation Engineer - Data Collection Systems | Helix AI Engineer, Robot Learning","Reinforcement Learning Engineer – Whole Body Control | Helix AI Engineer, Reinforcement Learning | AI Training Infrastructure Engineer – Humanoid Whole Body Control | Helix AI Engineer, Robot Learning | Helix AI Engineer, Training Performance","Reinforcement Learning Engineer – Whole Body Control | AI Training Infrastructure Engineer – Humanoid Whole Body Control | Helix AI Engineer, Reinforcement Learning | Helix AI Engineer, Robot Learning | Helix AI Engineer, Video Pretraining","Reinforcement Learning Engineer – Whole Body Control | AI Training Infrastructure Engineer – Humanoid Whole Body Control | Helix AI Engineer, Robot Learning | Helix AI Engineer, Reinforcement Learning | Helix AI Engineer, Generative AI"
official-21-3,"Strong background in dynamics and control, ideally of legged robots","{""0ee9c05cd018d22c3efa9f1a4c05e212a812157fd1c750bcf313cefe6035baa7"": 3}","[""0ee9c05cd018d22c3efa9f1a4c05e212a812157fd1c750bcf313cefe6035baa7"", ""372b8d981e9a118724699820ec99464d3cef1b5afecb3504bd5984e0d20cf86e"", ""02f16aa9d32c2123cc848e69fa4f5a6acc5eaa789f5291dd40f0f63379c39974"", ""0a8ae0080aed861331479e76665c99325ed73c480103a34202fab31735988354"", ""9658a47149b0ab24fc3f77d0f9fdaafaff266b273215443058230f74271f9549""]","[""372b8d981e9a118724699820ec99464d3cef1b5afecb3504bd5984e0d20cf86e"", ""0a8ae0080aed861331479e76665c99325ed73c480103a34202fab31735988354"", ""0ee9c05cd018d22c3efa9f1a4c05e212a812157fd1c750bcf313cefe6035baa7"", ""b9e710fd1e21f126e880ef384cb63538083b0cd62695ed14e8a82e9d7ea2de46"", ""c1c05a8ba13a2926c42f725703c98fe23d061fca1b941341c82c68fd09fc1527""]","[""372b8d981e9a118724699820ec99464d3cef1b5afecb3504bd5984e0d20cf86e"", ""0ee9c05cd018d22c3efa9f1a4c05e212a812157fd1c750bcf313cefe6035baa7"", ""0a8ae0080aed861331479e76665c99325ed73c480103a34202fab31735988354"", ""02f16aa9d32c2123cc848e69fa4f5a6acc5eaa789f5291dd40f0f63379c39974"", ""b9e710fd1e21f126e880ef384cb63538083b0cd62695ed14e8a82e9d7ea2de46""]","[""0ee9c05cd018d22c3efa9f1a4c05e212a812157fd1c750bcf313cefe6035baa7"", ""372b8d981e9a118724699820ec99464d3cef1b5afecb3504bd5984e0d20cf86e"", ""0a8ae0080aed861331479e76665c99325ed73c480103a34202fab31735988354"", ""b9e710fd1e21f126e880ef384cb63538083b0cd62695ed14e8a82e9d7ea2de46"", ""02f16aa9d32c2123cc848e69fa4f5a6acc5eaa789f5291dd40f0f63379c39974""]",0.0,0.0,,,,Reinforcement Learning Engineer – Whole Body Control,"Reinforcement Learning Engineer – Whole Body Control | AI Training Infrastructure Engineer – Humanoid Whole Body Control | Helix AI Engineer, Video Pretraining | Helix AI Engineer, Robot Learning | AI Data Operations Manager","AI Training Infrastructure Engineer – Humanoid Whole Body Control | Helix AI Engineer, Robot Learning | Reinforcement Learning Engineer – Whole Body Control | Helix AI Engineer, Localization and Mapping | Helix AI Engineer, Reinforcement Learning","AI Training Infrastructure Engineer – Humanoid Whole Body Control | Reinforcement Learning Engineer – Whole Body Control | Helix AI Engineer, Robot Learning | Helix AI Engineer, Video Pretraining | Helix AI Engineer, Localization and Mapping","Reinforcement Learning Engineer – Whole Body Control | AI Training Infrastructure Engineer – Humanoid Whole Body Control | Helix AI Engineer, Robot Learning | Helix AI Engineer, Localization and Mapping | Helix AI Engineer, Video Pretraining"
official-21-4,Find roles focused on Reinforcement Learning Engineer – Whole Body Control,"{""0ee9c05cd018d22c3efa9f1a4c05e212a812157fd1c750bcf313cefe6035baa7"": 3}","[""0ee9c05cd018d22c3efa9f1a4c05e212a812157fd1c750bcf313cefe6035baa7"", ""372b8d981e9a118724699820ec99464d3cef1b5afecb3504bd5984e0d20cf86e"", ""c1c05a8ba13a2926c42f725703c98fe23d061fca1b941341c82c68fd09fc1527"", ""819b7ab25d3641d3878a4f6e2dea005077f29528535c8a8aec9f727d904ed3c6"", ""0a8ae0080aed861331479e76665c99325ed73c480103a34202fab31735988354""]","[""0ee9c05cd018d22c3efa9f1a4c05e212a812157fd1c750bcf313cefe6035baa7"", ""372b8d981e9a118724699820ec99464d3cef1b5afecb3504bd5984e0d20cf86e"", ""c1c05a8ba13a2926c42f725703c98fe23d061fca1b941341c82c68fd09fc1527"", ""0a8ae0080aed861331479e76665c99325ed73c480103a34202fab31735988354"", ""0a0fc1829659ebd979c603141aaea41d021b93f09dc893d3d9bbd68efaeefbdc""]","[""0ee9c05cd018d22c3efa9f1a4c05e212a812157fd1c750bcf313cefe6035baa7"", ""372b8d981e9a118724699820ec99464d3cef1b5afecb3504bd5984e0d20cf86e"", ""c1c05a8ba13a2926c42f725703c98fe23d061fca1b941341c82c68fd09fc1527"", ""0a8ae0080aed861331479e76665c99325ed73c480103a34202fab31735988354"", ""819b7ab25d3641d3878a4f6e2dea005077f29528535c8a8aec9f727d904ed3c6""]","[""0ee9c05cd018d22c3efa9f1a4c05e212a812157fd1c750bcf313cefe6035baa7"", ""372b8d981e9a118724699820ec99464d3cef1b5afecb3504bd5984e0d20cf86e"", ""c1c05a8ba13a2926c42f725703c98fe23d061fca1b941341c82c68fd09fc1527"", ""0a8ae0080aed861331479e76665c99325ed73c480103a34202fab31735988354"", ""02f16aa9d32c2123cc848e69fa4f5a6acc5eaa789f5291dd40f0f63379c39974""]",0.0,0.0,,,,Reinforcement Learning Engineer – Whole Body Control,"Reinforcement Learning Engineer – Whole Body Control | AI Training Infrastructure Engineer – Humanoid Whole Body Control | Helix AI Engineer, Reinforcement Learning | State Estimation Engineer - Data Collection Systems | Helix AI Engineer, Robot Learning","Reinforcement Learning Engineer – Whole Body Control | AI Training Infrastructure Engineer – Humanoid Whole Body Control | Helix AI Engineer, Reinforcement Learning | Helix AI Engineer, Robot Learning | Helix AI Engineer, Modeling","Reinforcement Learning Engineer – Whole Body Control | AI Training Infrastructure Engineer – Humanoid Whole Body Control | Helix AI Engineer, Reinforcement Learning | Helix AI Engineer, Robot Learning | State Estimation Engineer - Data Collection Systems","Reinforcement Learning Engineer – Whole Body Control | AI Training Infrastructure Engineer – Humanoid Whole Body Control | Helix AI Engineer, Reinforcement Learning | Helix AI Engineer, Robot Learning | Helix AI Engineer, Video Pretraining"
official-21-5,"岗位职责匹配：Develop, train, and deploy reinforcement learning algorithms for whole body control","{""0ee9c05cd018d22c3efa9f1a4c05e212a812157fd1c750bcf313cefe6035baa7"": 3}","[""0ee9c05cd018d22c3efa9f1a4c05e212a812157fd1c750bcf313cefe6035baa7"", ""372b8d981e9a118724699820ec99464d3cef1b5afecb3504bd5984e0d20cf86e"", ""c1c05a8ba13a2926c42f725703c98fe23d061fca1b941341c82c68fd09fc1527"", ""819b7ab25d3641d3878a4f6e2dea005077f29528535c8a8aec9f727d904ed3c6"", ""0a8ae0080aed861331479e76665c99325ed73c480103a34202fab31735988354""]","[""0ee9c05cd018d22c3efa9f1a4c05e212a812157fd1c750bcf313cefe6035baa7"", ""c1c05a8ba13a2926c42f725703c98fe23d061fca1b941341c82c68fd09fc1527"", ""372b8d981e9a118724699820ec99464d3cef1b5afecb3504bd5984e0d20cf86e"", ""66a4c6d7e0904dd601e4054abef7eee96e6301da500323e2300ed9648b004074"", ""819b7ab25d3641d3878a4f6e2dea005077f29528535c8a8aec9f727d904ed3c6""]","[""0ee9c05cd018d22c3efa9f1a4c05e212a812157fd1c750bcf313cefe6035baa7"", ""372b8d981e9a118724699820ec99464d3cef1b5afecb3504bd5984e0d20cf86e"", ""c1c05a8ba13a2926c42f725703c98fe23d061fca1b941341c82c68fd09fc1527"", ""819b7ab25d3641d3878a4f6e2dea005077f29528535c8a8aec9f727d904ed3c6"", ""0a8ae0080aed861331479e76665c99325ed73c480103a34202fab31735988354""]","[""0ee9c05cd018d22c3efa9f1a4c05e212a812157fd1c750bcf313cefe6035baa7"", ""372b8d981e9a118724699820ec99464d3cef1b5afecb3504bd5984e0d20cf86e"", ""0a8ae0080aed861331479e76665c99325ed73c480103a34202fab31735988354"", ""c1c05a8ba13a2926c42f725703c98fe23d061fca1b941341c82c68fd09fc1527"", ""819b7ab25d3641d3878a4f6e2dea005077f29528535c8a8aec9f727d904ed3c6""]",0.0,0.0,,,,Reinforcement Learning Engineer – Whole Body Control,"Reinforcement Learning Engineer – Whole Body Control | AI Training Infrastructure Engineer – Humanoid Whole Body Control | Helix AI Engineer, Reinforcement Learning | State Estimation Engineer - Data Collection Systems | Helix AI Engineer, Robot Learning","Reinforcement Learning Engineer – Whole Body Control | Helix AI Engineer, Reinforcement Learning | AI Training Infrastructure Engineer – Humanoid Whole Body Control | Helix AI Engineer, Training Performance | State Estimation Engineer - Data Collection Systems","Reinforcement Learning Engineer – Whole Body Control | AI Training Infrastructure Engineer – Humanoid Whole Body Control | Helix AI Engineer, Reinforcement Learning | State Estimation Engineer - Data Collection Systems | Helix AI Engineer, Robot Learning","Reinforcement Learning Engineer – Whole Body Control | AI Training Infrastructure Engineer – Humanoid Whole Body Control | Helix AI Engineer, Robot Learning | Helix AI Engineer, Reinforcement Learning | State Estimation Engineer - Data Collection Systems"
official-22-1,"Software Engineer, Manufacturing Systems","{""a348c6f5c005df2d721f2c06b4c51aa3c9caafade8e604315110fc5b4ed822b5"": 3}","[""a348c6f5c005df2d721f2c06b4c51aa3c9caafade8e604315110fc5b4ed822b5"", ""b703c687faa83dff0253c44ec411d68cccda459db840e29fef3ad4f403e84f08"", ""2f0e3d2ed63dc83a4e3a6796d1e94a52d14431be5936849666e4872e9a0e5a73"", ""186cda7db8c456bcf680e72f263bd4f0e8cda1ceb47984f0502a119b6cf30d67"", ""75607eba04e4875b1dd4b218186a8a81de822a26baa6964e95582795cf4f282e""]","[""a348c6f5c005df2d721f2c06b4c51aa3c9caafade8e604315110fc5b4ed822b5"", ""b703c687faa83dff0253c44ec411d68cccda459db840e29fef3ad4f403e84f08"", ""819b7ab25d3641d3878a4f6e2dea005077f29528535c8a8aec9f727d904ed3c6"", ""3bf666c253c19894dbe27deb07d68ce3bd68efbe46903f1292a3806c56be640b"", ""186cda7db8c456bcf680e72f263bd4f0e8cda1ceb47984f0502a119b6cf30d67""]","[""a348c6f5c005df2d721f2c06b4c51aa3c9caafade8e604315110fc5b4ed822b5"", ""b703c687faa83dff0253c44ec411d68cccda459db840e29fef3ad4f403e84f08"", ""186cda7db8c456bcf680e72f263bd4f0e8cda1ceb47984f0502a119b6cf30d67"", ""3bf666c253c19894dbe27deb07d68ce3bd68efbe46903f1292a3806c56be640b"", ""372b8d981e9a118724699820ec99464d3cef1b5afecb3504bd5984e0d20cf86e""]","[""a348c6f5c005df2d721f2c06b4c51aa3c9caafade8e604315110fc5b4ed822b5"", ""b703c687faa83dff0253c44ec411d68cccda459db840e29fef3ad4f403e84f08"", ""b9e710fd1e21f126e880ef384cb63538083b0cd62695ed14e8a82e9d7ea2de46"", ""3cff0238e9827ea8937e6bcbb0a6cc3e2cc5e5ea7ba7597bacb353d3de745bbe"", ""3bf666c253c19894dbe27deb07d68ce3bd68efbe46903f1292a3806c56be640b""]",0.0,0.0,,,,"Software Engineer, Manufacturing Systems","Software Engineer, Manufacturing Systems | Manufacturing Software Test Engineer | Demand Planner | Connector & Interconnect Design Engineer | Associate General Counsel, Commercial","Software Engineer, Manufacturing Systems | Manufacturing Software Test Engineer | State Estimation Engineer - Data Collection Systems | Software Engineer, Privacy & Data Governance | Connector & Interconnect Design Engineer","Software Engineer, Manufacturing Systems | Manufacturing Software Test Engineer | Connector & Interconnect Design Engineer | Software Engineer, Privacy & Data Governance | AI Training Infrastructure Engineer – Humanoid Whole Body Control","Software Engineer, Manufacturing Systems | Manufacturing Software Test Engineer | Helix AI Engineer, Localization and Mapping | Helix AI Engineer, Perception | Software Engineer, Privacy & Data Governance"
official-22-2,Implement improvements to our existing suite of manufacturing software.,"{""a348c6f5c005df2d721f2c06b4c51aa3c9caafade8e604315110fc5b4ed822b5"": 3}","[""a348c6f5c005df2d721f2c06b4c51aa3c9caafade8e604315110fc5b4ed822b5"", ""b703c687faa83dff0253c44ec411d68cccda459db840e29fef3ad4f403e84f08"", ""2f0e3d2ed63dc83a4e3a6796d1e94a52d14431be5936849666e4872e9a0e5a73"", ""819b7ab25d3641d3878a4f6e2dea005077f29528535c8a8aec9f727d904ed3c6"", ""9658a47149b0ab24fc3f77d0f9fdaafaff266b273215443058230f74271f9549""]","[""a348c6f5c005df2d721f2c06b4c51aa3c9caafade8e604315110fc5b4ed822b5"", ""b703c687faa83dff0253c44ec411d68cccda459db840e29fef3ad4f403e84f08"", ""66a4c6d7e0904dd601e4054abef7eee96e6301da500323e2300ed9648b004074"", ""819b7ab25d3641d3878a4f6e2dea005077f29528535c8a8aec9f727d904ed3c6"", ""2f0e3d2ed63dc83a4e3a6796d1e94a52d14431be5936849666e4872e9a0e5a73""]","[""a348c6f5c005df2d721f2c06b4c51aa3c9caafade8e604315110fc5b4ed822b5"", ""b703c687faa83dff0253c44ec411d68cccda459db840e29fef3ad4f403e84f08"", ""2f0e3d2ed63dc83a4e3a6796d1e94a52d14431be5936849666e4872e9a0e5a73"", ""819b7ab25d3641d3878a4f6e2dea005077f29528535c8a8aec9f727d904ed3c6"", ""c157b426dd7167bc1359eecf26ec5fbc98b35e4202a41de9d6650964f9df3c17""]","[""a348c6f5c005df2d721f2c06b4c51aa3c9caafade8e604315110fc5b4ed822b5"", ""b703c687faa83dff0253c44ec411d68cccda459db840e29fef3ad4f403e84f08"", ""3bf666c253c19894dbe27deb07d68ce3bd68efbe46903f1292a3806c56be640b"", ""2f0e3d2ed63dc83a4e3a6796d1e94a52d14431be5936849666e4872e9a0e5a73"", ""3cff0238e9827ea8937e6bcbb0a6cc3e2cc5e5ea7ba7597bacb353d3de745bbe""]",0.0,0.0,,,,"Software Engineer, Manufacturing Systems","Software Engineer, Manufacturing Systems | Manufacturing Software Test Engineer | Demand Planner | State Estimation Engineer - Data Collection Systems | AI Data Operations Manager","Software Engineer, Manufacturing Systems | Manufacturing Software Test Engineer | Helix AI Engineer, Training Performance | State Estimation Engineer - Data Collection Systems | Demand Planner","Software Engineer, Manufacturing Systems | Manufacturing Software Test Engineer | Demand Planner | State Estimation Engineer - Data Collection Systems | Lead, Data Operations Global Expansion","Software Engineer, Manufacturing Systems | Manufacturing Software Test Engineer | Software Engineer, Privacy & Data Governance | Demand Planner | Helix AI Engineer, Perception"
official-22-3,4+ years of industry experience.,"{""a348c6f5c005df2d721f2c06b4c51aa3c9caafade8e604315110fc5b4ed822b5"": 3}","[""a348c6f5c005df2d721f2c06b4c51aa3c9caafade8e604315110fc5b4ed822b5"", ""b703c687faa83dff0253c44ec411d68cccda459db840e29fef3ad4f403e84f08"", ""0a59a8a5defd9d4d8667a85f36f511c6a9d787070af1f561d8de7060399ebb0c"", ""9658a47149b0ab24fc3f77d0f9fdaafaff266b273215443058230f74271f9549"", ""5947300e1b20bb57f96311cc34e326bcc1ede855e9541ec6a204856612468417""]","[""a348c6f5c005df2d721f2c06b4c51aa3c9caafade8e604315110fc5b4ed822b5"", ""819b7ab25d3641d3878a4f6e2dea005077f29528535c8a8aec9f727d904ed3c6"", ""a39440f627d72dfbfc52ba5e4663f2857cfc04e4e8a0f1497e74d63990542df0"", ""1f9f2467de3e4708c9577641bda5d53235417f44365da66ec663e0915b9106e5"", ""372b8d981e9a118724699820ec99464d3cef1b5afecb3504bd5984e0d20cf86e""]","[""a348c6f5c005df2d721f2c06b4c51aa3c9caafade8e604315110fc5b4ed822b5"", ""819b7ab25d3641d3878a4f6e2dea005077f29528535c8a8aec9f727d904ed3c6"", ""b703c687faa83dff0253c44ec411d68cccda459db840e29fef3ad4f403e84f08"", ""75607eba04e4875b1dd4b218186a8a81de822a26baa6964e95582795cf4f282e"", ""5947300e1b20bb57f96311cc34e326bcc1ede855e9541ec6a204856612468417""]","[""a348c6f5c005df2d721f2c06b4c51aa3c9caafade8e604315110fc5b4ed822b5"", ""9658a47149b0ab24fc3f77d0f9fdaafaff266b273215443058230f74271f9549"", ""5947300e1b20bb57f96311cc34e326bcc1ede855e9541ec6a204856612468417"", ""b703c687faa83dff0253c44ec411d68cccda459db840e29fef3ad4f403e84f08"", ""7e180bb84925d86b67a37d44448c9e76ee9559555a0a794046a80088ba50abbe""]",0.0,0.0,,,,"Software Engineer, Manufacturing Systems","Software Engineer, Manufacturing Systems | Manufacturing Software Test Engineer | Helix AI Engineer, Data Infrastructure | AI Data Operations Manager | Project Coordinator, Data Quality","Software Engineer, Manufacturing Systems | State Estimation Engineer - Data Collection Systems | Deployment Logistics Lead | Helix Data Creator | AI Training Infrastructure Engineer – Humanoid Whole Body Control","Software Engineer, Manufacturing Systems | State Estimation Engineer - Data Collection Systems | Manufacturing Software Test Engineer | Associate General Counsel, Commercial | Project Coordinator, Data Quality","Software Engineer, Manufacturing Systems | AI Data Operations Manager | Project Coordinator, Data Quality | Manufacturing Software Test Engineer | Deployment Engineer - Commercial Site Team"
official-22-4,"Find roles focused on Software Engineer, Manufacturing Systems","{""a348c6f5c005df2d721f2c06b4c51aa3c9caafade8e604315110fc5b4ed822b5"": 3}","[""a348c6f5c005df2d721f2c06b4c51aa3c9caafade8e604315110fc5b4ed822b5"", ""75607eba04e4875b1dd4b218186a8a81de822a26baa6964e95582795cf4f282e"", ""b703c687faa83dff0253c44ec411d68cccda459db840e29fef3ad4f403e84f08"", ""0a59a8a5defd9d4d8667a85f36f511c6a9d787070af1f561d8de7060399ebb0c"", ""2f0e3d2ed63dc83a4e3a6796d1e94a52d14431be5936849666e4872e9a0e5a73""]","[""a348c6f5c005df2d721f2c06b4c51aa3c9caafade8e604315110fc5b4ed822b5"", ""b703c687faa83dff0253c44ec411d68cccda459db840e29fef3ad4f403e84f08"", ""819b7ab25d3641d3878a4f6e2dea005077f29528535c8a8aec9f727d904ed3c6"", ""0a0fc1829659ebd979c603141aaea41d021b93f09dc893d3d9bbd68efaeefbdc"", ""c1c05a8ba13a2926c42f725703c98fe23d061fca1b941341c82c68fd09fc1527""]","[""a348c6f5c005df2d721f2c06b4c51aa3c9caafade8e604315110fc5b4ed822b5"", ""b703c687faa83dff0253c44ec411d68cccda459db840e29fef3ad4f403e84f08"", ""186cda7db8c456bcf680e72f263bd4f0e8cda1ceb47984f0502a119b6cf30d67"", ""0a59a8a5defd9d4d8667a85f36f511c6a9d787070af1f561d8de7060399ebb0c"", ""66a4c6d7e0904dd601e4054abef7eee96e6301da500323e2300ed9648b004074""]","[""a348c6f5c005df2d721f2c06b4c51aa3c9caafade8e604315110fc5b4ed822b5"", ""b703c687faa83dff0253c44ec411d68cccda459db840e29fef3ad4f403e84f08"", ""b9e710fd1e21f126e880ef384cb63538083b0cd62695ed14e8a82e9d7ea2de46"", ""79f5841c81f7ac714712f4d3ef1979d7e41748673024dfc15606019cd63d3958"", ""372b8d981e9a118724699820ec99464d3cef1b5afecb3504bd5984e0d20cf86e""]",0.0,0.0,,,,"Software Engineer, Manufacturing Systems","Software Engineer, Manufacturing Systems | Associate General Counsel, Commercial | Manufacturing Software Test Engineer | Helix AI Engineer, Data Infrastructure | Demand Planner","Software Engineer, Manufacturing Systems | Manufacturing Software Test Engineer | State Estimation Engineer - Data Collection Systems | Helix AI Engineer, Modeling | Helix AI Engineer, Reinforcement Learning","Software Engineer, Manufacturing Systems | Manufacturing Software Test Engineer | Connector & Interconnect Design Engineer | Helix AI Engineer, Data Infrastructure | Helix AI Engineer, Training Performance","Software Engineer, Manufacturing Systems | Manufacturing Software Test Engineer | Helix AI Engineer, Localization and Mapping | Helix AI Engineer, Generative AI | AI Training Infrastructure Engineer – Humanoid Whole Body Control"
official-22-5,岗位职责匹配：Implement improvements to our existing suite of manufacturing software.,"{""a348c6f5c005df2d721f2c06b4c51aa3c9caafade8e604315110fc5b4ed822b5"": 3}","[""a348c6f5c005df2d721f2c06b4c51aa3c9caafade8e604315110fc5b4ed822b5"", ""b703c687faa83dff0253c44ec411d68cccda459db840e29fef3ad4f403e84f08"", ""2f0e3d2ed63dc83a4e3a6796d1e94a52d14431be5936849666e4872e9a0e5a73"", ""819b7ab25d3641d3878a4f6e2dea005077f29528535c8a8aec9f727d904ed3c6"", ""9658a47149b0ab24fc3f77d0f9fdaafaff266b273215443058230f74271f9549""]","[""a348c6f5c005df2d721f2c06b4c51aa3c9caafade8e604315110fc5b4ed822b5"", ""b703c687faa83dff0253c44ec411d68cccda459db840e29fef3ad4f403e84f08"", ""2f0e3d2ed63dc83a4e3a6796d1e94a52d14431be5936849666e4872e9a0e5a73"", ""819b7ab25d3641d3878a4f6e2dea005077f29528535c8a8aec9f727d904ed3c6"", ""66a4c6d7e0904dd601e4054abef7eee96e6301da500323e2300ed9648b004074""]","[""a348c6f5c005df2d721f2c06b4c51aa3c9caafade8e604315110fc5b4ed822b5"", ""b703c687faa83dff0253c44ec411d68cccda459db840e29fef3ad4f403e84f08"", ""2f0e3d2ed63dc83a4e3a6796d1e94a52d14431be5936849666e4872e9a0e5a73"", ""819b7ab25d3641d3878a4f6e2dea005077f29528535c8a8aec9f727d904ed3c6"", ""186cda7db8c456bcf680e72f263bd4f0e8cda1ceb47984f0502a119b6cf30d67""]","[""a348c6f5c005df2d721f2c06b4c51aa3c9caafade8e604315110fc5b4ed822b5"", ""b703c687faa83dff0253c44ec411d68cccda459db840e29fef3ad4f403e84f08"", ""3bf666c253c19894dbe27deb07d68ce3bd68efbe46903f1292a3806c56be640b"", ""7e180bb84925d86b67a37d44448c9e76ee9559555a0a794046a80088ba50abbe"", ""3cff0238e9827ea8937e6bcbb0a6cc3e2cc5e5ea7ba7597bacb353d3de745bbe""]",0.0,0.0,,,,"Software Engineer, Manufacturing Systems","Software Engineer, Manufacturing Systems | Manufacturing Software Test Engineer | Demand Planner | State Estimation Engineer - Data Collection Systems | AI Data Operations Manager","Software Engineer, Manufacturing Systems | Manufacturing Software Test Engineer | Demand Planner | State Estimation Engineer - Data Collection Systems | Helix AI Engineer, Training Performance","Software Engineer, Manufacturing Systems | Manufacturing Software Test Engineer | Demand Planner | State Estimation Engineer - Data Collection Systems | Connector & Interconnect Design Engineer","Software Engineer, Manufacturing Systems | Manufacturing Software Test Engineer | Software Engineer, Privacy & Data Governance | Deployment Engineer - Commercial Site Team | Helix AI Engineer, Perception"
official-23-1,"Software Engineer, Privacy & Data Governance","{""3bf666c253c19894dbe27deb07d68ce3bd68efbe46903f1292a3806c56be640b"": 3}","[""3bf666c253c19894dbe27deb07d68ce3bd68efbe46903f1292a3806c56be640b"", ""75607eba04e4875b1dd4b218186a8a81de822a26baa6964e95582795cf4f282e"", ""0a59a8a5defd9d4d8667a85f36f511c6a9d787070af1f561d8de7060399ebb0c"", ""7e180bb84925d86b67a37d44448c9e76ee9559555a0a794046a80088ba50abbe"", ""0510f179c62b00682e302dc68cd73707b475417d78001a1955e46bb5361b8242""]","[""3bf666c253c19894dbe27deb07d68ce3bd68efbe46903f1292a3806c56be640b"", ""a348c6f5c005df2d721f2c06b4c51aa3c9caafade8e604315110fc5b4ed822b5"", ""819b7ab25d3641d3878a4f6e2dea005077f29528535c8a8aec9f727d904ed3c6"", ""186cda7db8c456bcf680e72f263bd4f0e8cda1ceb47984f0502a119b6cf30d67"", ""b703c687faa83dff0253c44ec411d68cccda459db840e29fef3ad4f403e84f08""]","[""3bf666c253c19894dbe27deb07d68ce3bd68efbe46903f1292a3806c56be640b"", ""0a59a8a5defd9d4d8667a85f36f511c6a9d787070af1f561d8de7060399ebb0c"", ""75607eba04e4875b1dd4b218186a8a81de822a26baa6964e95582795cf4f282e"", ""a348c6f5c005df2d721f2c06b4c51aa3c9caafade8e604315110fc5b4ed822b5"", ""e06e31c66b7ffa4e84f45cff09e46a9f58c4828c0a53239e6022a8011e6731c7""]","[""3bf666c253c19894dbe27deb07d68ce3bd68efbe46903f1292a3806c56be640b"", ""b9e710fd1e21f126e880ef384cb63538083b0cd62695ed14e8a82e9d7ea2de46"", ""75607eba04e4875b1dd4b218186a8a81de822a26baa6964e95582795cf4f282e"", ""3cff0238e9827ea8937e6bcbb0a6cc3e2cc5e5ea7ba7597bacb353d3de745bbe"", ""02f16aa9d32c2123cc848e69fa4f5a6acc5eaa789f5291dd40f0f63379c39974""]",0.0,0.0,,,,"Software Engineer, Privacy & Data Governance","Software Engineer, Privacy & Data Governance | Associate General Counsel, Commercial | Helix AI Engineer, Data Infrastructure | Deployment Engineer - Commercial Site Team | Deployment Engineer - Commercial Site Team","Software Engineer, Privacy & Data Governance | Software Engineer, Manufacturing Systems | State Estimation Engineer - Data Collection Systems | Connector & Interconnect Design Engineer | Manufacturing Software Test Engineer","Software Engineer, Privacy & Data Governance | Helix AI Engineer, Data Infrastructure | Associate General Counsel, Commercial | Software Engineer, Manufacturing Systems | Deployment Engineer (Data Collection)","Software Engineer, Privacy & Data Governance | Helix AI Engineer, Localization and Mapping | Associate General Counsel, Commercial | Helix AI Engineer, Perception | Helix AI Engineer, Video Pretraining"
official-23-2,Design and implement new technical features that embed privacy controls and data minimization techniques into our product and tech stack (privacy-by-design),"{""3bf666c253c19894dbe27deb07d68ce3bd68efbe46903f1292a3806c56be640b"": 3}","[""3bf666c253c19894dbe27deb07d68ce3bd68efbe46903f1292a3806c56be640b"", ""75607eba04e4875b1dd4b218186a8a81de822a26baa6964e95582795cf4f282e"", ""b9e710fd1e21f126e880ef384cb63538083b0cd62695ed14e8a82e9d7ea2de46"", ""79f5841c81f7ac714712f4d3ef1979d7e41748673024dfc15606019cd63d3958"", ""9658a47149b0ab24fc3f77d0f9fdaafaff266b273215443058230f74271f9549""]","[""3bf666c253c19894dbe27deb07d68ce3bd68efbe46903f1292a3806c56be640b"", ""2f0e3d2ed63dc83a4e3a6796d1e94a52d14431be5936849666e4872e9a0e5a73"", ""819b7ab25d3641d3878a4f6e2dea005077f29528535c8a8aec9f727d904ed3c6"", ""186cda7db8c456bcf680e72f263bd4f0e8cda1ceb47984f0502a119b6cf30d67"", ""c157b426dd7167bc1359eecf26ec5fbc98b35e4202a41de9d6650964f9df3c17""]","[""3bf666c253c19894dbe27deb07d68ce3bd68efbe46903f1292a3806c56be640b"", ""75607eba04e4875b1dd4b218186a8a81de822a26baa6964e95582795cf4f282e"", ""c157b426dd7167bc1359eecf26ec5fbc98b35e4202a41de9d6650964f9df3c17"", ""2f0e3d2ed63dc83a4e3a6796d1e94a52d14431be5936849666e4872e9a0e5a73"", ""b9e710fd1e21f126e880ef384cb63538083b0cd62695ed14e8a82e9d7ea2de46""]","[""3bf666c253c19894dbe27deb07d68ce3bd68efbe46903f1292a3806c56be640b"", ""79f5841c81f7ac714712f4d3ef1979d7e41748673024dfc15606019cd63d3958"", ""b9e710fd1e21f126e880ef384cb63538083b0cd62695ed14e8a82e9d7ea2de46"", ""0a8ae0080aed861331479e76665c99325ed73c480103a34202fab31735988354"", ""c1c05a8ba13a2926c42f725703c98fe23d061fca1b941341c82c68fd09fc1527""]",0.0,0.0,,,,"Software Engineer, Privacy & Data Governance","Software Engineer, Privacy & Data Governance | Associate General Counsel, Commercial | Helix AI Engineer, Localization and Mapping | Helix AI Engineer, Generative AI | AI Data Operations Manager","Software Engineer, Privacy & Data Governance | Demand Planner | State Estimation Engineer - Data Collection Systems | Connector & Interconnect Design Engineer | Lead, Data Operations Global Expansion","Software Engineer, Privacy & Data Governance | Associate General Counsel, Commercial | Lead, Data Operations Global Expansion | Demand Planner | Helix AI Engineer, Localization and Mapping","Software Engineer, Privacy & Data Governance | Helix AI Engineer, Generative AI | Helix AI Engineer, Localization and Mapping | Helix AI Engineer, Robot Learning | Helix AI Engineer, Reinforcement Learning"
official-23-3,"Experience in several of the following privacy and security domains: anonymization / de-identification, data retention and deletion, data lineage or governance, data protection fundamentals, data minimization privacy-by-design, privacy-preserving techniques","{""3bf666c253c19894dbe27deb07d68ce3bd68efbe46903f1292a3806c56be640b"": 3}","[""3bf666c253c19894dbe27deb07d68ce3bd68efbe46903f1292a3806c56be640b"", ""79f5841c81f7ac714712f4d3ef1979d7e41748673024dfc15606019cd63d3958"", ""b9e710fd1e21f126e880ef384cb63538083b0cd62695ed14e8a82e9d7ea2de46"", ""75607eba04e4875b1dd4b218186a8a81de822a26baa6964e95582795cf4f282e"", ""2f0e3d2ed63dc83a4e3a6796d1e94a52d14431be5936849666e4872e9a0e5a73""]","[""3bf666c253c19894dbe27deb07d68ce3bd68efbe46903f1292a3806c56be640b"", ""e06e31c66b7ffa4e84f45cff09e46a9f58c4828c0a53239e6022a8011e6731c7"", ""372b8d981e9a118724699820ec99464d3cef1b5afecb3504bd5984e0d20cf86e"", ""ea07724278be54b49fb0ffb4f22d5faf0b148d07979bb36082323bafa66fc448"", ""75607eba04e4875b1dd4b218186a8a81de822a26baa6964e95582795cf4f282e""]","[""3bf666c253c19894dbe27deb07d68ce3bd68efbe46903f1292a3806c56be640b"", ""75607eba04e4875b1dd4b218186a8a81de822a26baa6964e95582795cf4f282e"", ""b9e710fd1e21f126e880ef384cb63538083b0cd62695ed14e8a82e9d7ea2de46"", ""372b8d981e9a118724699820ec99464d3cef1b5afecb3504bd5984e0d20cf86e"", ""e06e31c66b7ffa4e84f45cff09e46a9f58c4828c0a53239e6022a8011e6731c7""]","[""3bf666c253c19894dbe27deb07d68ce3bd68efbe46903f1292a3806c56be640b"", ""75607eba04e4875b1dd4b218186a8a81de822a26baa6964e95582795cf4f282e"", ""7e180bb84925d86b67a37d44448c9e76ee9559555a0a794046a80088ba50abbe"", ""b73b922f4af1b2a2e4a3167943581b60aef9cf2340f022877c17699262b879eb"", ""0510f179c62b00682e302dc68cd73707b475417d78001a1955e46bb5361b8242""]",0.0,0.0,,,,"Software Engineer, Privacy & Data Governance","Software Engineer, Privacy & Data Governance | Helix AI Engineer, Generative AI | Helix AI Engineer, Localization and Mapping | Associate General Counsel, Commercial | Demand Planner","Software Engineer, Privacy & Data Governance | Deployment Engineer (Data Collection) | AI Training Infrastructure Engineer – Humanoid Whole Body Control | Helix AI Engineer, Pretraining | Associate General Counsel, Commercial","Software Engineer, Privacy & Data Governance | Associate General Counsel, Commercial | Helix AI Engineer, Localization and Mapping | AI Training Infrastructure Engineer – Humanoid Whole Body Control | Deployment Engineer (Data Collection)","Software Engineer, Privacy & Data Governance | Associate General Counsel, Commercial | Deployment Engineer - Commercial Site Team | Data Strategy Associate | Deployment Engineer - Commercial Site Team"
official-23-4,"Find roles focused on Software Engineer, Privacy & Data Governance","{""3bf666c253c19894dbe27deb07d68ce3bd68efbe46903f1292a3806c56be640b"": 3}","[""3bf666c253c19894dbe27deb07d68ce3bd68efbe46903f1292a3806c56be640b"", ""75607eba04e4875b1dd4b218186a8a81de822a26baa6964e95582795cf4f282e"", ""0a59a8a5defd9d4d8667a85f36f511c6a9d787070af1f561d8de7060399ebb0c"", ""7e180bb84925d86b67a37d44448c9e76ee9559555a0a794046a80088ba50abbe"", ""0510f179c62b00682e302dc68cd73707b475417d78001a1955e46bb5361b8242""]","[""3bf666c253c19894dbe27deb07d68ce3bd68efbe46903f1292a3806c56be640b"", ""a348c6f5c005df2d721f2c06b4c51aa3c9caafade8e604315110fc5b4ed822b5"", ""186cda7db8c456bcf680e72f263bd4f0e8cda1ceb47984f0502a119b6cf30d67"", ""e06e31c66b7ffa4e84f45cff09e46a9f58c4828c0a53239e6022a8011e6731c7"", ""b703c687faa83dff0253c44ec411d68cccda459db840e29fef3ad4f403e84f08""]","[""3bf666c253c19894dbe27deb07d68ce3bd68efbe46903f1292a3806c56be640b"", ""0a59a8a5defd9d4d8667a85f36f511c6a9d787070af1f561d8de7060399ebb0c"", ""75607eba04e4875b1dd4b218186a8a81de822a26baa6964e95582795cf4f282e"", ""e06e31c66b7ffa4e84f45cff09e46a9f58c4828c0a53239e6022a8011e6731c7"", ""a348c6f5c005df2d721f2c06b4c51aa3c9caafade8e604315110fc5b4ed822b5""]","[""3bf666c253c19894dbe27deb07d68ce3bd68efbe46903f1292a3806c56be640b"", ""0510f179c62b00682e302dc68cd73707b475417d78001a1955e46bb5361b8242"", ""7e180bb84925d86b67a37d44448c9e76ee9559555a0a794046a80088ba50abbe"", ""b9e710fd1e21f126e880ef384cb63538083b0cd62695ed14e8a82e9d7ea2de46"", ""0a59a8a5defd9d4d8667a85f36f511c6a9d787070af1f561d8de7060399ebb0c""]",0.0,0.0,,,,"Software Engineer, Privacy & Data Governance","Software Engineer, Privacy & Data Governance | Associate General Counsel, Commercial | Helix AI Engineer, Data Infrastructure | Deployment Engineer - Commercial Site Team | Deployment Engineer - Commercial Site Team","Software Engineer, Privacy & Data Governance | Software Engineer, Manufacturing Systems | Connector & Interconnect Design Engineer | Deployment Engineer (Data Collection) | Manufacturing Software Test Engineer","Software Engineer, Privacy & Data Governance | Helix AI Engineer, Data Infrastructure | Associate General Counsel, Commercial | Deployment Engineer (Data Collection) | Software Engineer, Manufacturing Systems","Software Engineer, Privacy & Data Governance | Deployment Engineer - Commercial Site Team | Deployment Engineer - Commercial Site Team | Helix AI Engineer, Localization and Mapping | Helix AI Engineer, Data Infrastructure"
official-23-5,岗位职责匹配：Design and implement new technical features that embed privacy controls and data minimization techniques into our product and tech stack (privacy-by-design),"{""3bf666c253c19894dbe27deb07d68ce3bd68efbe46903f1292a3806c56be640b"": 3}","[""3bf666c253c19894dbe27deb07d68ce3bd68efbe46903f1292a3806c56be640b"", ""75607eba04e4875b1dd4b218186a8a81de822a26baa6964e95582795cf4f282e"", ""b9e710fd1e21f126e880ef384cb63538083b0cd62695ed14e8a82e9d7ea2de46"", ""79f5841c81f7ac714712f4d3ef1979d7e41748673024dfc15606019cd63d3958"", ""9658a47149b0ab24fc3f77d0f9fdaafaff266b273215443058230f74271f9549""]","[""3bf666c253c19894dbe27deb07d68ce3bd68efbe46903f1292a3806c56be640b"", ""2f0e3d2ed63dc83a4e3a6796d1e94a52d14431be5936849666e4872e9a0e5a73"", ""186cda7db8c456bcf680e72f263bd4f0e8cda1ceb47984f0502a119b6cf30d67"", ""819b7ab25d3641d3878a4f6e2dea005077f29528535c8a8aec9f727d904ed3c6"", ""e06e31c66b7ffa4e84f45cff09e46a9f58c4828c0a53239e6022a8011e6731c7""]","[""3bf666c253c19894dbe27deb07d68ce3bd68efbe46903f1292a3806c56be640b"", ""75607eba04e4875b1dd4b218186a8a81de822a26baa6964e95582795cf4f282e"", ""b9e710fd1e21f126e880ef384cb63538083b0cd62695ed14e8a82e9d7ea2de46"", ""c157b426dd7167bc1359eecf26ec5fbc98b35e4202a41de9d6650964f9df3c17"", ""2f0e3d2ed63dc83a4e3a6796d1e94a52d14431be5936849666e4872e9a0e5a73""]","[""3bf666c253c19894dbe27deb07d68ce3bd68efbe46903f1292a3806c56be640b"", ""819b7ab25d3641d3878a4f6e2dea005077f29528535c8a8aec9f727d904ed3c6"", ""79f5841c81f7ac714712f4d3ef1979d7e41748673024dfc15606019cd63d3958"", ""b9e710fd1e21f126e880ef384cb63538083b0cd62695ed14e8a82e9d7ea2de46"", ""0a8ae0080aed861331479e76665c99325ed73c480103a34202fab31735988354""]",0.0,0.0,,,,"Software Engineer, Privacy & Data Governance","Software Engineer, Privacy & Data Governance | Associate General Counsel, Commercial | Helix AI Engineer, Localization and Mapping | Helix AI Engineer, Generative AI | AI Data Operations Manager","Software Engineer, Privacy & Data Governance | Demand Planner | Connector & Interconnect Design Engineer | State Estimation Engineer - Data Collection Systems | Deployment Engineer (Data Collection)","Software Engineer, Privacy & Data Governance | Associate General Counsel, Commercial | Helix AI Engineer, Localization and Mapping | Lead, Data Operations Global Expansion | Demand Planner","Software Engineer, Privacy & Data Governance | State Estimation Engineer - Data Collection Systems | Helix AI Engineer, Generative AI | Helix AI Engineer, Localization and Mapping | Helix AI Engineer, Robot Learning"
official-24-2,"Design and implement dual-tier state estimation algorithms in modern C++: low-latency, real-time filters for streaming teleoperation and batch optimization/smoothing routines for high-accuracy offline dataset generation.","{""819b7ab25d3641d3878a4f6e2dea005077f29528535c8a8aec9f727d904ed3c6"": 3}","[""819b7ab25d3641d3878a4f6e2dea005077f29528535c8a8aec9f727d904ed3c6"", ""b9e710fd1e21f126e880ef384cb63538083b0cd62695ed14e8a82e9d7ea2de46"", ""79f5841c81f7ac714712f4d3ef1979d7e41748673024dfc15606019cd63d3958"", ""c1c05a8ba13a2926c42f725703c98fe23d061fca1b941341c82c68fd09fc1527"", ""02f16aa9d32c2123cc848e69fa4f5a6acc5eaa789f5291dd40f0f63379c39974""]","[""819b7ab25d3641d3878a4f6e2dea005077f29528535c8a8aec9f727d904ed3c6"", ""66a4c6d7e0904dd601e4054abef7eee96e6301da500323e2300ed9648b004074"", ""02f16aa9d32c2123cc848e69fa4f5a6acc5eaa789f5291dd40f0f63379c39974"", ""b9e710fd1e21f126e880ef384cb63538083b0cd62695ed14e8a82e9d7ea2de46"", ""ea07724278be54b49fb0ffb4f22d5faf0b148d07979bb36082323bafa66fc448""]","[""819b7ab25d3641d3878a4f6e2dea005077f29528535c8a8aec9f727d904ed3c6"", ""b9e710fd1e21f126e880ef384cb63538083b0cd62695ed14e8a82e9d7ea2de46"", ""02f16aa9d32c2123cc848e69fa4f5a6acc5eaa789f5291dd40f0f63379c39974"", ""79f5841c81f7ac714712f4d3ef1979d7e41748673024dfc15606019cd63d3958"", ""ea07724278be54b49fb0ffb4f22d5faf0b148d07979bb36082323bafa66fc448""]","[""819b7ab25d3641d3878a4f6e2dea005077f29528535c8a8aec9f727d904ed3c6"", ""b9e710fd1e21f126e880ef384cb63538083b0cd62695ed14e8a82e9d7ea2de46"", ""0a8ae0080aed861331479e76665c99325ed73c480103a34202fab31735988354"", ""3bf666c253c19894dbe27deb07d68ce3bd68efbe46903f1292a3806c56be640b"", ""b703c687faa83dff0253c44ec411d68cccda459db840e29fef3ad4f403e84f08""]",0.0,0.0,,,,State Estimation Engineer - Data Collection Systems,"State Estimation Engineer - Data Collection Systems | Helix AI Engineer, Localization and Mapping | Helix AI Engineer, Generative AI | Helix AI Engineer, Reinforcement Learning | Helix AI Engineer, Video Pretraining","State Estimation Engineer - Data Collection Systems | Helix AI Engineer, Training Performance | Helix AI Engineer, Video Pretraining | Helix AI Engineer, Localization and Mapping | Helix AI Engineer, Pretraining","State Estimation Engineer - Data Collection Systems | Helix AI Engineer, Localization and Mapping | Helix AI Engineer, Video Pretraining | Helix AI Engineer, Generative AI | Helix AI Engineer, Pretraining","State Estimation Engineer - Data Collection Systems | Helix AI Engineer, Localization and Mapping | Helix AI Engineer, Robot Learning | Software Engineer, Privacy & Data Governance | Manufacturing Software Test Engineer"
official-24-3,Evaluate novel sensing modalities to inform future hardware designs.,"{""819b7ab25d3641d3878a4f6e2dea005077f29528535c8a8aec9f727d904ed3c6"": 3}","[""819b7ab25d3641d3878a4f6e2dea005077f29528535c8a8aec9f727d904ed3c6"", ""66a4c6d7e0904dd601e4054abef7eee96e6301da500323e2300ed9648b004074"", ""2f0e3d2ed63dc83a4e3a6796d1e94a52d14431be5936849666e4872e9a0e5a73"", ""75607eba04e4875b1dd4b218186a8a81de822a26baa6964e95582795cf4f282e"", ""0a8ae0080aed861331479e76665c99325ed73c480103a34202fab31735988354""]","[""819b7ab25d3641d3878a4f6e2dea005077f29528535c8a8aec9f727d904ed3c6"", ""0a0fc1829659ebd979c603141aaea41d021b93f09dc893d3d9bbd68efaeefbdc"", ""3cff0238e9827ea8937e6bcbb0a6cc3e2cc5e5ea7ba7597bacb353d3de745bbe"", ""b9e710fd1e21f126e880ef384cb63538083b0cd62695ed14e8a82e9d7ea2de46"", ""66a4c6d7e0904dd601e4054abef7eee96e6301da500323e2300ed9648b004074""]","[""819b7ab25d3641d3878a4f6e2dea005077f29528535c8a8aec9f727d904ed3c6"", ""66a4c6d7e0904dd601e4054abef7eee96e6301da500323e2300ed9648b004074"", ""0a8ae0080aed861331479e76665c99325ed73c480103a34202fab31735988354"", ""186cda7db8c456bcf680e72f263bd4f0e8cda1ceb47984f0502a119b6cf30d67"", ""79f5841c81f7ac714712f4d3ef1979d7e41748673024dfc15606019cd63d3958""]","[""819b7ab25d3641d3878a4f6e2dea005077f29528535c8a8aec9f727d904ed3c6"", ""66a4c6d7e0904dd601e4054abef7eee96e6301da500323e2300ed9648b004074"", ""0a8ae0080aed861331479e76665c99325ed73c480103a34202fab31735988354"", ""372b8d981e9a118724699820ec99464d3cef1b5afecb3504bd5984e0d20cf86e"", ""2f0e3d2ed63dc83a4e3a6796d1e94a52d14431be5936849666e4872e9a0e5a73""]",0.0,0.0,,,,State Estimation Engineer - Data Collection Systems,"State Estimation Engineer - Data Collection Systems | Helix AI Engineer, Training Performance | Demand Planner | Associate General Counsel, Commercial | Helix AI Engineer, Robot Learning","State Estimation Engineer - Data Collection Systems | Helix AI Engineer, Modeling | Helix AI Engineer, Perception | Helix AI Engineer, Localization and Mapping | Helix AI Engineer, Training Performance","State Estimation Engineer - Data Collection Systems | Helix AI Engineer, Training Performance | Helix AI Engineer, Robot Learning | Connector & Interconnect Design Engineer | Helix AI Engineer, Generative AI","State Estimation Engineer - Data Collection Systems | Helix AI Engineer, Training Performance | Helix AI Engineer, Robot Learning | AI Training Infrastructure Engineer – Humanoid Whole Body Control | Demand Planner"
official-24-4,Find roles focused on State Estimation Engineer - Data Collection Systems,"{""819b7ab25d3641d3878a4f6e2dea005077f29528535c8a8aec9f727d904ed3c6"": 3}","[""819b7ab25d3641d3878a4f6e2dea005077f29528535c8a8aec9f727d904ed3c6"", ""b9e710fd1e21f126e880ef384cb63538083b0cd62695ed14e8a82e9d7ea2de46"", ""c157b426dd7167bc1359eecf26ec5fbc98b35e4202a41de9d6650964f9df3c17"", ""75607eba04e4875b1dd4b218186a8a81de822a26baa6964e95582795cf4f282e"", ""23731858c455419d59ce5792533ec8a179c6327cdadbcf49ea15e73c1c081bba""]","[""819b7ab25d3641d3878a4f6e2dea005077f29528535c8a8aec9f727d904ed3c6"", ""e06e31c66b7ffa4e84f45cff09e46a9f58c4828c0a53239e6022a8011e6731c7"", ""b73b922f4af1b2a2e4a3167943581b60aef9cf2340f022877c17699262b879eb"", ""c1c05a8ba13a2926c42f725703c98fe23d061fca1b941341c82c68fd09fc1527"", ""7e180bb84925d86b67a37d44448c9e76ee9559555a0a794046a80088ba50abbe""]","[""819b7ab25d3641d3878a4f6e2dea005077f29528535c8a8aec9f727d904ed3c6"", ""b9e710fd1e21f126e880ef384cb63538083b0cd62695ed14e8a82e9d7ea2de46"", ""b73b922f4af1b2a2e4a3167943581b60aef9cf2340f022877c17699262b879eb"", ""e06e31c66b7ffa4e84f45cff09e46a9f58c4828c0a53239e6022a8011e6731c7"", ""7e180bb84925d86b67a37d44448c9e76ee9559555a0a794046a80088ba50abbe""]","[""819b7ab25d3641d3878a4f6e2dea005077f29528535c8a8aec9f727d904ed3c6"", ""b9e710fd1e21f126e880ef384cb63538083b0cd62695ed14e8a82e9d7ea2de46"", ""e06e31c66b7ffa4e84f45cff09e46a9f58c4828c0a53239e6022a8011e6731c7"", ""a39440f627d72dfbfc52ba5e4663f2857cfc04e4e8a0f1497e74d63990542df0"", ""9658a47149b0ab24fc3f77d0f9fdaafaff266b273215443058230f74271f9549""]",0.0,0.0,,,,State Estimation Engineer - Data Collection Systems,"State Estimation Engineer - Data Collection Systems | Helix AI Engineer, Localization and Mapping | Lead, Data Operations Global Expansion | Associate General Counsel, Commercial | Helix Data Creator","State Estimation Engineer - Data Collection Systems | Deployment Engineer (Data Collection) | Data Strategy Associate | Helix AI Engineer, Reinforcement Learning | Deployment Engineer - Commercial Site Team","State Estimation Engineer - Data Collection Systems | Helix AI Engineer, Localization and Mapping | Data Strategy Associate | Deployment Engineer (Data Collection) | Deployment Engineer - Commercial Site Team","State Estimation Engineer - Data Collection Systems | Helix AI Engineer, Localization and Mapping | Deployment Engineer (Data Collection) | Deployment Logistics Lead | AI Data Operations Manager"
official-24-5,"岗位职责匹配：Design and implement dual-tier state estimation algorithms in modern C++: low-latency, real-time filters for streaming teleoperation and batch optimization/smoothing routines for high-accuracy offline dataset generation.","{""819b7ab25d3641d3878a4f6e2dea005077f29528535c8a8aec9f727d904ed3c6"": 3}","[""819b7ab25d3641d3878a4f6e2dea005077f29528535c8a8aec9f727d904ed3c6"", ""b9e710fd1e21f126e880ef384cb63538083b0cd62695ed14e8a82e9d7ea2de46"", ""79f5841c81f7ac714712f4d3ef1979d7e41748673024dfc15606019cd63d3958"", ""c1c05a8ba13a2926c42f725703c98fe23d061fca1b941341c82c68fd09fc1527"", ""02f16aa9d32c2123cc848e69fa4f5a6acc5eaa789f5291dd40f0f63379c39974""]","[""819b7ab25d3641d3878a4f6e2dea005077f29528535c8a8aec9f727d904ed3c6"", ""b9e710fd1e21f126e880ef384cb63538083b0cd62695ed14e8a82e9d7ea2de46"", ""2f0e3d2ed63dc83a4e3a6796d1e94a52d14431be5936849666e4872e9a0e5a73"", ""5947300e1b20bb57f96311cc34e326bcc1ede855e9541ec6a204856612468417"", ""66a4c6d7e0904dd601e4054abef7eee96e6301da500323e2300ed9648b004074""]","[""819b7ab25d3641d3878a4f6e2dea005077f29528535c8a8aec9f727d904ed3c6"", ""b9e710fd1e21f126e880ef384cb63538083b0cd62695ed14e8a82e9d7ea2de46"", ""c1c05a8ba13a2926c42f725703c98fe23d061fca1b941341c82c68fd09fc1527"", ""79f5841c81f7ac714712f4d3ef1979d7e41748673024dfc15606019cd63d3958"", ""ea07724278be54b49fb0ffb4f22d5faf0b148d07979bb36082323bafa66fc448""]","[""819b7ab25d3641d3878a4f6e2dea005077f29528535c8a8aec9f727d904ed3c6"", ""b9e710fd1e21f126e880ef384cb63538083b0cd62695ed14e8a82e9d7ea2de46"", ""c1c05a8ba13a2926c42f725703c98fe23d061fca1b941341c82c68fd09fc1527"", ""3bf666c253c19894dbe27deb07d68ce3bd68efbe46903f1292a3806c56be640b"", ""b703c687faa83dff0253c44ec411d68cccda459db840e29fef3ad4f403e84f08""]",0.0,0.0,,,,State Estimation Engineer - Data Collection Systems,"State Estimation Engineer - Data Collection Systems | Helix AI Engineer, Localization and Mapping | Helix AI Engineer, Generative AI | Helix AI Engineer, Reinforcement Learning | Helix AI Engineer, Video Pretraining","State Estimation Engineer - Data Collection Systems | Helix AI Engineer, Localization and Mapping | Demand Planner | Project Coordinator, Data Quality | Helix AI Engineer, Training Performance","State Estimation Engineer - Data Collection Systems | Helix AI Engineer, Localization and Mapping | Helix AI Engineer, Reinforcement Learning | Helix AI Engineer, Generative AI | Helix AI Engineer, Pretraining","State Estimation Engineer - Data Collection Systems | Helix AI Engineer, Localization and Mapping | Helix AI Engineer, Reinforcement Learning | Software Engineer, Privacy & Data Governance | Manufacturing Software Test Engineer"
official-25-1,"Associate General Counsel, Commercial","{""75607eba04e4875b1dd4b218186a8a81de822a26baa6964e95582795cf4f282e"": 3}","[""75607eba04e4875b1dd4b218186a8a81de822a26baa6964e95582795cf4f282e"", ""b73b922f4af1b2a2e4a3167943581b60aef9cf2340f022877c17699262b879eb"", ""2f0e3d2ed63dc83a4e3a6796d1e94a52d14431be5936849666e4872e9a0e5a73"", ""7e180bb84925d86b67a37d44448c9e76ee9559555a0a794046a80088ba50abbe"", ""a39440f627d72dfbfc52ba5e4663f2857cfc04e4e8a0f1497e74d63990542df0""]","[""75607eba04e4875b1dd4b218186a8a81de822a26baa6964e95582795cf4f282e"", ""b73b922f4af1b2a2e4a3167943581b60aef9cf2340f022877c17699262b879eb"", ""7e180bb84925d86b67a37d44448c9e76ee9559555a0a794046a80088ba50abbe"", ""0510f179c62b00682e302dc68cd73707b475417d78001a1955e46bb5361b8242"", ""c157b426dd7167bc1359eecf26ec5fbc98b35e4202a41de9d6650964f9df3c17""]","[""75607eba04e4875b1dd4b218186a8a81de822a26baa6964e95582795cf4f282e"", ""b73b922f4af1b2a2e4a3167943581b60aef9cf2340f022877c17699262b879eb"", ""7e180bb84925d86b67a37d44448c9e76ee9559555a0a794046a80088ba50abbe"", ""0510f179c62b00682e302dc68cd73707b475417d78001a1955e46bb5361b8242"", ""a39440f627d72dfbfc52ba5e4663f2857cfc04e4e8a0f1497e74d63990542df0""]","[""75607eba04e4875b1dd4b218186a8a81de822a26baa6964e95582795cf4f282e"", ""a39440f627d72dfbfc52ba5e4663f2857cfc04e4e8a0f1497e74d63990542df0"", ""2f0e3d2ed63dc83a4e3a6796d1e94a52d14431be5936849666e4872e9a0e5a73"", ""b77e6b3d7caede0bfbcf4d62df9841a707956651099051cf4de62dd3a2a3599e"", ""3cff0238e9827ea8937e6bcbb0a6cc3e2cc5e5ea7ba7597bacb353d3de745bbe""]",0.0,0.0,,,,"Associate General Counsel, Commercial","Associate General Counsel, Commercial | Data Strategy Associate | Demand Planner | Deployment Engineer - Commercial Site Team | Deployment Logistics Lead","Associate General Counsel, Commercial | Data Strategy Associate | Deployment Engineer - Commercial Site Team | Deployment Engineer - Commercial Site Team | Lead, Data Operations Global Expansion","Associate General Counsel, Commercial | Data Strategy Associate | Deployment Engineer - Commercial Site Team | Deployment Engineer - Commercial Site Team | Deployment Logistics Lead","Associate General Counsel, Commercial | Deployment Logistics Lead | Demand Planner | Humanoid Robot Operator & Data Creator — Fontana, CA (Customer Site) | Helix AI Engineer, Perception"
official-25-2,"GPU & AI Infrastructure: Lead high-stakes negotiations and procurement agreements for global data center capacity, GPU compute, and complex technology licenses.","{""75607eba04e4875b1dd4b218186a8a81de822a26baa6964e95582795cf4f282e"": 3}","[""75607eba04e4875b1dd4b218186a8a81de822a26baa6964e95582795cf4f282e"", ""66a4c6d7e0904dd601e4054abef7eee96e6301da500323e2300ed9648b004074"", ""0a59a8a5defd9d4d8667a85f36f511c6a9d787070af1f561d8de7060399ebb0c"", ""b9e710fd1e21f126e880ef384cb63538083b0cd62695ed14e8a82e9d7ea2de46"", ""02f16aa9d32c2123cc848e69fa4f5a6acc5eaa789f5291dd40f0f63379c39974""]","[""75607eba04e4875b1dd4b218186a8a81de822a26baa6964e95582795cf4f282e"", ""0a59a8a5defd9d4d8667a85f36f511c6a9d787070af1f561d8de7060399ebb0c"", ""2f0e3d2ed63dc83a4e3a6796d1e94a52d14431be5936849666e4872e9a0e5a73"", ""372b8d981e9a118724699820ec99464d3cef1b5afecb3504bd5984e0d20cf86e"", ""66a4c6d7e0904dd601e4054abef7eee96e6301da500323e2300ed9648b004074""]","[""75607eba04e4875b1dd4b218186a8a81de822a26baa6964e95582795cf4f282e"", ""0a59a8a5defd9d4d8667a85f36f511c6a9d787070af1f561d8de7060399ebb0c"", ""66a4c6d7e0904dd601e4054abef7eee96e6301da500323e2300ed9648b004074"", ""2f0e3d2ed63dc83a4e3a6796d1e94a52d14431be5936849666e4872e9a0e5a73"", ""372b8d981e9a118724699820ec99464d3cef1b5afecb3504bd5984e0d20cf86e""]","[""75607eba04e4875b1dd4b218186a8a81de822a26baa6964e95582795cf4f282e"", ""0a59a8a5defd9d4d8667a85f36f511c6a9d787070af1f561d8de7060399ebb0c"", ""372b8d981e9a118724699820ec99464d3cef1b5afecb3504bd5984e0d20cf86e"", ""66a4c6d7e0904dd601e4054abef7eee96e6301da500323e2300ed9648b004074"", ""a348c6f5c005df2d721f2c06b4c51aa3c9caafade8e604315110fc5b4ed822b5""]",0.0,0.0,,,,"Associate General Counsel, Commercial","Associate General Counsel, Commercial | Helix AI Engineer, Training Performance | Helix AI Engineer, Data Infrastructure | Helix AI Engineer, Localization and Mapping | Helix AI Engineer, Video Pretraining","Associate General Counsel, Commercial | Helix AI Engineer, Data Infrastructure | Demand Planner | AI Training Infrastructure Engineer – Humanoid Whole Body Control | Helix AI Engineer, Training Performance","Associate General Counsel, Commercial | Helix AI Engineer, Data Infrastructure | Helix AI Engineer, Training Performance | Demand Planner | AI Training Infrastructure Engineer – Humanoid Whole Body Control","Associate General Counsel, Commercial | Helix AI Engineer, Data Infrastructure | AI Training Infrastructure Engineer – Humanoid Whole Body Control | Helix AI Engineer, Training Performance | Software Engineer, Manufacturing Systems"
official-25-3,Experience: 4-7+ years of relevant legal experience at a top-ranked law firm. A combination of law firm and in-house experience at a high-growth startup or tech leader is preferred.,"{""75607eba04e4875b1dd4b218186a8a81de822a26baa6964e95582795cf4f282e"": 3}","[""75607eba04e4875b1dd4b218186a8a81de822a26baa6964e95582795cf4f282e"", ""2f0e3d2ed63dc83a4e3a6796d1e94a52d14431be5936849666e4872e9a0e5a73"", ""9658a47149b0ab24fc3f77d0f9fdaafaff266b273215443058230f74271f9549"", ""a348c6f5c005df2d721f2c06b4c51aa3c9caafade8e604315110fc5b4ed822b5"", ""1f9f2467de3e4708c9577641bda5d53235417f44365da66ec663e0915b9106e5""]","[""75607eba04e4875b1dd4b218186a8a81de822a26baa6964e95582795cf4f282e"", ""a39440f627d72dfbfc52ba5e4663f2857cfc04e4e8a0f1497e74d63990542df0"", ""c1c05a8ba13a2926c42f725703c98fe23d061fca1b941341c82c68fd09fc1527"", ""e06e31c66b7ffa4e84f45cff09e46a9f58c4828c0a53239e6022a8011e6731c7"", ""372b8d981e9a118724699820ec99464d3cef1b5afecb3504bd5984e0d20cf86e""]","[""75607eba04e4875b1dd4b218186a8a81de822a26baa6964e95582795cf4f282e"", ""3bf666c253c19894dbe27deb07d68ce3bd68efbe46903f1292a3806c56be640b"", ""819b7ab25d3641d3878a4f6e2dea005077f29528535c8a8aec9f727d904ed3c6"", ""a348c6f5c005df2d721f2c06b4c51aa3c9caafade8e604315110fc5b4ed822b5"", ""e06e31c66b7ffa4e84f45cff09e46a9f58c4828c0a53239e6022a8011e6731c7""]","[""75607eba04e4875b1dd4b218186a8a81de822a26baa6964e95582795cf4f282e"", ""9658a47149b0ab24fc3f77d0f9fdaafaff266b273215443058230f74271f9549"", ""2f0e3d2ed63dc83a4e3a6796d1e94a52d14431be5936849666e4872e9a0e5a73"", ""e06e31c66b7ffa4e84f45cff09e46a9f58c4828c0a53239e6022a8011e6731c7"", ""3bf666c253c19894dbe27deb07d68ce3bd68efbe46903f1292a3806c56be640b""]",0.0,0.0,,,,"Associate General Counsel, Commercial","Associate General Counsel, Commercial | Demand Planner | AI Data Operations Manager | Software Engineer, Manufacturing Systems | Helix Data Creator","Associate General Counsel, Commercial | Deployment Logistics Lead | Helix AI Engineer, Reinforcement Learning | Deployment Engineer (Data Collection) | AI Training Infrastructure Engineer – Humanoid Whole Body Control","Associate General Counsel, Commercial | Software Engineer, Privacy & Data Governance | State Estimation Engineer - Data Collection Systems | Software Engineer, Manufacturing Systems | Deployment Engineer (Data Collection)","Associate General Counsel, Commercial | AI Data Operations Manager | Demand Planner | Deployment Engineer (Data Collection) | Software Engineer, Privacy & Data Governance"
official-25-4,"Find roles focused on Associate General Counsel, Commercial","{""75607eba04e4875b1dd4b218186a8a81de822a26baa6964e95582795cf4f282e"": 3}","[""75607eba04e4875b1dd4b218186a8a81de822a26baa6964e95582795cf4f282e"", ""b73b922f4af1b2a2e4a3167943581b60aef9cf2340f022877c17699262b879eb"", ""0a59a8a5defd9d4d8667a85f36f511c6a9d787070af1f561d8de7060399ebb0c"", ""b77e6b3d7caede0bfbcf4d62df9841a707956651099051cf4de62dd3a2a3599e"", ""23731858c455419d59ce5792533ec8a179c6327cdadbcf49ea15e73c1c081bba""]","[""75607eba04e4875b1dd4b218186a8a81de822a26baa6964e95582795cf4f282e"", ""b73b922f4af1b2a2e4a3167943581b60aef9cf2340f022877c17699262b879eb"", ""7e180bb84925d86b67a37d44448c9e76ee9559555a0a794046a80088ba50abbe"", ""c157b426dd7167bc1359eecf26ec5fbc98b35e4202a41de9d6650964f9df3c17"", ""186cda7db8c456bcf680e72f263bd4f0e8cda1ceb47984f0502a119b6cf30d67""]","[""75607eba04e4875b1dd4b218186a8a81de822a26baa6964e95582795cf4f282e"", ""b73b922f4af1b2a2e4a3167943581b60aef9cf2340f022877c17699262b879eb"", ""7e180bb84925d86b67a37d44448c9e76ee9559555a0a794046a80088ba50abbe"", ""0510f179c62b00682e302dc68cd73707b475417d78001a1955e46bb5361b8242"", ""c157b426dd7167bc1359eecf26ec5fbc98b35e4202a41de9d6650964f9df3c17""]","[""75607eba04e4875b1dd4b218186a8a81de822a26baa6964e95582795cf4f282e"", ""b77e6b3d7caede0bfbcf4d62df9841a707956651099051cf4de62dd3a2a3599e"", ""2f0e3d2ed63dc83a4e3a6796d1e94a52d14431be5936849666e4872e9a0e5a73"", ""a39440f627d72dfbfc52ba5e4663f2857cfc04e4e8a0f1497e74d63990542df0"", ""23731858c455419d59ce5792533ec8a179c6327cdadbcf49ea15e73c1c081bba""]",0.0,0.0,,,,"Associate General Counsel, Commercial","Associate General Counsel, Commercial | Data Strategy Associate | Helix AI Engineer, Data Infrastructure | Humanoid Robot Operator & Data Creator — Fontana, CA (Customer Site) | Helix Data Creator","Associate General Counsel, Commercial | Data Strategy Associate | Deployment Engineer - Commercial Site Team | Lead, Data Operations Global Expansion | Connector & Interconnect Design Engineer","Associate General Counsel, Commercial | Data Strategy Associate | Deployment Engineer - Commercial Site Team | Deployment Engineer - Commercial Site Team | Lead, Data Operations Global Expansion","Associate General Counsel, Commercial | Humanoid Robot Operator & Data Creator — Fontana, CA (Customer Site) | Demand Planner | Deployment Logistics Lead | Helix Data Creator"
official-25-5,"岗位职责匹配：GPU & AI Infrastructure: Lead high-stakes negotiations and procurement agreements for global data center capacity, GPU compute, and complex technology licenses.","{""75607eba04e4875b1dd4b218186a8a81de822a26baa6964e95582795cf4f282e"": 3}","[""75607eba04e4875b1dd4b218186a8a81de822a26baa6964e95582795cf4f282e"", ""66a4c6d7e0904dd601e4054abef7eee96e6301da500323e2300ed9648b004074"", ""0a59a8a5defd9d4d8667a85f36f511c6a9d787070af1f561d8de7060399ebb0c"", ""b9e710fd1e21f126e880ef384cb63538083b0cd62695ed14e8a82e9d7ea2de46"", ""02f16aa9d32c2123cc848e69fa4f5a6acc5eaa789f5291dd40f0f63379c39974""]","[""75607eba04e4875b1dd4b218186a8a81de822a26baa6964e95582795cf4f282e"", ""0a59a8a5defd9d4d8667a85f36f511c6a9d787070af1f561d8de7060399ebb0c"", ""372b8d981e9a118724699820ec99464d3cef1b5afecb3504bd5984e0d20cf86e"", ""2f0e3d2ed63dc83a4e3a6796d1e94a52d14431be5936849666e4872e9a0e5a73"", ""186cda7db8c456bcf680e72f263bd4f0e8cda1ceb47984f0502a119b6cf30d67""]","[""75607eba04e4875b1dd4b218186a8a81de822a26baa6964e95582795cf4f282e"", ""0a59a8a5defd9d4d8667a85f36f511c6a9d787070af1f561d8de7060399ebb0c"", ""66a4c6d7e0904dd601e4054abef7eee96e6301da500323e2300ed9648b004074"", ""2f0e3d2ed63dc83a4e3a6796d1e94a52d14431be5936849666e4872e9a0e5a73"", ""372b8d981e9a118724699820ec99464d3cef1b5afecb3504bd5984e0d20cf86e""]","[""75607eba04e4875b1dd4b218186a8a81de822a26baa6964e95582795cf4f282e"", ""0a59a8a5defd9d4d8667a85f36f511c6a9d787070af1f561d8de7060399ebb0c"", ""66a4c6d7e0904dd601e4054abef7eee96e6301da500323e2300ed9648b004074"", ""a39440f627d72dfbfc52ba5e4663f2857cfc04e4e8a0f1497e74d63990542df0"", ""372b8d981e9a118724699820ec99464d3cef1b5afecb3504bd5984e0d20cf86e""]",0.0,0.0,,,,"Associate General Counsel, Commercial","Associate General Counsel, Commercial | Helix AI Engineer, Training Performance | Helix AI Engineer, Data Infrastructure | Helix AI Engineer, Localization and Mapping | Helix AI Engineer, Video Pretraining","Associate General Counsel, Commercial | Helix AI Engineer, Data Infrastructure | AI Training Infrastructure Engineer – Humanoid Whole Body Control | Demand Planner | Connector & Interconnect Design Engineer","Associate General Counsel, Commercial | Helix AI Engineer, Data Infrastructure | Helix AI Engineer, Training Performance | Demand Planner | AI Training Infrastructure Engineer – Humanoid Whole Body Control","Associate General Counsel, Commercial | Helix AI Engineer, Data Infrastructure | Helix AI Engineer, Training Performance | Deployment Logistics Lead | AI Training Infrastructure Engineer – Humanoid Whole Body Control"
official-26-1,Connector & Interconnect Design Engineer,"{""186cda7db8c456bcf680e72f263bd4f0e8cda1ceb47984f0502a119b6cf30d67"": 3}","[""186cda7db8c456bcf680e72f263bd4f0e8cda1ceb47984f0502a119b6cf30d67"", ""ea07724278be54b49fb0ffb4f22d5faf0b148d07979bb36082323bafa66fc448"", ""0a0fc1829659ebd979c603141aaea41d021b93f09dc893d3d9bbd68efaeefbdc"", ""3bf666c253c19894dbe27deb07d68ce3bd68efbe46903f1292a3806c56be640b"", ""0a8ae0080aed861331479e76665c99325ed73c480103a34202fab31735988354""]","[""186cda7db8c456bcf680e72f263bd4f0e8cda1ceb47984f0502a119b6cf30d67"", ""7e180bb84925d86b67a37d44448c9e76ee9559555a0a794046a80088ba50abbe"", ""819b7ab25d3641d3878a4f6e2dea005077f29528535c8a8aec9f727d904ed3c6"", ""e06e31c66b7ffa4e84f45cff09e46a9f58c4828c0a53239e6022a8011e6731c7"", ""372b8d981e9a118724699820ec99464d3cef1b5afecb3504bd5984e0d20cf86e""]","[""186cda7db8c456bcf680e72f263bd4f0e8cda1ceb47984f0502a119b6cf30d67"", ""819b7ab25d3641d3878a4f6e2dea005077f29528535c8a8aec9f727d904ed3c6"", ""0a0fc1829659ebd979c603141aaea41d021b93f09dc893d3d9bbd68efaeefbdc"", ""7e180bb84925d86b67a37d44448c9e76ee9559555a0a794046a80088ba50abbe"", ""3bf666c253c19894dbe27deb07d68ce3bd68efbe46903f1292a3806c56be640b""]","[""186cda7db8c456bcf680e72f263bd4f0e8cda1ceb47984f0502a119b6cf30d67"", ""b9e710fd1e21f126e880ef384cb63538083b0cd62695ed14e8a82e9d7ea2de46"", ""a348c6f5c005df2d721f2c06b4c51aa3c9caafade8e604315110fc5b4ed822b5"", ""819b7ab25d3641d3878a4f6e2dea005077f29528535c8a8aec9f727d904ed3c6"", ""372b8d981e9a118724699820ec99464d3cef1b5afecb3504bd5984e0d20cf86e""]",0.0,0.0,,,,Connector & Interconnect Design Engineer,"Connector & Interconnect Design Engineer | Helix AI Engineer, Pretraining | Helix AI Engineer, Modeling | Software Engineer, Privacy & Data Governance | Helix AI Engineer, Robot Learning",Connector & Interconnect Design Engineer | Deployment Engineer - Commercial Site Team | State Estimation Engineer - Data Collection Systems | Deployment Engineer (Data Collection) | AI Training Infrastructure Engineer – Humanoid Whole Body Control,"Connector & Interconnect Design Engineer | State Estimation Engineer - Data Collection Systems | Helix AI Engineer, Modeling | Deployment Engineer - Commercial Site Team | Software Engineer, Privacy & Data Governance","Connector & Interconnect Design Engineer | Helix AI Engineer, Localization and Mapping | Software Engineer, Manufacturing Systems | State Estimation Engineer - Data Collection Systems | AI Training Infrastructure Engineer – Humanoid Whole Body Control"
official-26-2,"Own 3D CAD modeling and 2D detailed drawings for custom connectors, overmolds, and electromechanical interfaces","{""186cda7db8c456bcf680e72f263bd4f0e8cda1ceb47984f0502a119b6cf30d67"": 3}","[""186cda7db8c456bcf680e72f263bd4f0e8cda1ceb47984f0502a119b6cf30d67"", ""79f5841c81f7ac714712f4d3ef1979d7e41748673024dfc15606019cd63d3958"", ""66a4c6d7e0904dd601e4054abef7eee96e6301da500323e2300ed9648b004074"", ""2f0e3d2ed63dc83a4e3a6796d1e94a52d14431be5936849666e4872e9a0e5a73"", ""3cff0238e9827ea8937e6bcbb0a6cc3e2cc5e5ea7ba7597bacb353d3de745bbe""]","[""186cda7db8c456bcf680e72f263bd4f0e8cda1ceb47984f0502a119b6cf30d67"", ""819b7ab25d3641d3878a4f6e2dea005077f29528535c8a8aec9f727d904ed3c6"", ""372b8d981e9a118724699820ec99464d3cef1b5afecb3504bd5984e0d20cf86e"", ""3cff0238e9827ea8937e6bcbb0a6cc3e2cc5e5ea7ba7597bacb353d3de745bbe"", ""0a0fc1829659ebd979c603141aaea41d021b93f09dc893d3d9bbd68efaeefbdc""]","[""186cda7db8c456bcf680e72f263bd4f0e8cda1ceb47984f0502a119b6cf30d67"", ""3cff0238e9827ea8937e6bcbb0a6cc3e2cc5e5ea7ba7597bacb353d3de745bbe"", ""79f5841c81f7ac714712f4d3ef1979d7e41748673024dfc15606019cd63d3958"", ""819b7ab25d3641d3878a4f6e2dea005077f29528535c8a8aec9f727d904ed3c6"", ""372b8d981e9a118724699820ec99464d3cef1b5afecb3504bd5984e0d20cf86e""]","[""186cda7db8c456bcf680e72f263bd4f0e8cda1ceb47984f0502a119b6cf30d67"", ""e06e31c66b7ffa4e84f45cff09e46a9f58c4828c0a53239e6022a8011e6731c7"", ""372b8d981e9a118724699820ec99464d3cef1b5afecb3504bd5984e0d20cf86e"", ""3cff0238e9827ea8937e6bcbb0a6cc3e2cc5e5ea7ba7597bacb353d3de745bbe"", ""9658a47149b0ab24fc3f77d0f9fdaafaff266b273215443058230f74271f9549""]",0.0,0.0,,,,Connector & Interconnect Design Engineer,"Connector & Interconnect Design Engineer | Helix AI Engineer, Generative AI | Helix AI Engineer, Training Performance | Demand Planner | Helix AI Engineer, Perception","Connector & Interconnect Design Engineer | State Estimation Engineer - Data Collection Systems | AI Training Infrastructure Engineer – Humanoid Whole Body Control | Helix AI Engineer, Perception | Helix AI Engineer, Modeling","Connector & Interconnect Design Engineer | Helix AI Engineer, Perception | Helix AI Engineer, Generative AI | State Estimation Engineer - Data Collection Systems | AI Training Infrastructure Engineer – Humanoid Whole Body Control","Connector & Interconnect Design Engineer | Deployment Engineer (Data Collection) | AI Training Infrastructure Engineer – Humanoid Whole Body Control | Helix AI Engineer, Perception | AI Data Operations Manager"
official-26-3,"Develop and execute validation test plans: mating cycles, pull-out force, vibration, thermal cycling, and environmental exposure","{""186cda7db8c456bcf680e72f263bd4f0e8cda1ceb47984f0502a119b6cf30d67"": 3}","[""186cda7db8c456bcf680e72f263bd4f0e8cda1ceb47984f0502a119b6cf30d67"", ""2f0e3d2ed63dc83a4e3a6796d1e94a52d14431be5936849666e4872e9a0e5a73"", ""7e180bb84925d86b67a37d44448c9e76ee9559555a0a794046a80088ba50abbe"", ""0510f179c62b00682e302dc68cd73707b475417d78001a1955e46bb5361b8242"", ""b703c687faa83dff0253c44ec411d68cccda459db840e29fef3ad4f403e84f08""]","[""c1c05a8ba13a2926c42f725703c98fe23d061fca1b941341c82c68fd09fc1527"", ""b9e710fd1e21f126e880ef384cb63538083b0cd62695ed14e8a82e9d7ea2de46"", ""372b8d981e9a118724699820ec99464d3cef1b5afecb3504bd5984e0d20cf86e"", ""819b7ab25d3641d3878a4f6e2dea005077f29528535c8a8aec9f727d904ed3c6"", ""5947300e1b20bb57f96311cc34e326bcc1ede855e9541ec6a204856612468417""]","[""186cda7db8c456bcf680e72f263bd4f0e8cda1ceb47984f0502a119b6cf30d67"", ""819b7ab25d3641d3878a4f6e2dea005077f29528535c8a8aec9f727d904ed3c6"", ""5947300e1b20bb57f96311cc34e326bcc1ede855e9541ec6a204856612468417"", ""372b8d981e9a118724699820ec99464d3cef1b5afecb3504bd5984e0d20cf86e"", ""b703c687faa83dff0253c44ec411d68cccda459db840e29fef3ad4f403e84f08""]","[""186cda7db8c456bcf680e72f263bd4f0e8cda1ceb47984f0502a119b6cf30d67"", ""7e180bb84925d86b67a37d44448c9e76ee9559555a0a794046a80088ba50abbe"", ""372b8d981e9a118724699820ec99464d3cef1b5afecb3504bd5984e0d20cf86e"", ""0510f179c62b00682e302dc68cd73707b475417d78001a1955e46bb5361b8242"", ""b703c687faa83dff0253c44ec411d68cccda459db840e29fef3ad4f403e84f08""]",0.0,0.0,,,,Connector & Interconnect Design Engineer,Connector & Interconnect Design Engineer | Demand Planner | Deployment Engineer - Commercial Site Team | Deployment Engineer - Commercial Site Team | Manufacturing Software Test Engineer,"Helix AI Engineer, Reinforcement Learning | Helix AI Engineer, Localization and Mapping | AI Training Infrastructure Engineer – Humanoid Whole Body Control | State Estimation Engineer - Data Collection Systems | Project Coordinator, Data Quality","Connector & Interconnect Design Engineer | State Estimation Engineer - Data Collection Systems | Project Coordinator, Data Quality | AI Training Infrastructure Engineer – Humanoid Whole Body Control | Manufacturing Software Test Engineer",Connector & Interconnect Design Engineer | Deployment Engineer - Commercial Site Team | AI Training Infrastructure Engineer – Humanoid Whole Body Control | Deployment Engineer - Commercial Site Team | Manufacturing Software Test Engineer
official-26-4,Find roles focused on Connector & Interconnect Design Engineer,"{""186cda7db8c456bcf680e72f263bd4f0e8cda1ceb47984f0502a119b6cf30d67"": 3}","[""186cda7db8c456bcf680e72f263bd4f0e8cda1ceb47984f0502a119b6cf30d67"", ""0a59a8a5defd9d4d8667a85f36f511c6a9d787070af1f561d8de7060399ebb0c"", ""7e180bb84925d86b67a37d44448c9e76ee9559555a0a794046a80088ba50abbe"", ""0510f179c62b00682e302dc68cd73707b475417d78001a1955e46bb5361b8242"", ""66a4c6d7e0904dd601e4054abef7eee96e6301da500323e2300ed9648b004074""]","[""186cda7db8c456bcf680e72f263bd4f0e8cda1ceb47984f0502a119b6cf30d67"", ""0a0fc1829659ebd979c603141aaea41d021b93f09dc893d3d9bbd68efaeefbdc"", ""372b8d981e9a118724699820ec99464d3cef1b5afecb3504bd5984e0d20cf86e"", ""819b7ab25d3641d3878a4f6e2dea005077f29528535c8a8aec9f727d904ed3c6"", ""b9e710fd1e21f126e880ef384cb63538083b0cd62695ed14e8a82e9d7ea2de46""]","[""186cda7db8c456bcf680e72f263bd4f0e8cda1ceb47984f0502a119b6cf30d67"", ""7e180bb84925d86b67a37d44448c9e76ee9559555a0a794046a80088ba50abbe"", ""0a0fc1829659ebd979c603141aaea41d021b93f09dc893d3d9bbd68efaeefbdc"", ""0a59a8a5defd9d4d8667a85f36f511c6a9d787070af1f561d8de7060399ebb0c"", ""66a4c6d7e0904dd601e4054abef7eee96e6301da500323e2300ed9648b004074""]","[""186cda7db8c456bcf680e72f263bd4f0e8cda1ceb47984f0502a119b6cf30d67"", ""b9e710fd1e21f126e880ef384cb63538083b0cd62695ed14e8a82e9d7ea2de46"", ""0510f179c62b00682e302dc68cd73707b475417d78001a1955e46bb5361b8242"", ""7e180bb84925d86b67a37d44448c9e76ee9559555a0a794046a80088ba50abbe"", ""5947300e1b20bb57f96311cc34e326bcc1ede855e9541ec6a204856612468417""]",0.0,0.0,,,,Connector & Interconnect Design Engineer,"Connector & Interconnect Design Engineer | Helix AI Engineer, Data Infrastructure | Deployment Engineer - Commercial Site Team | Deployment Engineer - Commercial Site Team | Helix AI Engineer, Training Performance","Connector & Interconnect Design Engineer | Helix AI Engineer, Modeling | AI Training Infrastructure Engineer – Humanoid Whole Body Control | State Estimation Engineer - Data Collection Systems | Helix AI Engineer, Localization and Mapping","Connector & Interconnect Design Engineer | Deployment Engineer - Commercial Site Team | Helix AI Engineer, Modeling | Helix AI Engineer, Data Infrastructure | Helix AI Engineer, Training Performance","Connector & Interconnect Design Engineer | Helix AI Engineer, Localization and Mapping | Deployment Engineer - Commercial Site Team | Deployment Engineer - Commercial Site Team | Project Coordinator, Data Quality"
official-26-5,"岗位职责匹配：Own 3D CAD modeling and 2D detailed drawings for custom connectors, overmolds, and electromechanical interfaces","{""186cda7db8c456bcf680e72f263bd4f0e8cda1ceb47984f0502a119b6cf30d67"": 3}","[""186cda7db8c456bcf680e72f263bd4f0e8cda1ceb47984f0502a119b6cf30d67"", ""79f5841c81f7ac714712f4d3ef1979d7e41748673024dfc15606019cd63d3958"", ""66a4c6d7e0904dd601e4054abef7eee96e6301da500323e2300ed9648b004074"", ""2f0e3d2ed63dc83a4e3a6796d1e94a52d14431be5936849666e4872e9a0e5a73"", ""3cff0238e9827ea8937e6bcbb0a6cc3e2cc5e5ea7ba7597bacb353d3de745bbe""]","[""186cda7db8c456bcf680e72f263bd4f0e8cda1ceb47984f0502a119b6cf30d67"", ""372b8d981e9a118724699820ec99464d3cef1b5afecb3504bd5984e0d20cf86e"", ""819b7ab25d3641d3878a4f6e2dea005077f29528535c8a8aec9f727d904ed3c6"", ""b9e710fd1e21f126e880ef384cb63538083b0cd62695ed14e8a82e9d7ea2de46"", ""e06e31c66b7ffa4e84f45cff09e46a9f58c4828c0a53239e6022a8011e6731c7""]","[""186cda7db8c456bcf680e72f263bd4f0e8cda1ceb47984f0502a119b6cf30d67"", ""372b8d981e9a118724699820ec99464d3cef1b5afecb3504bd5984e0d20cf86e"", ""819b7ab25d3641d3878a4f6e2dea005077f29528535c8a8aec9f727d904ed3c6"", ""2f0e3d2ed63dc83a4e3a6796d1e94a52d14431be5936849666e4872e9a0e5a73"", ""3cff0238e9827ea8937e6bcbb0a6cc3e2cc5e5ea7ba7597bacb353d3de745bbe""]","[""186cda7db8c456bcf680e72f263bd4f0e8cda1ceb47984f0502a119b6cf30d67"", ""372b8d981e9a118724699820ec99464d3cef1b5afecb3504bd5984e0d20cf86e"", ""e06e31c66b7ffa4e84f45cff09e46a9f58c4828c0a53239e6022a8011e6731c7"", ""b77e6b3d7caede0bfbcf4d62df9841a707956651099051cf4de62dd3a2a3599e"", ""23731858c455419d59ce5792533ec8a179c6327cdadbcf49ea15e73c1c081bba""]",0.0,0.0,,,,Connector & Interconnect Design Engineer,"Connector & Interconnect Design Engineer | Helix AI Engineer, Generative AI | Helix AI Engineer, Training Performance | Demand Planner | Helix AI Engineer, Perception","Connector & Interconnect Design Engineer | AI Training Infrastructure Engineer – Humanoid Whole Body Control | State Estimation Engineer - Data Collection Systems | Helix AI Engineer, Localization and Mapping | Deployment Engineer (Data Collection)","Connector & Interconnect Design Engineer | AI Training Infrastructure Engineer – Humanoid Whole Body Control | State Estimation Engineer - Data Collection Systems | Demand Planner | Helix AI Engineer, Perception","Connector & Interconnect Design Engineer | AI Training Infrastructure Engineer – Humanoid Whole Body Control | Deployment Engineer (Data Collection) | Humanoid Robot Operator & Data Creator — Fontana, CA (Customer Site) | Helix Data Creator"
official-27-1,Demand Planner,"{""2f0e3d2ed63dc83a4e3a6796d1e94a52d14431be5936849666e4872e9a0e5a73"": 3}","[""2f0e3d2ed63dc83a4e3a6796d1e94a52d14431be5936849666e4872e9a0e5a73""]","[""2f0e3d2ed63dc83a4e3a6796d1e94a52d14431be5936849666e4872e9a0e5a73"", ""b73b922f4af1b2a2e4a3167943581b60aef9cf2340f022877c17699262b879eb"", ""66a4c6d7e0904dd601e4054abef7eee96e6301da500323e2300ed9648b004074"", ""b9e710fd1e21f126e880ef384cb63538083b0cd62695ed14e8a82e9d7ea2de46"", ""819b7ab25d3641d3878a4f6e2dea005077f29528535c8a8aec9f727d904ed3c6""]","[""2f0e3d2ed63dc83a4e3a6796d1e94a52d14431be5936849666e4872e9a0e5a73"", ""b73b922f4af1b2a2e4a3167943581b60aef9cf2340f022877c17699262b879eb"", ""66a4c6d7e0904dd601e4054abef7eee96e6301da500323e2300ed9648b004074"", ""b9e710fd1e21f126e880ef384cb63538083b0cd62695ed14e8a82e9d7ea2de46"", ""819b7ab25d3641d3878a4f6e2dea005077f29528535c8a8aec9f727d904ed3c6""]","[""2f0e3d2ed63dc83a4e3a6796d1e94a52d14431be5936849666e4872e9a0e5a73"", ""3cff0238e9827ea8937e6bcbb0a6cc3e2cc5e5ea7ba7597bacb353d3de745bbe"", ""b73b922f4af1b2a2e4a3167943581b60aef9cf2340f022877c17699262b879eb"", ""186cda7db8c456bcf680e72f263bd4f0e8cda1ceb47984f0502a119b6cf30d67"", ""b9e710fd1e21f126e880ef384cb63538083b0cd62695ed14e8a82e9d7ea2de46""]",0.0,0.0,,,,Demand Planner,Demand Planner,"Demand Planner | Data Strategy Associate | Helix AI Engineer, Training Performance | Helix AI Engineer, Localization and Mapping | State Estimation Engineer - Data Collection Systems","Demand Planner | Data Strategy Associate | Helix AI Engineer, Training Performance | Helix AI Engineer, Localization and Mapping | State Estimation Engineer - Data Collection Systems","Demand Planner | Helix AI Engineer, Perception | Data Strategy Associate | Connector & Interconnect Design Engineer | Helix AI Engineer, Localization and Mapping"
official-27-2,Aggregate Demand Forecasting & Modeling,"{""2f0e3d2ed63dc83a4e3a6796d1e94a52d14431be5936849666e4872e9a0e5a73"": 3}","[""2f0e3d2ed63dc83a4e3a6796d1e94a52d14431be5936849666e4872e9a0e5a73"", ""0a0fc1829659ebd979c603141aaea41d021b93f09dc893d3d9bbd68efaeefbdc"", ""79f5841c81f7ac714712f4d3ef1979d7e41748673024dfc15606019cd63d3958"", ""c1c05a8ba13a2926c42f725703c98fe23d061fca1b941341c82c68fd09fc1527"", ""02f16aa9d32c2123cc848e69fa4f5a6acc5eaa789f5291dd40f0f63379c39974""]","[""2f0e3d2ed63dc83a4e3a6796d1e94a52d14431be5936849666e4872e9a0e5a73"", ""b73b922f4af1b2a2e4a3167943581b60aef9cf2340f022877c17699262b879eb"", ""819b7ab25d3641d3878a4f6e2dea005077f29528535c8a8aec9f727d904ed3c6"", ""79f5841c81f7ac714712f4d3ef1979d7e41748673024dfc15606019cd63d3958"", ""b9e710fd1e21f126e880ef384cb63538083b0cd62695ed14e8a82e9d7ea2de46""]","[""2f0e3d2ed63dc83a4e3a6796d1e94a52d14431be5936849666e4872e9a0e5a73"", ""79f5841c81f7ac714712f4d3ef1979d7e41748673024dfc15606019cd63d3958"", ""0a0fc1829659ebd979c603141aaea41d021b93f09dc893d3d9bbd68efaeefbdc"", ""02f16aa9d32c2123cc848e69fa4f5a6acc5eaa789f5291dd40f0f63379c39974"", ""186cda7db8c456bcf680e72f263bd4f0e8cda1ceb47984f0502a119b6cf30d67""]","[""2f0e3d2ed63dc83a4e3a6796d1e94a52d14431be5936849666e4872e9a0e5a73"", ""79f5841c81f7ac714712f4d3ef1979d7e41748673024dfc15606019cd63d3958"", ""0a0fc1829659ebd979c603141aaea41d021b93f09dc893d3d9bbd68efaeefbdc"", ""02f16aa9d32c2123cc848e69fa4f5a6acc5eaa789f5291dd40f0f63379c39974"", ""372b8d981e9a118724699820ec99464d3cef1b5afecb3504bd5984e0d20cf86e""]",0.0,0.0,,,,Demand Planner,"Demand Planner | Helix AI Engineer, Modeling | Helix AI Engineer, Generative AI | Helix AI Engineer, Reinforcement Learning | Helix AI Engineer, Video Pretraining","Demand Planner | Data Strategy Associate | State Estimation Engineer - Data Collection Systems | Helix AI Engineer, Generative AI | Helix AI Engineer, Localization and Mapping","Demand Planner | Helix AI Engineer, Generative AI | Helix AI Engineer, Modeling | Helix AI Engineer, Video Pretraining | Connector & Interconnect Design Engineer","Demand Planner | Helix AI Engineer, Generative AI | Helix AI Engineer, Modeling | Helix AI Engineer, Video Pretraining | AI Training Infrastructure Engineer – Humanoid Whole Body Control"
official-27-3,"Partner with Manufacturing and Quality to factor manufacturing yield losses, scrap rates, and destructive test requirements into the top-level demand signal.","{""2f0e3d2ed63dc83a4e3a6796d1e94a52d14431be5936849666e4872e9a0e5a73"": 3}","[""2f0e3d2ed63dc83a4e3a6796d1e94a52d14431be5936849666e4872e9a0e5a73"", ""186cda7db8c456bcf680e72f263bd4f0e8cda1ceb47984f0502a119b6cf30d67"", ""75607eba04e4875b1dd4b218186a8a81de822a26baa6964e95582795cf4f282e"", ""b703c687faa83dff0253c44ec411d68cccda459db840e29fef3ad4f403e84f08"", ""a348c6f5c005df2d721f2c06b4c51aa3c9caafade8e604315110fc5b4ed822b5""]","[""2f0e3d2ed63dc83a4e3a6796d1e94a52d14431be5936849666e4872e9a0e5a73"", ""b703c687faa83dff0253c44ec411d68cccda459db840e29fef3ad4f403e84f08"", ""819b7ab25d3641d3878a4f6e2dea005077f29528535c8a8aec9f727d904ed3c6"", ""a348c6f5c005df2d721f2c06b4c51aa3c9caafade8e604315110fc5b4ed822b5"", ""186cda7db8c456bcf680e72f263bd4f0e8cda1ceb47984f0502a119b6cf30d67""]","[""2f0e3d2ed63dc83a4e3a6796d1e94a52d14431be5936849666e4872e9a0e5a73"", ""b703c687faa83dff0253c44ec411d68cccda459db840e29fef3ad4f403e84f08"", ""186cda7db8c456bcf680e72f263bd4f0e8cda1ceb47984f0502a119b6cf30d67"", ""a348c6f5c005df2d721f2c06b4c51aa3c9caafade8e604315110fc5b4ed822b5"", ""819b7ab25d3641d3878a4f6e2dea005077f29528535c8a8aec9f727d904ed3c6""]","[""2f0e3d2ed63dc83a4e3a6796d1e94a52d14431be5936849666e4872e9a0e5a73"", ""5947300e1b20bb57f96311cc34e326bcc1ede855e9541ec6a204856612468417"", ""186cda7db8c456bcf680e72f263bd4f0e8cda1ceb47984f0502a119b6cf30d67"", ""0a8ae0080aed861331479e76665c99325ed73c480103a34202fab31735988354"", ""b703c687faa83dff0253c44ec411d68cccda459db840e29fef3ad4f403e84f08""]",0.0,0.0,,,,Demand Planner,"Demand Planner | Connector & Interconnect Design Engineer | Associate General Counsel, Commercial | Manufacturing Software Test Engineer | Software Engineer, Manufacturing Systems","Demand Planner | Manufacturing Software Test Engineer | State Estimation Engineer - Data Collection Systems | Software Engineer, Manufacturing Systems | Connector & Interconnect Design Engineer","Demand Planner | Manufacturing Software Test Engineer | Connector & Interconnect Design Engineer | Software Engineer, Manufacturing Systems | State Estimation Engineer - Data Collection Systems","Demand Planner | Project Coordinator, Data Quality | Connector & Interconnect Design Engineer | Helix AI Engineer, Robot Learning | Manufacturing Software Test Engineer"
official-27-4,Find roles focused on Demand Planner,"{""2f0e3d2ed63dc83a4e3a6796d1e94a52d14431be5936849666e4872e9a0e5a73"": 3}","[""2f0e3d2ed63dc83a4e3a6796d1e94a52d14431be5936849666e4872e9a0e5a73"", ""0a59a8a5defd9d4d8667a85f36f511c6a9d787070af1f561d8de7060399ebb0c"", ""23731858c455419d59ce5792533ec8a179c6327cdadbcf49ea15e73c1c081bba"", ""b77e6b3d7caede0bfbcf4d62df9841a707956651099051cf4de62dd3a2a3599e"", ""75607eba04e4875b1dd4b218186a8a81de822a26baa6964e95582795cf4f282e""]","[""2f0e3d2ed63dc83a4e3a6796d1e94a52d14431be5936849666e4872e9a0e5a73"", ""b9e710fd1e21f126e880ef384cb63538083b0cd62695ed14e8a82e9d7ea2de46"", ""b73b922f4af1b2a2e4a3167943581b60aef9cf2340f022877c17699262b879eb"", ""a39440f627d72dfbfc52ba5e4663f2857cfc04e4e8a0f1497e74d63990542df0"", ""c1c05a8ba13a2926c42f725703c98fe23d061fca1b941341c82c68fd09fc1527""]","[""2f0e3d2ed63dc83a4e3a6796d1e94a52d14431be5936849666e4872e9a0e5a73"", ""23731858c455419d59ce5792533ec8a179c6327cdadbcf49ea15e73c1c081bba"", ""b73b922f4af1b2a2e4a3167943581b60aef9cf2340f022877c17699262b879eb"", ""66a4c6d7e0904dd601e4054abef7eee96e6301da500323e2300ed9648b004074"", ""75607eba04e4875b1dd4b218186a8a81de822a26baa6964e95582795cf4f282e""]","[""2f0e3d2ed63dc83a4e3a6796d1e94a52d14431be5936849666e4872e9a0e5a73"", ""0510f179c62b00682e302dc68cd73707b475417d78001a1955e46bb5361b8242"", ""7e180bb84925d86b67a37d44448c9e76ee9559555a0a794046a80088ba50abbe"", ""23731858c455419d59ce5792533ec8a179c6327cdadbcf49ea15e73c1c081bba"", ""b77e6b3d7caede0bfbcf4d62df9841a707956651099051cf4de62dd3a2a3599e""]",0.0,0.0,,,,Demand Planner,"Demand Planner | Helix AI Engineer, Data Infrastructure | Helix Data Creator | Humanoid Robot Operator & Data Creator — Fontana, CA (Customer Site) | Associate General Counsel, Commercial","Demand Planner | Helix AI Engineer, Localization and Mapping | Data Strategy Associate | Deployment Logistics Lead | Helix AI Engineer, Reinforcement Learning","Demand Planner | Helix Data Creator | Data Strategy Associate | Helix AI Engineer, Training Performance | Associate General Counsel, Commercial","Demand Planner | Deployment Engineer - Commercial Site Team | Deployment Engineer - Commercial Site Team | Helix Data Creator | Humanoid Robot Operator & Data Creator — Fontana, CA (Customer Site)"
official-27-5,岗位职责匹配：Aggregate Demand Forecasting & Modeling,"{""2f0e3d2ed63dc83a4e3a6796d1e94a52d14431be5936849666e4872e9a0e5a73"": 3}","[""2f0e3d2ed63dc83a4e3a6796d1e94a52d14431be5936849666e4872e9a0e5a73"", ""0a0fc1829659ebd979c603141aaea41d021b93f09dc893d3d9bbd68efaeefbdc"", ""79f5841c81f7ac714712f4d3ef1979d7e41748673024dfc15606019cd63d3958"", ""c1c05a8ba13a2926c42f725703c98fe23d061fca1b941341c82c68fd09fc1527"", ""02f16aa9d32c2123cc848e69fa4f5a6acc5eaa789f5291dd40f0f63379c39974""]","[""2f0e3d2ed63dc83a4e3a6796d1e94a52d14431be5936849666e4872e9a0e5a73"", ""b73b922f4af1b2a2e4a3167943581b60aef9cf2340f022877c17699262b879eb"", ""819b7ab25d3641d3878a4f6e2dea005077f29528535c8a8aec9f727d904ed3c6"", ""e06e31c66b7ffa4e84f45cff09e46a9f58c4828c0a53239e6022a8011e6731c7"", ""186cda7db8c456bcf680e72f263bd4f0e8cda1ceb47984f0502a119b6cf30d67""]","[""2f0e3d2ed63dc83a4e3a6796d1e94a52d14431be5936849666e4872e9a0e5a73"", ""0a0fc1829659ebd979c603141aaea41d021b93f09dc893d3d9bbd68efaeefbdc"", ""79f5841c81f7ac714712f4d3ef1979d7e41748673024dfc15606019cd63d3958"", ""186cda7db8c456bcf680e72f263bd4f0e8cda1ceb47984f0502a119b6cf30d67"", ""372b8d981e9a118724699820ec99464d3cef1b5afecb3504bd5984e0d20cf86e""]","[""2f0e3d2ed63dc83a4e3a6796d1e94a52d14431be5936849666e4872e9a0e5a73"", ""0a0fc1829659ebd979c603141aaea41d021b93f09dc893d3d9bbd68efaeefbdc"", ""372b8d981e9a118724699820ec99464d3cef1b5afecb3504bd5984e0d20cf86e"", ""79f5841c81f7ac714712f4d3ef1979d7e41748673024dfc15606019cd63d3958"", ""186cda7db8c456bcf680e72f263bd4f0e8cda1ceb47984f0502a119b6cf30d67""]",0.0,0.0,,,,Demand Planner,"Demand Planner | Helix AI Engineer, Modeling | Helix AI Engineer, Generative AI | Helix AI Engineer, Reinforcement Learning | Helix AI Engineer, Video Pretraining",Demand Planner | Data Strategy Associate | State Estimation Engineer - Data Collection Systems | Deployment Engineer (Data Collection) | Connector & Interconnect Design Engineer,"Demand Planner | Helix AI Engineer, Modeling | Helix AI Engineer, Generative AI | Connector & Interconnect Design Engineer | AI Training Infrastructure Engineer – Humanoid Whole Body Control","Demand Planner | Helix AI Engineer, Modeling | AI Training Infrastructure Engineer – Humanoid Whole Body Control | Helix AI Engineer, Generative AI | Connector & Interconnect Design Engineer"
official-28-1,Deployment Engineer - Commercial Site Team,"{""0510f179c62b00682e302dc68cd73707b475417d78001a1955e46bb5361b8242"": 3}","[""7e180bb84925d86b67a37d44448c9e76ee9559555a0a794046a80088ba50abbe"", ""0510f179c62b00682e302dc68cd73707b475417d78001a1955e46bb5361b8242"", ""e06e31c66b7ffa4e84f45cff09e46a9f58c4828c0a53239e6022a8011e6731c7"", ""b77e6b3d7caede0bfbcf4d62df9841a707956651099051cf4de62dd3a2a3599e"", ""b73b922f4af1b2a2e4a3167943581b60aef9cf2340f022877c17699262b879eb""]","[""7e180bb84925d86b67a37d44448c9e76ee9559555a0a794046a80088ba50abbe"", ""0510f179c62b00682e302dc68cd73707b475417d78001a1955e46bb5361b8242"", ""e06e31c66b7ffa4e84f45cff09e46a9f58c4828c0a53239e6022a8011e6731c7"", ""b9e710fd1e21f126e880ef384cb63538083b0cd62695ed14e8a82e9d7ea2de46"", ""c157b426dd7167bc1359eecf26ec5fbc98b35e4202a41de9d6650964f9df3c17""]","[""7e180bb84925d86b67a37d44448c9e76ee9559555a0a794046a80088ba50abbe"", ""0510f179c62b00682e302dc68cd73707b475417d78001a1955e46bb5361b8242"", ""e06e31c66b7ffa4e84f45cff09e46a9f58c4828c0a53239e6022a8011e6731c7"", ""b73b922f4af1b2a2e4a3167943581b60aef9cf2340f022877c17699262b879eb"", ""c157b426dd7167bc1359eecf26ec5fbc98b35e4202a41de9d6650964f9df3c17""]","[""7e180bb84925d86b67a37d44448c9e76ee9559555a0a794046a80088ba50abbe"", ""0510f179c62b00682e302dc68cd73707b475417d78001a1955e46bb5361b8242"", ""e06e31c66b7ffa4e84f45cff09e46a9f58c4828c0a53239e6022a8011e6731c7"", ""a39440f627d72dfbfc52ba5e4663f2857cfc04e4e8a0f1497e74d63990542df0"", ""b77e6b3d7caede0bfbcf4d62df9841a707956651099051cf4de62dd3a2a3599e""]",0.0,0.0,,,,Deployment Engineer - Commercial Site Team,"Deployment Engineer - Commercial Site Team | Deployment Engineer - Commercial Site Team | Deployment Engineer (Data Collection) | Humanoid Robot Operator & Data Creator — Fontana, CA (Customer Site) | Data Strategy Associate","Deployment Engineer - Commercial Site Team | Deployment Engineer - Commercial Site Team | Deployment Engineer (Data Collection) | Helix AI Engineer, Localization and Mapping | Lead, Data Operations Global Expansion","Deployment Engineer - Commercial Site Team | Deployment Engineer - Commercial Site Team | Deployment Engineer (Data Collection) | Data Strategy Associate | Lead, Data Operations Global Expansion","Deployment Engineer - Commercial Site Team | Deployment Engineer - Commercial Site Team | Deployment Engineer (Data Collection) | Deployment Logistics Lead | Humanoid Robot Operator & Data Creator — Fontana, CA (Customer Site)"
official-28-2,"Support engineering with deployment and development, serving as an on-site representative","{""0510f179c62b00682e302dc68cd73707b475417d78001a1955e46bb5361b8242"": 3}","[""7e180bb84925d86b67a37d44448c9e76ee9559555a0a794046a80088ba50abbe"", ""0510f179c62b00682e302dc68cd73707b475417d78001a1955e46bb5361b8242"", ""e06e31c66b7ffa4e84f45cff09e46a9f58c4828c0a53239e6022a8011e6731c7"", ""b77e6b3d7caede0bfbcf4d62df9841a707956651099051cf4de62dd3a2a3599e"", ""9658a47149b0ab24fc3f77d0f9fdaafaff266b273215443058230f74271f9549""]","[""7e180bb84925d86b67a37d44448c9e76ee9559555a0a794046a80088ba50abbe"", ""e06e31c66b7ffa4e84f45cff09e46a9f58c4828c0a53239e6022a8011e6731c7"", ""0510f179c62b00682e302dc68cd73707b475417d78001a1955e46bb5361b8242"", ""c1c05a8ba13a2926c42f725703c98fe23d061fca1b941341c82c68fd09fc1527"", ""b9e710fd1e21f126e880ef384cb63538083b0cd62695ed14e8a82e9d7ea2de46""]","[""7e180bb84925d86b67a37d44448c9e76ee9559555a0a794046a80088ba50abbe"", ""0510f179c62b00682e302dc68cd73707b475417d78001a1955e46bb5361b8242"", ""e06e31c66b7ffa4e84f45cff09e46a9f58c4828c0a53239e6022a8011e6731c7"", ""c157b426dd7167bc1359eecf26ec5fbc98b35e4202a41de9d6650964f9df3c17"", ""a39440f627d72dfbfc52ba5e4663f2857cfc04e4e8a0f1497e74d63990542df0""]","[""7e180bb84925d86b67a37d44448c9e76ee9559555a0a794046a80088ba50abbe"", ""0510f179c62b00682e302dc68cd73707b475417d78001a1955e46bb5361b8242"", ""e06e31c66b7ffa4e84f45cff09e46a9f58c4828c0a53239e6022a8011e6731c7"", ""b77e6b3d7caede0bfbcf4d62df9841a707956651099051cf4de62dd3a2a3599e"", ""a348c6f5c005df2d721f2c06b4c51aa3c9caafade8e604315110fc5b4ed822b5""]",0.0,0.0,,,,Deployment Engineer - Commercial Site Team,"Deployment Engineer - Commercial Site Team | Deployment Engineer - Commercial Site Team | Deployment Engineer (Data Collection) | Humanoid Robot Operator & Data Creator — Fontana, CA (Customer Site) | AI Data Operations Manager","Deployment Engineer - Commercial Site Team | Deployment Engineer (Data Collection) | Deployment Engineer - Commercial Site Team | Helix AI Engineer, Reinforcement Learning | Helix AI Engineer, Localization and Mapping","Deployment Engineer - Commercial Site Team | Deployment Engineer - Commercial Site Team | Deployment Engineer (Data Collection) | Lead, Data Operations Global Expansion | Deployment Logistics Lead","Deployment Engineer - Commercial Site Team | Deployment Engineer - Commercial Site Team | Deployment Engineer (Data Collection) | Humanoid Robot Operator & Data Creator — Fontana, CA (Customer Site) | Software Engineer, Manufacturing Systems"
official-28-3,"3-5+ years of work experience in automotive or industrial automation/robotics integration, deployment, and development","{""0510f179c62b00682e302dc68cd73707b475417d78001a1955e46bb5361b8242"": 3}","[""7e180bb84925d86b67a37d44448c9e76ee9559555a0a794046a80088ba50abbe"", ""0510f179c62b00682e302dc68cd73707b475417d78001a1955e46bb5361b8242"", ""e06e31c66b7ffa4e84f45cff09e46a9f58c4828c0a53239e6022a8011e6731c7"", ""b73b922f4af1b2a2e4a3167943581b60aef9cf2340f022877c17699262b879eb"", ""1f9f2467de3e4708c9577641bda5d53235417f44365da66ec663e0915b9106e5""]","[""e06e31c66b7ffa4e84f45cff09e46a9f58c4828c0a53239e6022a8011e6731c7"", ""372b8d981e9a118724699820ec99464d3cef1b5afecb3504bd5984e0d20cf86e"", ""a39440f627d72dfbfc52ba5e4663f2857cfc04e4e8a0f1497e74d63990542df0"", ""a348c6f5c005df2d721f2c06b4c51aa3c9caafade8e604315110fc5b4ed822b5"", ""186cda7db8c456bcf680e72f263bd4f0e8cda1ceb47984f0502a119b6cf30d67""]","[""e06e31c66b7ffa4e84f45cff09e46a9f58c4828c0a53239e6022a8011e6731c7"", ""7e180bb84925d86b67a37d44448c9e76ee9559555a0a794046a80088ba50abbe"", ""a348c6f5c005df2d721f2c06b4c51aa3c9caafade8e604315110fc5b4ed822b5"", ""b73b922f4af1b2a2e4a3167943581b60aef9cf2340f022877c17699262b879eb"", ""0510f179c62b00682e302dc68cd73707b475417d78001a1955e46bb5361b8242""]","[""7e180bb84925d86b67a37d44448c9e76ee9559555a0a794046a80088ba50abbe"", ""0510f179c62b00682e302dc68cd73707b475417d78001a1955e46bb5361b8242"", ""e06e31c66b7ffa4e84f45cff09e46a9f58c4828c0a53239e6022a8011e6731c7"", ""a348c6f5c005df2d721f2c06b4c51aa3c9caafade8e604315110fc5b4ed822b5"", ""b73b922f4af1b2a2e4a3167943581b60aef9cf2340f022877c17699262b879eb""]",0.0,0.0,,,,Deployment Engineer - Commercial Site Team,Deployment Engineer - Commercial Site Team | Deployment Engineer - Commercial Site Team | Deployment Engineer (Data Collection) | Data Strategy Associate | Helix Data Creator,"Deployment Engineer (Data Collection) | AI Training Infrastructure Engineer – Humanoid Whole Body Control | Deployment Logistics Lead | Software Engineer, Manufacturing Systems | Connector & Interconnect Design Engineer","Deployment Engineer (Data Collection) | Deployment Engineer - Commercial Site Team | Software Engineer, Manufacturing Systems | Data Strategy Associate | Deployment Engineer - Commercial Site Team","Deployment Engineer - Commercial Site Team | Deployment Engineer - Commercial Site Team | Deployment Engineer (Data Collection) | Software Engineer, Manufacturing Systems | Data Strategy Associate"
official-28-4,Find roles focused on Deployment Engineer - Commercial Site Team,"{""0510f179c62b00682e302dc68cd73707b475417d78001a1955e46bb5361b8242"": 3}","[""7e180bb84925d86b67a37d44448c9e76ee9559555a0a794046a80088ba50abbe"", ""0510f179c62b00682e302dc68cd73707b475417d78001a1955e46bb5361b8242"", ""b77e6b3d7caede0bfbcf4d62df9841a707956651099051cf4de62dd3a2a3599e"", ""b73b922f4af1b2a2e4a3167943581b60aef9cf2340f022877c17699262b879eb"", ""e06e31c66b7ffa4e84f45cff09e46a9f58c4828c0a53239e6022a8011e6731c7""]","[""7e180bb84925d86b67a37d44448c9e76ee9559555a0a794046a80088ba50abbe"", ""0510f179c62b00682e302dc68cd73707b475417d78001a1955e46bb5361b8242"", ""e06e31c66b7ffa4e84f45cff09e46a9f58c4828c0a53239e6022a8011e6731c7"", ""b9e710fd1e21f126e880ef384cb63538083b0cd62695ed14e8a82e9d7ea2de46"", ""a39440f627d72dfbfc52ba5e4663f2857cfc04e4e8a0f1497e74d63990542df0""]","[""7e180bb84925d86b67a37d44448c9e76ee9559555a0a794046a80088ba50abbe"", ""0510f179c62b00682e302dc68cd73707b475417d78001a1955e46bb5361b8242"", ""e06e31c66b7ffa4e84f45cff09e46a9f58c4828c0a53239e6022a8011e6731c7"", ""b73b922f4af1b2a2e4a3167943581b60aef9cf2340f022877c17699262b879eb"", ""c157b426dd7167bc1359eecf26ec5fbc98b35e4202a41de9d6650964f9df3c17""]","[""7e180bb84925d86b67a37d44448c9e76ee9559555a0a794046a80088ba50abbe"", ""0510f179c62b00682e302dc68cd73707b475417d78001a1955e46bb5361b8242"", ""e06e31c66b7ffa4e84f45cff09e46a9f58c4828c0a53239e6022a8011e6731c7"", ""a39440f627d72dfbfc52ba5e4663f2857cfc04e4e8a0f1497e74d63990542df0"", ""b77e6b3d7caede0bfbcf4d62df9841a707956651099051cf4de62dd3a2a3599e""]",0.0,0.0,,,,Deployment Engineer - Commercial Site Team,"Deployment Engineer - Commercial Site Team | Deployment Engineer - Commercial Site Team | Humanoid Robot Operator & Data Creator — Fontana, CA (Customer Site) | Data Strategy Associate | Deployment Engineer (Data Collection)","Deployment Engineer - Commercial Site Team | Deployment Engineer - Commercial Site Team | Deployment Engineer (Data Collection) | Helix AI Engineer, Localization and Mapping | Deployment Logistics Lead","Deployment Engineer - Commercial Site Team | Deployment Engineer - Commercial Site Team | Deployment Engineer (Data Collection) | Data Strategy Associate | Lead, Data Operations Global Expansion","Deployment Engineer - Commercial Site Team | Deployment Engineer - Commercial Site Team | Deployment Engineer (Data Collection) | Deployment Logistics Lead | Humanoid Robot Operator & Data Creator — Fontana, CA (Customer Site)"
official-28-5,"岗位职责匹配：Support engineering with deployment and development, serving as an on-site representative","{""0510f179c62b00682e302dc68cd73707b475417d78001a1955e46bb5361b8242"": 3}","[""7e180bb84925d86b67a37d44448c9e76ee9559555a0a794046a80088ba50abbe"", ""0510f179c62b00682e302dc68cd73707b475417d78001a1955e46bb5361b8242"", ""e06e31c66b7ffa4e84f45cff09e46a9f58c4828c0a53239e6022a8011e6731c7"", ""b77e6b3d7caede0bfbcf4d62df9841a707956651099051cf4de62dd3a2a3599e"", ""9658a47149b0ab24fc3f77d0f9fdaafaff266b273215443058230f74271f9549""]","[""7e180bb84925d86b67a37d44448c9e76ee9559555a0a794046a80088ba50abbe"", ""e06e31c66b7ffa4e84f45cff09e46a9f58c4828c0a53239e6022a8011e6731c7"", ""0510f179c62b00682e302dc68cd73707b475417d78001a1955e46bb5361b8242"", ""b9e710fd1e21f126e880ef384cb63538083b0cd62695ed14e8a82e9d7ea2de46"", ""819b7ab25d3641d3878a4f6e2dea005077f29528535c8a8aec9f727d904ed3c6""]","[""7e180bb84925d86b67a37d44448c9e76ee9559555a0a794046a80088ba50abbe"", ""0510f179c62b00682e302dc68cd73707b475417d78001a1955e46bb5361b8242"", ""e06e31c66b7ffa4e84f45cff09e46a9f58c4828c0a53239e6022a8011e6731c7"", ""186cda7db8c456bcf680e72f263bd4f0e8cda1ceb47984f0502a119b6cf30d67"", ""c157b426dd7167bc1359eecf26ec5fbc98b35e4202a41de9d6650964f9df3c17""]","[""7e180bb84925d86b67a37d44448c9e76ee9559555a0a794046a80088ba50abbe"", ""0510f179c62b00682e302dc68cd73707b475417d78001a1955e46bb5361b8242"", ""e06e31c66b7ffa4e84f45cff09e46a9f58c4828c0a53239e6022a8011e6731c7"", ""b77e6b3d7caede0bfbcf4d62df9841a707956651099051cf4de62dd3a2a3599e"", ""372b8d981e9a118724699820ec99464d3cef1b5afecb3504bd5984e0d20cf86e""]",0.0,0.0,,,,Deployment Engineer - Commercial Site Team,"Deployment Engineer - Commercial Site Team | Deployment Engineer - Commercial Site Team | Deployment Engineer (Data Collection) | Humanoid Robot Operator & Data Creator — Fontana, CA (Customer Site) | AI Data Operations Manager","Deployment Engineer - Commercial Site Team | Deployment Engineer (Data Collection) | Deployment Engineer - Commercial Site Team | Helix AI Engineer, Localization and Mapping | State Estimation Engineer - Data Collection Systems","Deployment Engineer - Commercial Site Team | Deployment Engineer - Commercial Site Team | Deployment Engineer (Data Collection) | Connector & Interconnect Design Engineer | Lead, Data Operations Global Expansion","Deployment Engineer - Commercial Site Team | Deployment Engineer - Commercial Site Team | Deployment Engineer (Data Collection) | Humanoid Robot Operator & Data Creator — Fontana, CA (Customer Site) | AI Training Infrastructure Engineer – Humanoid Whole Body Control"
official-29-1,Deployment Engineer - Commercial Site Team,"{""7e180bb84925d86b67a37d44448c9e76ee9559555a0a794046a80088ba50abbe"": 3}","[""7e180bb84925d86b67a37d44448c9e76ee9559555a0a794046a80088ba50abbe"", ""0510f179c62b00682e302dc68cd73707b475417d78001a1955e46bb5361b8242"", ""e06e31c66b7ffa4e84f45cff09e46a9f58c4828c0a53239e6022a8011e6731c7"", ""b77e6b3d7caede0bfbcf4d62df9841a707956651099051cf4de62dd3a2a3599e"", ""b73b922f4af1b2a2e4a3167943581b60aef9cf2340f022877c17699262b879eb""]","[""7e180bb84925d86b67a37d44448c9e76ee9559555a0a794046a80088ba50abbe"", ""0510f179c62b00682e302dc68cd73707b475417d78001a1955e46bb5361b8242"", ""e06e31c66b7ffa4e84f45cff09e46a9f58c4828c0a53239e6022a8011e6731c7"", ""b9e710fd1e21f126e880ef384cb63538083b0cd62695ed14e8a82e9d7ea2de46"", ""c157b426dd7167bc1359eecf26ec5fbc98b35e4202a41de9d6650964f9df3c17""]","[""7e180bb84925d86b67a37d44448c9e76ee9559555a0a794046a80088ba50abbe"", ""0510f179c62b00682e302dc68cd73707b475417d78001a1955e46bb5361b8242"", ""e06e31c66b7ffa4e84f45cff09e46a9f58c4828c0a53239e6022a8011e6731c7"", ""b73b922f4af1b2a2e4a3167943581b60aef9cf2340f022877c17699262b879eb"", ""c157b426dd7167bc1359eecf26ec5fbc98b35e4202a41de9d6650964f9df3c17""]","[""7e180bb84925d86b67a37d44448c9e76ee9559555a0a794046a80088ba50abbe"", ""0510f179c62b00682e302dc68cd73707b475417d78001a1955e46bb5361b8242"", ""e06e31c66b7ffa4e84f45cff09e46a9f58c4828c0a53239e6022a8011e6731c7"", ""a39440f627d72dfbfc52ba5e4663f2857cfc04e4e8a0f1497e74d63990542df0"", ""b77e6b3d7caede0bfbcf4d62df9841a707956651099051cf4de62dd3a2a3599e""]",0.0,0.0,,,,Deployment Engineer - Commercial Site Team,"Deployment Engineer - Commercial Site Team | Deployment Engineer - Commercial Site Team | Deployment Engineer (Data Collection) | Humanoid Robot Operator & Data Creator — Fontana, CA (Customer Site) | Data Strategy Associate","Deployment Engineer - Commercial Site Team | Deployment Engineer - Commercial Site Team | Deployment Engineer (Data Collection) | Helix AI Engineer, Localization and Mapping | Lead, Data Operations Global Expansion","Deployment Engineer - Commercial Site Team | Deployment Engineer - Commercial Site Team | Deployment Engineer (Data Collection) | Data Strategy Associate | Lead, Data Operations Global Expansion","Deployment Engineer - Commercial Site Team | Deployment Engineer - Commercial Site Team | Deployment Engineer (Data Collection) | Deployment Logistics Lead | Humanoid Robot Operator & Data Creator — Fontana, CA (Customer Site)"
official-29-2,"Support engineering with deployment and development, serving as an on-site representative","{""7e180bb84925d86b67a37d44448c9e76ee9559555a0a794046a80088ba50abbe"": 3}","[""7e180bb84925d86b67a37d44448c9e76ee9559555a0a794046a80088ba50abbe"", ""0510f179c62b00682e302dc68cd73707b475417d78001a1955e46bb5361b8242"", ""e06e31c66b7ffa4e84f45cff09e46a9f58c4828c0a53239e6022a8011e6731c7"", ""b77e6b3d7caede0bfbcf4d62df9841a707956651099051cf4de62dd3a2a3599e"", ""9658a47149b0ab24fc3f77d0f9fdaafaff266b273215443058230f74271f9549""]","[""7e180bb84925d86b67a37d44448c9e76ee9559555a0a794046a80088ba50abbe"", ""e06e31c66b7ffa4e84f45cff09e46a9f58c4828c0a53239e6022a8011e6731c7"", ""0510f179c62b00682e302dc68cd73707b475417d78001a1955e46bb5361b8242"", ""c1c05a8ba13a2926c42f725703c98fe23d061fca1b941341c82c68fd09fc1527"", ""b9e710fd1e21f126e880ef384cb63538083b0cd62695ed14e8a82e9d7ea2de46""]","[""7e180bb84925d86b67a37d44448c9e76ee9559555a0a794046a80088ba50abbe"", ""0510f179c62b00682e302dc68cd73707b475417d78001a1955e46bb5361b8242"", ""e06e31c66b7ffa4e84f45cff09e46a9f58c4828c0a53239e6022a8011e6731c7"", ""c157b426dd7167bc1359eecf26ec5fbc98b35e4202a41de9d6650964f9df3c17"", ""a39440f627d72dfbfc52ba5e4663f2857cfc04e4e8a0f1497e74d63990542df0""]","[""7e180bb84925d86b67a37d44448c9e76ee9559555a0a794046a80088ba50abbe"", ""0510f179c62b00682e302dc68cd73707b475417d78001a1955e46bb5361b8242"", ""e06e31c66b7ffa4e84f45cff09e46a9f58c4828c0a53239e6022a8011e6731c7"", ""b77e6b3d7caede0bfbcf4d62df9841a707956651099051cf4de62dd3a2a3599e"", ""a348c6f5c005df2d721f2c06b4c51aa3c9caafade8e604315110fc5b4ed822b5""]",0.0,0.0,,,,Deployment Engineer - Commercial Site Team,"Deployment Engineer - Commercial Site Team | Deployment Engineer - Commercial Site Team | Deployment Engineer (Data Collection) | Humanoid Robot Operator & Data Creator — Fontana, CA (Customer Site) | AI Data Operations Manager","Deployment Engineer - Commercial Site Team | Deployment Engineer (Data Collection) | Deployment Engineer - Commercial Site Team | Helix AI Engineer, Reinforcement Learning | Helix AI Engineer, Localization and Mapping","Deployment Engineer - Commercial Site Team | Deployment Engineer - Commercial Site Team | Deployment Engineer (Data Collection) | Lead, Data Operations Global Expansion | Deployment Logistics Lead","Deployment Engineer - Commercial Site Team | Deployment Engineer - Commercial Site Team | Deployment Engineer (Data Collection) | Humanoid Robot Operator & Data Creator — Fontana, CA (Customer Site) | Software Engineer, Manufacturing Systems"
official-29-3,"3-5+ years of work experience in automotive or industrial automation/robotics integration, deployment, and development","{""7e180bb84925d86b67a37d44448c9e76ee9559555a0a794046a80088ba50abbe"": 3}","[""7e180bb84925d86b67a37d44448c9e76ee9559555a0a794046a80088ba50abbe"", ""0510f179c62b00682e302dc68cd73707b475417d78001a1955e46bb5361b8242"", ""e06e31c66b7ffa4e84f45cff09e46a9f58c4828c0a53239e6022a8011e6731c7"", ""b73b922f4af1b2a2e4a3167943581b60aef9cf2340f022877c17699262b879eb"", ""1f9f2467de3e4708c9577641bda5d53235417f44365da66ec663e0915b9106e5""]","[""e06e31c66b7ffa4e84f45cff09e46a9f58c4828c0a53239e6022a8011e6731c7"", ""372b8d981e9a118724699820ec99464d3cef1b5afecb3504bd5984e0d20cf86e"", ""a39440f627d72dfbfc52ba5e4663f2857cfc04e4e8a0f1497e74d63990542df0"", ""a348c6f5c005df2d721f2c06b4c51aa3c9caafade8e604315110fc5b4ed822b5"", ""186cda7db8c456bcf680e72f263bd4f0e8cda1ceb47984f0502a119b6cf30d67""]","[""e06e31c66b7ffa4e84f45cff09e46a9f58c4828c0a53239e6022a8011e6731c7"", ""7e180bb84925d86b67a37d44448c9e76ee9559555a0a794046a80088ba50abbe"", ""a348c6f5c005df2d721f2c06b4c51aa3c9caafade8e604315110fc5b4ed822b5"", ""b73b922f4af1b2a2e4a3167943581b60aef9cf2340f022877c17699262b879eb"", ""0510f179c62b00682e302dc68cd73707b475417d78001a1955e46bb5361b8242""]","[""7e180bb84925d86b67a37d44448c9e76ee9559555a0a794046a80088ba50abbe"", ""0510f179c62b00682e302dc68cd73707b475417d78001a1955e46bb5361b8242"", ""e06e31c66b7ffa4e84f45cff09e46a9f58c4828c0a53239e6022a8011e6731c7"", ""a348c6f5c005df2d721f2c06b4c51aa3c9caafade8e604315110fc5b4ed822b5"", ""b73b922f4af1b2a2e4a3167943581b60aef9cf2340f022877c17699262b879eb""]",0.0,0.0,,,,Deployment Engineer - Commercial Site Team,Deployment Engineer - Commercial Site Team | Deployment Engineer - Commercial Site Team | Deployment Engineer (Data Collection) | Data Strategy Associate | Helix Data Creator,"Deployment Engineer (Data Collection) | AI Training Infrastructure Engineer – Humanoid Whole Body Control | Deployment Logistics Lead | Software Engineer, Manufacturing Systems | Connector & Interconnect Design Engineer","Deployment Engineer (Data Collection) | Deployment Engineer - Commercial Site Team | Software Engineer, Manufacturing Systems | Data Strategy Associate | Deployment Engineer - Commercial Site Team","Deployment Engineer - Commercial Site Team | Deployment Engineer - Commercial Site Team | Deployment Engineer (Data Collection) | Software Engineer, Manufacturing Systems | Data Strategy Associate"
official-29-4,Find roles focused on Deployment Engineer - Commercial Site Team,"{""7e180bb84925d86b67a37d44448c9e76ee9559555a0a794046a80088ba50abbe"": 3}","[""7e180bb84925d86b67a37d44448c9e76ee9559555a0a794046a80088ba50abbe"", ""0510f179c62b00682e302dc68cd73707b475417d78001a1955e46bb5361b8242"", ""b77e6b3d7caede0bfbcf4d62df9841a707956651099051cf4de62dd3a2a3599e"", ""b73b922f4af1b2a2e4a3167943581b60aef9cf2340f022877c17699262b879eb"", ""e06e31c66b7ffa4e84f45cff09e46a9f58c4828c0a53239e6022a8011e6731c7""]","[""7e180bb84925d86b67a37d44448c9e76ee9559555a0a794046a80088ba50abbe"", ""0510f179c62b00682e302dc68cd73707b475417d78001a1955e46bb5361b8242"", ""e06e31c66b7ffa4e84f45cff09e46a9f58c4828c0a53239e6022a8011e6731c7"", ""b9e710fd1e21f126e880ef384cb63538083b0cd62695ed14e8a82e9d7ea2de46"", ""a39440f627d72dfbfc52ba5e4663f2857cfc04e4e8a0f1497e74d63990542df0""]","[""7e180bb84925d86b67a37d44448c9e76ee9559555a0a794046a80088ba50abbe"", ""0510f179c62b00682e302dc68cd73707b475417d78001a1955e46bb5361b8242"", ""e06e31c66b7ffa4e84f45cff09e46a9f58c4828c0a53239e6022a8011e6731c7"", ""b73b922f4af1b2a2e4a3167943581b60aef9cf2340f022877c17699262b879eb"", ""c157b426dd7167bc1359eecf26ec5fbc98b35e4202a41de9d6650964f9df3c17""]","[""7e180bb84925d86b67a37d44448c9e76ee9559555a0a794046a80088ba50abbe"", ""0510f179c62b00682e302dc68cd73707b475417d78001a1955e46bb5361b8242"", ""e06e31c66b7ffa4e84f45cff09e46a9f58c4828c0a53239e6022a8011e6731c7"", ""a39440f627d72dfbfc52ba5e4663f2857cfc04e4e8a0f1497e74d63990542df0"", ""b77e6b3d7caede0bfbcf4d62df9841a707956651099051cf4de62dd3a2a3599e""]",0.0,0.0,,,,Deployment Engineer - Commercial Site Team,"Deployment Engineer - Commercial Site Team | Deployment Engineer - Commercial Site Team | Humanoid Robot Operator & Data Creator — Fontana, CA (Customer Site) | Data Strategy Associate | Deployment Engineer (Data Collection)","Deployment Engineer - Commercial Site Team | Deployment Engineer - Commercial Site Team | Deployment Engineer (Data Collection) | Helix AI Engineer, Localization and Mapping | Deployment Logistics Lead","Deployment Engineer - Commercial Site Team | Deployment Engineer - Commercial Site Team | Deployment Engineer (Data Collection) | Data Strategy Associate | Lead, Data Operations Global Expansion","Deployment Engineer - Commercial Site Team | Deployment Engineer - Commercial Site Team | Deployment Engineer (Data Collection) | Deployment Logistics Lead | Humanoid Robot Operator & Data Creator — Fontana, CA (Customer Site)"
official-29-5,"岗位职责匹配：Support engineering with deployment and development, serving as an on-site representative","{""7e180bb84925d86b67a37d44448c9e76ee9559555a0a794046a80088ba50abbe"": 3}","[""7e180bb84925d86b67a37d44448c9e76ee9559555a0a794046a80088ba50abbe"", ""0510f179c62b00682e302dc68cd73707b475417d78001a1955e46bb5361b8242"", ""e06e31c66b7ffa4e84f45cff09e46a9f58c4828c0a53239e6022a8011e6731c7"", ""b77e6b3d7caede0bfbcf4d62df9841a707956651099051cf4de62dd3a2a3599e"", ""9658a47149b0ab24fc3f77d0f9fdaafaff266b273215443058230f74271f9549""]","[""7e180bb84925d86b67a37d44448c9e76ee9559555a0a794046a80088ba50abbe"", ""e06e31c66b7ffa4e84f45cff09e46a9f58c4828c0a53239e6022a8011e6731c7"", ""0510f179c62b00682e302dc68cd73707b475417d78001a1955e46bb5361b8242"", ""b9e710fd1e21f126e880ef384cb63538083b0cd62695ed14e8a82e9d7ea2de46"", ""819b7ab25d3641d3878a4f6e2dea005077f29528535c8a8aec9f727d904ed3c6""]","[""7e180bb84925d86b67a37d44448c9e76ee9559555a0a794046a80088ba50abbe"", ""0510f179c62b00682e302dc68cd73707b475417d78001a1955e46bb5361b8242"", ""e06e31c66b7ffa4e84f45cff09e46a9f58c4828c0a53239e6022a8011e6731c7"", ""186cda7db8c456bcf680e72f263bd4f0e8cda1ceb47984f0502a119b6cf30d67"", ""c157b426dd7167bc1359eecf26ec5fbc98b35e4202a41de9d6650964f9df3c17""]","[""7e180bb84925d86b67a37d44448c9e76ee9559555a0a794046a80088ba50abbe"", ""0510f179c62b00682e302dc68cd73707b475417d78001a1955e46bb5361b8242"", ""e06e31c66b7ffa4e84f45cff09e46a9f58c4828c0a53239e6022a8011e6731c7"", ""b77e6b3d7caede0bfbcf4d62df9841a707956651099051cf4de62dd3a2a3599e"", ""372b8d981e9a118724699820ec99464d3cef1b5afecb3504bd5984e0d20cf86e""]",0.0,0.0,,,,Deployment Engineer - Commercial Site Team,"Deployment Engineer - Commercial Site Team | Deployment Engineer - Commercial Site Team | Deployment Engineer (Data Collection) | Humanoid Robot Operator & Data Creator — Fontana, CA (Customer Site) | AI Data Operations Manager","Deployment Engineer - Commercial Site Team | Deployment Engineer (Data Collection) | Deployment Engineer - Commercial Site Team | Helix AI Engineer, Localization and Mapping | State Estimation Engineer - Data Collection Systems","Deployment Engineer - Commercial Site Team | Deployment Engineer - Commercial Site Team | Deployment Engineer (Data Collection) | Connector & Interconnect Design Engineer | Lead, Data Operations Global Expansion","Deployment Engineer - Commercial Site Team | Deployment Engineer - Commercial Site Team | Deployment Engineer (Data Collection) | Humanoid Robot Operator & Data Creator — Fontana, CA (Customer Site) | AI Training Infrastructure Engineer – Humanoid Whole Body Control"
official-30-1,Deployment Logistics Lead,"{""a39440f627d72dfbfc52ba5e4663f2857cfc04e4e8a0f1497e74d63990542df0"": 3}","[""a39440f627d72dfbfc52ba5e4663f2857cfc04e4e8a0f1497e74d63990542df0"", ""e06e31c66b7ffa4e84f45cff09e46a9f58c4828c0a53239e6022a8011e6731c7"", ""b73b922f4af1b2a2e4a3167943581b60aef9cf2340f022877c17699262b879eb"", ""1f9f2467de3e4708c9577641bda5d53235417f44365da66ec663e0915b9106e5"", ""c157b426dd7167bc1359eecf26ec5fbc98b35e4202a41de9d6650964f9df3c17""]","[""a39440f627d72dfbfc52ba5e4663f2857cfc04e4e8a0f1497e74d63990542df0"", ""e06e31c66b7ffa4e84f45cff09e46a9f58c4828c0a53239e6022a8011e6731c7"", ""c157b426dd7167bc1359eecf26ec5fbc98b35e4202a41de9d6650964f9df3c17"", ""7e180bb84925d86b67a37d44448c9e76ee9559555a0a794046a80088ba50abbe"", ""b73b922f4af1b2a2e4a3167943581b60aef9cf2340f022877c17699262b879eb""]","[""a39440f627d72dfbfc52ba5e4663f2857cfc04e4e8a0f1497e74d63990542df0"", ""e06e31c66b7ffa4e84f45cff09e46a9f58c4828c0a53239e6022a8011e6731c7"", ""b73b922f4af1b2a2e4a3167943581b60aef9cf2340f022877c17699262b879eb"", ""c157b426dd7167bc1359eecf26ec5fbc98b35e4202a41de9d6650964f9df3c17"", ""7e180bb84925d86b67a37d44448c9e76ee9559555a0a794046a80088ba50abbe""]","[""a39440f627d72dfbfc52ba5e4663f2857cfc04e4e8a0f1497e74d63990542df0"", ""e06e31c66b7ffa4e84f45cff09e46a9f58c4828c0a53239e6022a8011e6731c7"", ""b73b922f4af1b2a2e4a3167943581b60aef9cf2340f022877c17699262b879eb"", ""7e180bb84925d86b67a37d44448c9e76ee9559555a0a794046a80088ba50abbe"", ""0510f179c62b00682e302dc68cd73707b475417d78001a1955e46bb5361b8242""]",0.0,0.0,,,,Deployment Logistics Lead,"Deployment Logistics Lead | Deployment Engineer (Data Collection) | Data Strategy Associate | Helix Data Creator | Lead, Data Operations Global Expansion","Deployment Logistics Lead | Deployment Engineer (Data Collection) | Lead, Data Operations Global Expansion | Deployment Engineer - Commercial Site Team | Data Strategy Associate","Deployment Logistics Lead | Deployment Engineer (Data Collection) | Data Strategy Associate | Lead, Data Operations Global Expansion | Deployment Engineer - Commercial Site Team",Deployment Logistics Lead | Deployment Engineer (Data Collection) | Data Strategy Associate | Deployment Engineer - Commercial Site Team | Deployment Engineer - Commercial Site Team
official-30-2,"Design and stand up our warehouse and inventory strategy for tracking data collection equipment, data collection props, robot equipment, service parts, tooling, and more.","{""a39440f627d72dfbfc52ba5e4663f2857cfc04e4e8a0f1497e74d63990542df0"": 3}","[""a39440f627d72dfbfc52ba5e4663f2857cfc04e4e8a0f1497e74d63990542df0"", ""c157b426dd7167bc1359eecf26ec5fbc98b35e4202a41de9d6650964f9df3c17"", ""1f9f2467de3e4708c9577641bda5d53235417f44365da66ec663e0915b9106e5"", ""b77e6b3d7caede0bfbcf4d62df9841a707956651099051cf4de62dd3a2a3599e"", ""b73b922f4af1b2a2e4a3167943581b60aef9cf2340f022877c17699262b879eb""]","[""a39440f627d72dfbfc52ba5e4663f2857cfc04e4e8a0f1497e74d63990542df0"", ""b73b922f4af1b2a2e4a3167943581b60aef9cf2340f022877c17699262b879eb"", ""2f0e3d2ed63dc83a4e3a6796d1e94a52d14431be5936849666e4872e9a0e5a73"", ""e06e31c66b7ffa4e84f45cff09e46a9f58c4828c0a53239e6022a8011e6731c7"", ""c157b426dd7167bc1359eecf26ec5fbc98b35e4202a41de9d6650964f9df3c17""]","[""a39440f627d72dfbfc52ba5e4663f2857cfc04e4e8a0f1497e74d63990542df0"", ""b73b922f4af1b2a2e4a3167943581b60aef9cf2340f022877c17699262b879eb"", ""c157b426dd7167bc1359eecf26ec5fbc98b35e4202a41de9d6650964f9df3c17"", ""1f9f2467de3e4708c9577641bda5d53235417f44365da66ec663e0915b9106e5"", ""2f0e3d2ed63dc83a4e3a6796d1e94a52d14431be5936849666e4872e9a0e5a73""]","[""a39440f627d72dfbfc52ba5e4663f2857cfc04e4e8a0f1497e74d63990542df0"", ""b73b922f4af1b2a2e4a3167943581b60aef9cf2340f022877c17699262b879eb"", ""c157b426dd7167bc1359eecf26ec5fbc98b35e4202a41de9d6650964f9df3c17"", ""819b7ab25d3641d3878a4f6e2dea005077f29528535c8a8aec9f727d904ed3c6"", ""e06e31c66b7ffa4e84f45cff09e46a9f58c4828c0a53239e6022a8011e6731c7""]",0.0,0.0,,,,Deployment Logistics Lead,"Deployment Logistics Lead | Lead, Data Operations Global Expansion | Helix Data Creator | Humanoid Robot Operator & Data Creator — Fontana, CA (Customer Site) | Data Strategy Associate","Deployment Logistics Lead | Data Strategy Associate | Demand Planner | Deployment Engineer (Data Collection) | Lead, Data Operations Global Expansion","Deployment Logistics Lead | Data Strategy Associate | Lead, Data Operations Global Expansion | Helix Data Creator | Demand Planner","Deployment Logistics Lead | Data Strategy Associate | Lead, Data Operations Global Expansion | State Estimation Engineer - Data Collection Systems | Deployment Engineer (Data Collection)"
official-30-3,"6-8+ years in logistics, shipping, warehouse/inventory operations, asset management, or field operations, with a track record of building or scaling a function","{""a39440f627d72dfbfc52ba5e4663f2857cfc04e4e8a0f1497e74d63990542df0"": 3}","[""a39440f627d72dfbfc52ba5e4663f2857cfc04e4e8a0f1497e74d63990542df0"", ""9658a47149b0ab24fc3f77d0f9fdaafaff266b273215443058230f74271f9549"", ""2f0e3d2ed63dc83a4e3a6796d1e94a52d14431be5936849666e4872e9a0e5a73"", ""b73b922f4af1b2a2e4a3167943581b60aef9cf2340f022877c17699262b879eb"", ""a348c6f5c005df2d721f2c06b4c51aa3c9caafade8e604315110fc5b4ed822b5""]","[""a39440f627d72dfbfc52ba5e4663f2857cfc04e4e8a0f1497e74d63990542df0"", ""a348c6f5c005df2d721f2c06b4c51aa3c9caafade8e604315110fc5b4ed822b5"", ""c157b426dd7167bc1359eecf26ec5fbc98b35e4202a41de9d6650964f9df3c17"", ""9658a47149b0ab24fc3f77d0f9fdaafaff266b273215443058230f74271f9549"", ""372b8d981e9a118724699820ec99464d3cef1b5afecb3504bd5984e0d20cf86e""]","[""a39440f627d72dfbfc52ba5e4663f2857cfc04e4e8a0f1497e74d63990542df0"", ""9658a47149b0ab24fc3f77d0f9fdaafaff266b273215443058230f74271f9549"", ""a348c6f5c005df2d721f2c06b4c51aa3c9caafade8e604315110fc5b4ed822b5"", ""c157b426dd7167bc1359eecf26ec5fbc98b35e4202a41de9d6650964f9df3c17"", ""b73b922f4af1b2a2e4a3167943581b60aef9cf2340f022877c17699262b879eb""]","[""a39440f627d72dfbfc52ba5e4663f2857cfc04e4e8a0f1497e74d63990542df0"", ""e06e31c66b7ffa4e84f45cff09e46a9f58c4828c0a53239e6022a8011e6731c7"", ""9658a47149b0ab24fc3f77d0f9fdaafaff266b273215443058230f74271f9549"", ""a348c6f5c005df2d721f2c06b4c51aa3c9caafade8e604315110fc5b4ed822b5"", ""372b8d981e9a118724699820ec99464d3cef1b5afecb3504bd5984e0d20cf86e""]",0.0,0.0,,,,Deployment Logistics Lead,"Deployment Logistics Lead | AI Data Operations Manager | Demand Planner | Data Strategy Associate | Software Engineer, Manufacturing Systems","Deployment Logistics Lead | Software Engineer, Manufacturing Systems | Lead, Data Operations Global Expansion | AI Data Operations Manager | AI Training Infrastructure Engineer – Humanoid Whole Body Control","Deployment Logistics Lead | AI Data Operations Manager | Software Engineer, Manufacturing Systems | Lead, Data Operations Global Expansion | Data Strategy Associate","Deployment Logistics Lead | Deployment Engineer (Data Collection) | AI Data Operations Manager | Software Engineer, Manufacturing Systems | AI Training Infrastructure Engineer – Humanoid Whole Body Control"
official-30-4,Find roles focused on Deployment Logistics Lead,"{""a39440f627d72dfbfc52ba5e4663f2857cfc04e4e8a0f1497e74d63990542df0"": 3}","[""a39440f627d72dfbfc52ba5e4663f2857cfc04e4e8a0f1497e74d63990542df0"", ""b73b922f4af1b2a2e4a3167943581b60aef9cf2340f022877c17699262b879eb"", ""e06e31c66b7ffa4e84f45cff09e46a9f58c4828c0a53239e6022a8011e6731c7"", ""23731858c455419d59ce5792533ec8a179c6327cdadbcf49ea15e73c1c081bba"", ""1f9f2467de3e4708c9577641bda5d53235417f44365da66ec663e0915b9106e5""]","[""a39440f627d72dfbfc52ba5e4663f2857cfc04e4e8a0f1497e74d63990542df0"", ""e06e31c66b7ffa4e84f45cff09e46a9f58c4828c0a53239e6022a8011e6731c7"", ""c157b426dd7167bc1359eecf26ec5fbc98b35e4202a41de9d6650964f9df3c17"", ""7e180bb84925d86b67a37d44448c9e76ee9559555a0a794046a80088ba50abbe"", ""0510f179c62b00682e302dc68cd73707b475417d78001a1955e46bb5361b8242""]","[""a39440f627d72dfbfc52ba5e4663f2857cfc04e4e8a0f1497e74d63990542df0"", ""e06e31c66b7ffa4e84f45cff09e46a9f58c4828c0a53239e6022a8011e6731c7"", ""b73b922f4af1b2a2e4a3167943581b60aef9cf2340f022877c17699262b879eb"", ""c157b426dd7167bc1359eecf26ec5fbc98b35e4202a41de9d6650964f9df3c17"", ""7e180bb84925d86b67a37d44448c9e76ee9559555a0a794046a80088ba50abbe""]","[""a39440f627d72dfbfc52ba5e4663f2857cfc04e4e8a0f1497e74d63990542df0"", ""e06e31c66b7ffa4e84f45cff09e46a9f58c4828c0a53239e6022a8011e6731c7"", ""b73b922f4af1b2a2e4a3167943581b60aef9cf2340f022877c17699262b879eb"", ""7e180bb84925d86b67a37d44448c9e76ee9559555a0a794046a80088ba50abbe"", ""0510f179c62b00682e302dc68cd73707b475417d78001a1955e46bb5361b8242""]",0.0,0.0,,,,Deployment Logistics Lead,Deployment Logistics Lead | Data Strategy Associate | Deployment Engineer (Data Collection) | Helix Data Creator | Helix Data Creator,"Deployment Logistics Lead | Deployment Engineer (Data Collection) | Lead, Data Operations Global Expansion | Deployment Engineer - Commercial Site Team | Deployment Engineer - Commercial Site Team","Deployment Logistics Lead | Deployment Engineer (Data Collection) | Data Strategy Associate | Lead, Data Operations Global Expansion | Deployment Engineer - Commercial Site Team",Deployment Logistics Lead | Deployment Engineer (Data Collection) | Data Strategy Associate | Deployment Engineer - Commercial Site Team | Deployment Engineer - Commercial Site Team
official-30-5,"岗位职责匹配：Design and stand up our warehouse and inventory strategy for tracking data collection equipment, data collection props, robot equipment, service parts, tooling, and more.","{""a39440f627d72dfbfc52ba5e4663f2857cfc04e4e8a0f1497e74d63990542df0"": 3}","[""a39440f627d72dfbfc52ba5e4663f2857cfc04e4e8a0f1497e74d63990542df0"", ""c157b426dd7167bc1359eecf26ec5fbc98b35e4202a41de9d6650964f9df3c17"", ""1f9f2467de3e4708c9577641bda5d53235417f44365da66ec663e0915b9106e5"", ""b77e6b3d7caede0bfbcf4d62df9841a707956651099051cf4de62dd3a2a3599e"", ""b73b922f4af1b2a2e4a3167943581b60aef9cf2340f022877c17699262b879eb""]","[""b73b922f4af1b2a2e4a3167943581b60aef9cf2340f022877c17699262b879eb"", ""a39440f627d72dfbfc52ba5e4663f2857cfc04e4e8a0f1497e74d63990542df0"", ""2f0e3d2ed63dc83a4e3a6796d1e94a52d14431be5936849666e4872e9a0e5a73"", ""e06e31c66b7ffa4e84f45cff09e46a9f58c4828c0a53239e6022a8011e6731c7"", ""819b7ab25d3641d3878a4f6e2dea005077f29528535c8a8aec9f727d904ed3c6""]","[""a39440f627d72dfbfc52ba5e4663f2857cfc04e4e8a0f1497e74d63990542df0"", ""b73b922f4af1b2a2e4a3167943581b60aef9cf2340f022877c17699262b879eb"", ""c157b426dd7167bc1359eecf26ec5fbc98b35e4202a41de9d6650964f9df3c17"", ""2f0e3d2ed63dc83a4e3a6796d1e94a52d14431be5936849666e4872e9a0e5a73"", ""e06e31c66b7ffa4e84f45cff09e46a9f58c4828c0a53239e6022a8011e6731c7""]","[""a39440f627d72dfbfc52ba5e4663f2857cfc04e4e8a0f1497e74d63990542df0"", ""b73b922f4af1b2a2e4a3167943581b60aef9cf2340f022877c17699262b879eb"", ""1f9f2467de3e4708c9577641bda5d53235417f44365da66ec663e0915b9106e5"", ""c157b426dd7167bc1359eecf26ec5fbc98b35e4202a41de9d6650964f9df3c17"", ""e06e31c66b7ffa4e84f45cff09e46a9f58c4828c0a53239e6022a8011e6731c7""]",0.0,0.0,,,,Deployment Logistics Lead,"Deployment Logistics Lead | Lead, Data Operations Global Expansion | Helix Data Creator | Humanoid Robot Operator & Data Creator — Fontana, CA (Customer Site) | Data Strategy Associate",Data Strategy Associate | Deployment Logistics Lead | Demand Planner | Deployment Engineer (Data Collection) | State Estimation Engineer - Data Collection Systems,"Deployment Logistics Lead | Data Strategy Associate | Lead, Data Operations Global Expansion | Demand Planner | Deployment Engineer (Data Collection)","Deployment Logistics Lead | Data Strategy Associate | Helix Data Creator | Lead, Data Operations Global Expansion | Deployment Engineer (Data Collection)"
official-15-3,"Excellent physical coordination, spatial awareness, and focus","{""23731858c455419d59ce5792533ec8a179c6327cdadbcf49ea15e73c1c081bba"": 3}","[""b77e6b3d7caede0bfbcf4d62df9841a707956651099051cf4de62dd3a2a3599e"", ""1f9f2467de3e4708c9577641bda5d53235417f44365da66ec663e0915b9106e5"", ""23731858c455419d59ce5792533ec8a179c6327cdadbcf49ea15e73c1c081bba"", ""186cda7db8c456bcf680e72f263bd4f0e8cda1ceb47984f0502a119b6cf30d67"", ""5947300e1b20bb57f96311cc34e326bcc1ede855e9541ec6a204856612468417""]","[""b9e710fd1e21f126e880ef384cb63538083b0cd62695ed14e8a82e9d7ea2de46"", ""1f9f2467de3e4708c9577641bda5d53235417f44365da66ec663e0915b9106e5"", ""372b8d981e9a118724699820ec99464d3cef1b5afecb3504bd5984e0d20cf86e"", ""819b7ab25d3641d3878a4f6e2dea005077f29528535c8a8aec9f727d904ed3c6"", ""5947300e1b20bb57f96311cc34e326bcc1ede855e9541ec6a204856612468417""]","[""1f9f2467de3e4708c9577641bda5d53235417f44365da66ec663e0915b9106e5"", ""23731858c455419d59ce5792533ec8a179c6327cdadbcf49ea15e73c1c081bba"", ""819b7ab25d3641d3878a4f6e2dea005077f29528535c8a8aec9f727d904ed3c6"", ""5947300e1b20bb57f96311cc34e326bcc1ede855e9541ec6a204856612468417"", ""b77e6b3d7caede0bfbcf4d62df9841a707956651099051cf4de62dd3a2a3599e""]","[""b77e6b3d7caede0bfbcf4d62df9841a707956651099051cf4de62dd3a2a3599e"", ""23731858c455419d59ce5792533ec8a179c6327cdadbcf49ea15e73c1c081bba"", ""1f9f2467de3e4708c9577641bda5d53235417f44365da66ec663e0915b9106e5"", ""a39440f627d72dfbfc52ba5e4663f2857cfc04e4e8a0f1497e74d63990542df0"", ""0a8ae0080aed861331479e76665c99325ed73c480103a34202fab31735988354""]",0.16666666666666669,0.13092975357145753,,,,Helix Data Creator,"Humanoid Robot Operator & Data Creator — Fontana, CA (Customer Site) | Helix Data Creator | Helix Data Creator | Connector & Interconnect Design Engineer | Project Coordinator, Data Quality","Helix AI Engineer, Localization and Mapping | Helix Data Creator | AI Training Infrastructure Engineer – Humanoid Whole Body Control | State Estimation Engineer - Data Collection Systems | Project Coordinator, Data Quality","Helix Data Creator | Helix Data Creator | State Estimation Engineer - Data Collection Systems | Project Coordinator, Data Quality | Humanoid Robot Operator & Data Creator — Fontana, CA (Customer Site)","Humanoid Robot Operator & Data Creator — Fontana, CA (Customer Site) | Helix Data Creator | Helix Data Creator | Deployment Logistics Lead | Helix AI Engineer, Robot Learning"
official-03-1,Data Strategy Associate,"{""b73b922f4af1b2a2e4a3167943581b60aef9cf2340f022877c17699262b879eb"": 3}","[""75607eba04e4875b1dd4b218186a8a81de822a26baa6964e95582795cf4f282e"", ""b73b922f4af1b2a2e4a3167943581b60aef9cf2340f022877c17699262b879eb"", ""a39440f627d72dfbfc52ba5e4663f2857cfc04e4e8a0f1497e74d63990542df0"", ""9658a47149b0ab24fc3f77d0f9fdaafaff266b273215443058230f74271f9549"", ""c157b426dd7167bc1359eecf26ec5fbc98b35e4202a41de9d6650964f9df3c17""]","[""c157b426dd7167bc1359eecf26ec5fbc98b35e4202a41de9d6650964f9df3c17"", ""b73b922f4af1b2a2e4a3167943581b60aef9cf2340f022877c17699262b879eb"", ""9658a47149b0ab24fc3f77d0f9fdaafaff266b273215443058230f74271f9549"", ""0a59a8a5defd9d4d8667a85f36f511c6a9d787070af1f561d8de7060399ebb0c"", ""75607eba04e4875b1dd4b218186a8a81de822a26baa6964e95582795cf4f282e""]","[""b73b922f4af1b2a2e4a3167943581b60aef9cf2340f022877c17699262b879eb"", ""c157b426dd7167bc1359eecf26ec5fbc98b35e4202a41de9d6650964f9df3c17"", ""75607eba04e4875b1dd4b218186a8a81de822a26baa6964e95582795cf4f282e"", ""9658a47149b0ab24fc3f77d0f9fdaafaff266b273215443058230f74271f9549"", ""0a59a8a5defd9d4d8667a85f36f511c6a9d787070af1f561d8de7060399ebb0c""]","[""b73b922f4af1b2a2e4a3167943581b60aef9cf2340f022877c17699262b879eb"", ""c157b426dd7167bc1359eecf26ec5fbc98b35e4202a41de9d6650964f9df3c17"", ""75607eba04e4875b1dd4b218186a8a81de822a26baa6964e95582795cf4f282e"", ""9658a47149b0ab24fc3f77d0f9fdaafaff266b273215443058230f74271f9549"", ""a39440f627d72dfbfc52ba5e4663f2857cfc04e4e8a0f1497e74d63990542df0""]",0.5,0.36907024642854247,,,,Data Strategy Associate,"Associate General Counsel, Commercial | Data Strategy Associate | Deployment Logistics Lead | AI Data Operations Manager | Lead, Data Operations Global Expansion","Lead, Data Operations Global Expansion | Data Strategy Associate | AI Data Operations Manager | Helix AI Engineer, Data Infrastructure | Associate General Counsel, Commercial","Data Strategy Associate | Lead, Data Operations Global Expansion | Associate General Counsel, Commercial | AI Data Operations Manager | Helix AI Engineer, Data Infrastructure","Data Strategy Associate | Lead, Data Operations Global Expansion | Associate General Counsel, Commercial | AI Data Operations Manager | Deployment Logistics Lead"
official-16-4,Find roles focused on Helix Data Creator,"{""1f9f2467de3e4708c9577641bda5d53235417f44365da66ec663e0915b9106e5"": 3}","[""23731858c455419d59ce5792533ec8a179c6327cdadbcf49ea15e73c1c081bba"", ""1f9f2467de3e4708c9577641bda5d53235417f44365da66ec663e0915b9106e5"", ""b77e6b3d7caede0bfbcf4d62df9841a707956651099051cf4de62dd3a2a3599e"", ""0a59a8a5defd9d4d8667a85f36f511c6a9d787070af1f561d8de7060399ebb0c"", ""66a4c6d7e0904dd601e4054abef7eee96e6301da500323e2300ed9648b004074""]","[""1f9f2467de3e4708c9577641bda5d53235417f44365da66ec663e0915b9106e5"", ""23731858c455419d59ce5792533ec8a179c6327cdadbcf49ea15e73c1c081bba"", ""79f5841c81f7ac714712f4d3ef1979d7e41748673024dfc15606019cd63d3958"", ""0a0fc1829659ebd979c603141aaea41d021b93f09dc893d3d9bbd68efaeefbdc"", ""c1c05a8ba13a2926c42f725703c98fe23d061fca1b941341c82c68fd09fc1527""]","[""23731858c455419d59ce5792533ec8a179c6327cdadbcf49ea15e73c1c081bba"", ""1f9f2467de3e4708c9577641bda5d53235417f44365da66ec663e0915b9106e5"", ""0a59a8a5defd9d4d8667a85f36f511c6a9d787070af1f561d8de7060399ebb0c"", ""b77e6b3d7caede0bfbcf4d62df9841a707956651099051cf4de62dd3a2a3599e"", ""79f5841c81f7ac714712f4d3ef1979d7e41748673024dfc15606019cd63d3958""]","[""1f9f2467de3e4708c9577641bda5d53235417f44365da66ec663e0915b9106e5"", ""23731858c455419d59ce5792533ec8a179c6327cdadbcf49ea15e73c1c081bba"", ""0a59a8a5defd9d4d8667a85f36f511c6a9d787070af1f561d8de7060399ebb0c"", ""79f5841c81f7ac714712f4d3ef1979d7e41748673024dfc15606019cd63d3958"", ""66a4c6d7e0904dd601e4054abef7eee96e6301da500323e2300ed9648b004074""]",0.5,0.36907024642854247,,,,Helix Data Creator,"Helix Data Creator | Helix Data Creator | Humanoid Robot Operator & Data Creator — Fontana, CA (Customer Site) | Helix AI Engineer, Data Infrastructure | Helix AI Engineer, Training Performance","Helix Data Creator | Helix Data Creator | Helix AI Engineer, Generative AI | Helix AI Engineer, Modeling | Helix AI Engineer, Reinforcement Learning","Helix Data Creator | Helix Data Creator | Helix AI Engineer, Data Infrastructure | Humanoid Robot Operator & Data Creator — Fontana, CA (Customer Site) | Helix AI Engineer, Generative AI","Helix Data Creator | Helix Data Creator | Helix AI Engineer, Data Infrastructure | Helix AI Engineer, Generative AI | Helix AI Engineer, Training Performance"
official-24-1,State Estimation Engineer - Data Collection Systems,"{""819b7ab25d3641d3878a4f6e2dea005077f29528535c8a8aec9f727d904ed3c6"": 3}","[""b9e710fd1e21f126e880ef384cb63538083b0cd62695ed14e8a82e9d7ea2de46"", ""819b7ab25d3641d3878a4f6e2dea005077f29528535c8a8aec9f727d904ed3c6"", ""79f5841c81f7ac714712f4d3ef1979d7e41748673024dfc15606019cd63d3958"", ""c157b426dd7167bc1359eecf26ec5fbc98b35e4202a41de9d6650964f9df3c17"", ""e06e31c66b7ffa4e84f45cff09e46a9f58c4828c0a53239e6022a8011e6731c7""]","[""819b7ab25d3641d3878a4f6e2dea005077f29528535c8a8aec9f727d904ed3c6"", ""e06e31c66b7ffa4e84f45cff09e46a9f58c4828c0a53239e6022a8011e6731c7"", ""b73b922f4af1b2a2e4a3167943581b60aef9cf2340f022877c17699262b879eb"", ""a348c6f5c005df2d721f2c06b4c51aa3c9caafade8e604315110fc5b4ed822b5"", ""b9e710fd1e21f126e880ef384cb63538083b0cd62695ed14e8a82e9d7ea2de46""]","[""819b7ab25d3641d3878a4f6e2dea005077f29528535c8a8aec9f727d904ed3c6"", ""b9e710fd1e21f126e880ef384cb63538083b0cd62695ed14e8a82e9d7ea2de46"", ""e06e31c66b7ffa4e84f45cff09e46a9f58c4828c0a53239e6022a8011e6731c7"", ""b73b922f4af1b2a2e4a3167943581b60aef9cf2340f022877c17699262b879eb"", ""79f5841c81f7ac714712f4d3ef1979d7e41748673024dfc15606019cd63d3958""]","[""819b7ab25d3641d3878a4f6e2dea005077f29528535c8a8aec9f727d904ed3c6"", ""b9e710fd1e21f126e880ef384cb63538083b0cd62695ed14e8a82e9d7ea2de46"", ""e06e31c66b7ffa4e84f45cff09e46a9f58c4828c0a53239e6022a8011e6731c7"", ""a39440f627d72dfbfc52ba5e4663f2857cfc04e4e8a0f1497e74d63990542df0"", ""9658a47149b0ab24fc3f77d0f9fdaafaff266b273215443058230f74271f9549""]",0.5,0.36907024642854247,,,,State Estimation Engineer - Data Collection Systems,"Helix AI Engineer, Localization and Mapping | State Estimation Engineer - Data Collection Systems | Helix AI Engineer, Generative AI | Lead, Data Operations Global Expansion | Deployment Engineer (Data Collection)","State Estimation Engineer - Data Collection Systems | Deployment Engineer (Data Collection) | Data Strategy Associate | Software Engineer, Manufacturing Systems | Helix AI Engineer, Localization and Mapping","State Estimation Engineer - Data Collection Systems | Helix AI Engineer, Localization and Mapping | Deployment Engineer (Data Collection) | Data Strategy Associate | Helix AI Engineer, Generative AI","State Estimation Engineer - Data Collection Systems | Helix AI Engineer, Localization and Mapping | Deployment Engineer (Data Collection) | Deployment Logistics Lead | AI Data Operations Manager"
official-12-4,"Find roles focused on Helix AI Engineer, Robot Learning","{""0a8ae0080aed861331479e76665c99325ed73c480103a34202fab31735988354"": 3}","[""0a59a8a5defd9d4d8667a85f36f511c6a9d787070af1f561d8de7060399ebb0c"", ""23731858c455419d59ce5792533ec8a179c6327cdadbcf49ea15e73c1c081bba"", ""0a8ae0080aed861331479e76665c99325ed73c480103a34202fab31735988354"", ""c1c05a8ba13a2926c42f725703c98fe23d061fca1b941341c82c68fd09fc1527"", ""0a0fc1829659ebd979c603141aaea41d021b93f09dc893d3d9bbd68efaeefbdc""]","[""0a8ae0080aed861331479e76665c99325ed73c480103a34202fab31735988354"", ""0a0fc1829659ebd979c603141aaea41d021b93f09dc893d3d9bbd68efaeefbdc"", ""c1c05a8ba13a2926c42f725703c98fe23d061fca1b941341c82c68fd09fc1527"", ""79f5841c81f7ac714712f4d3ef1979d7e41748673024dfc15606019cd63d3958"", ""02f16aa9d32c2123cc848e69fa4f5a6acc5eaa789f5291dd40f0f63379c39974""]","[""0a8ae0080aed861331479e76665c99325ed73c480103a34202fab31735988354"", ""0a0fc1829659ebd979c603141aaea41d021b93f09dc893d3d9bbd68efaeefbdc"", ""c1c05a8ba13a2926c42f725703c98fe23d061fca1b941341c82c68fd09fc1527"", ""23731858c455419d59ce5792533ec8a179c6327cdadbcf49ea15e73c1c081bba"", ""02f16aa9d32c2123cc848e69fa4f5a6acc5eaa789f5291dd40f0f63379c39974""]","[""0a8ae0080aed861331479e76665c99325ed73c480103a34202fab31735988354"", ""79f5841c81f7ac714712f4d3ef1979d7e41748673024dfc15606019cd63d3958"", ""c1c05a8ba13a2926c42f725703c98fe23d061fca1b941341c82c68fd09fc1527"", ""0a0fc1829659ebd979c603141aaea41d021b93f09dc893d3d9bbd68efaeefbdc"", ""ea07724278be54b49fb0ffb4f22d5faf0b148d07979bb36082323bafa66fc448""]",0.6666666666666667,0.5,,,,"Helix AI Engineer, Robot Learning","Helix AI Engineer, Data Infrastructure | Helix Data Creator | Helix AI Engineer, Robot Learning | Helix AI Engineer, Reinforcement Learning | Helix AI Engineer, Modeling","Helix AI Engineer, Robot Learning | Helix AI Engineer, Modeling | Helix AI Engineer, Reinforcement Learning | Helix AI Engineer, Generative AI | Helix AI Engineer, Video Pretraining","Helix AI Engineer, Robot Learning | Helix AI Engineer, Modeling | Helix AI Engineer, Reinforcement Learning | Helix Data Creator | Helix AI Engineer, Video Pretraining","Helix AI Engineer, Robot Learning | Helix AI Engineer, Generative AI | Helix AI Engineer, Reinforcement Learning | Helix AI Engineer, Modeling | Helix AI Engineer, Pretraining"
official-04-4,Find roles focused on Deployment Engineer (Data Collection),"{""e06e31c66b7ffa4e84f45cff09e46a9f58c4828c0a53239e6022a8011e6731c7"": 3}","[""b73b922f4af1b2a2e4a3167943581b60aef9cf2340f022877c17699262b879eb"", ""23731858c455419d59ce5792533ec8a179c6327cdadbcf49ea15e73c1c081bba"", ""b77e6b3d7caede0bfbcf4d62df9841a707956651099051cf4de62dd3a2a3599e"", ""1f9f2467de3e4708c9577641bda5d53235417f44365da66ec663e0915b9106e5"", ""7e180bb84925d86b67a37d44448c9e76ee9559555a0a794046a80088ba50abbe""]","[""e06e31c66b7ffa4e84f45cff09e46a9f58c4828c0a53239e6022a8011e6731c7"", ""b73b922f4af1b2a2e4a3167943581b60aef9cf2340f022877c17699262b879eb"", ""7e180bb84925d86b67a37d44448c9e76ee9559555a0a794046a80088ba50abbe"", ""0510f179c62b00682e302dc68cd73707b475417d78001a1955e46bb5361b8242"", ""819b7ab25d3641d3878a4f6e2dea005077f29528535c8a8aec9f727d904ed3c6""]","[""b73b922f4af1b2a2e4a3167943581b60aef9cf2340f022877c17699262b879eb"", ""7e180bb84925d86b67a37d44448c9e76ee9559555a0a794046a80088ba50abbe"", ""e06e31c66b7ffa4e84f45cff09e46a9f58c4828c0a53239e6022a8011e6731c7"", ""0510f179c62b00682e302dc68cd73707b475417d78001a1955e46bb5361b8242"", ""a39440f627d72dfbfc52ba5e4663f2857cfc04e4e8a0f1497e74d63990542df0""]","[""e06e31c66b7ffa4e84f45cff09e46a9f58c4828c0a53239e6022a8011e6731c7"", ""7e180bb84925d86b67a37d44448c9e76ee9559555a0a794046a80088ba50abbe"", ""0510f179c62b00682e302dc68cd73707b475417d78001a1955e46bb5361b8242"", ""a39440f627d72dfbfc52ba5e4663f2857cfc04e4e8a0f1497e74d63990542df0"", ""b73b922f4af1b2a2e4a3167943581b60aef9cf2340f022877c17699262b879eb""]",0.875,0.6845351232142712,,,,Deployment Engineer (Data Collection),"Data Strategy Associate | Helix Data Creator | Humanoid Robot Operator & Data Creator — Fontana, CA (Customer Site) | Helix Data Creator | Deployment Engineer - Commercial Site Team",Deployment Engineer (Data Collection) | Data Strategy Associate | Deployment Engineer - Commercial Site Team | Deployment Engineer - Commercial Site Team | State Estimation Engineer - Data Collection Systems,Data Strategy Associate | Deployment Engineer - Commercial Site Team | Deployment Engineer (Data Collection) | Deployment Engineer - Commercial Site Team | Deployment Logistics Lead,Deployment Engineer (Data Collection) | Deployment Engineer - Commercial Site Team | Deployment Engineer - Commercial Site Team | Deployment Logistics Lead | Data Strategy Associate
